date,open,high,low,close,adj_close,volume,return,log_return,volatility_5d
2014-09-22 00:00:00+00:00,399.1000061035156,406.9159851074219,397.1300048828125,402.1520080566406,402.1520080566406,24127600,0.008352101649706567,0.008317415847792081,0.048559779598157514
2014-09-23 00:00:00+00:00,402.0920104980469,441.5570068359375,396.1969909667969,435.7909851074219,435.7909851074219,45099500,0.08364741783421215,0.08033258980830758,0.05805462410213896
2014-09-24 00:00:00+00:00,435.7510070800781,436.11199951171875,421.1319885253906,423.2049865722656,423.2049865722656,30627700,-0.028880814347395978,-0.029306072958098176,0.04547480204295195
2014-09-25 00:00:00+00:00,423.156005859375,423.5199890136719,409.4679870605469,411.5740051269531,411.5740051269531,26814400,-0.027483091679796234,-0.027867817193167922,0.04683182014221209
2014-09-26 00:00:00+00:00,411.4289855957031,414.93798828125,400.0090026855469,404.42498779296875,404.42498779296875,21460800,-0.017369943788794973,-0.0175225712651671,0.04589680207652081
2014-09-27 00:00:00+00:00,403.5559997558594,406.62298583984375,397.37200927734375,399.5199890136719,399.5199890136719,15029300,-0.012128327693262664,-0.012202475999442203,0.046195518377668804
2014-09-28 00:00:00+00:00,399.47100830078125,401.0169982910156,374.3320007324219,377.1809997558594,377.1809997558594,23613300,-0.055914572166871124,-0.05753862134517328,0.017533206650025362
2014-09-29 00:00:00+00:00,376.9280090332031,385.21099853515625,372.239990234375,375.4670104980469,375.4670104980469,32497700,-0.00454420890480145,-0.004554565208133669,0.02060972469845517
2014-09-30 00:00:00+00:00,376.0880126953125,390.97698974609375,373.4429931640625,386.9440002441406,386.9440002441406,34707300,0.030567238732558177,0.03010936786854685,0.031354246685617516
2014-10-01 00:00:00+00:00,387.427001953125,391.3789978027344,380.7799987792969,383.614990234375,383.614990234375,26229400,-0.008603337970520819,-0.008640560327416795,0.031238739672027508
2014-10-02 00:00:00+00:00,383.9880065917969,385.49700927734375,372.9460144042969,375.0719909667969,375.0719909667969,21777700,-0.0222697222086099,-0.022521436563615105,0.03171122288203396
2014-10-03 00:00:00+00:00,375.1809997558594,377.69500732421875,357.8590087890625,359.5119934082031,359.5119934082031,30901200,-0.04148536263261304,-0.042370445494222315,0.02666494118690696
2014-10-04 00:00:00+00:00,359.8919982910156,364.48699951171875,325.885986328125,328.8659973144531,328.8659973144531,47236500,-0.08524332054467354,-0.0890971731632362,0.043902409185408026
2014-10-05 00:00:00+00:00,328.9159851074219,341.8009948730469,289.2959899902344,320.510009765625,320.510009765625,83308096,-0.025408487399317115,-0.02573685720834996,0.03115058391070515
2014-10-06 00:00:00+00:00,320.3890075683594,345.1340026855469,302.55999755859375,330.0790100097656,330.0790100097656,79011800,0.02985554258083245,0.029418542484082596,0.04257391041125173
2014-10-07 00:00:00+00:00,330.5840148925781,339.24700927734375,320.48199462890625,336.18701171875,336.18701171875,49199900,0.018504665621736027,0.018335537549769843,0.04796277589337897
2014-10-08 00:00:00+00:00,336.1159973144531,354.364013671875,327.18798828125,352.94000244140625,352.94000244140625,54736300,0.04983235561959076,0.048630490107531996,0.054998142503431637
2014-10-09 00:00:00+00:00,352.74798583984375,382.72601318359375,347.68701171875,365.0260009765625,365.0260009765625,83641104,0.03424377642532228,0.03367050886515816,0.028223207886417998
2014-10-10 00:00:00+00:00,364.68701171875,375.0669860839844,352.9630126953125,361.56201171875,361.56201171875,43665700,-0.009489705523839986,-0.009535019685869594,0.02171502921447764
2014-10-11 00:00:00+00:00,361.36199951171875,367.1910095214844,355.95098876953125,362.29901123046875,362.29901123046875,13345200,0.002038376510340001,0.002036301839769173,0.023425158188425138
2014-10-12 00:00:00+00:00,362.6059875488281,379.4330139160156,356.1440124511719,378.54901123046875,378.54901123046875,17552800,0.04485245473017008,0.04387568380252533,0.02598977980921521
2014-10-13 00:00:00+00:00,377.9209899902344,397.22601318359375,368.8970031738281,390.41400146484375,390.41400146484375,35221400,0.03134333965318792,0.030862165749712976,0.02274732997896442
2014-10-14 00:00:00+00:00,391.6919860839844,411.697998046875,391.3240051269531,400.8699951171875,400.8699951171875,38491500,0.026781810112118443,0.02642945473533767,0.021888166265775545
2014-10-15 00:00:00+00:00,400.9549865722656,402.22698974609375,388.7659912109375,394.77301025390625,394.77301025390625,25267100,-0.015209381938149025,-0.015326230901940996,0.023825502329700043
2014-10-16 00:00:00+00:00,394.51800537109375,398.8070068359375,373.07000732421875,382.5559997558594,382.5559997558594,26990000,-0.030946924386216934,-0.031435894996154054,0.032431424353009046
2014-10-17 00:00:00+00:00,382.7560119628906,385.4779968261719,375.3890075683594,383.75799560546875,383.75799560546875,13600700,0.0031420128043384565,0.0031370869973757617,0.02667669593778306
2014-10-18 00:00:00+00:00,383.97601318359375,395.1579895019531,378.97100830078125,391.4419860839844,391.4419860839844,11416800,0.02002301076852442,0.01982518661870101,0.02409938434358348
2014-10-19 00:00:00+00:00,391.2539978027344,393.9389953613281,386.4570007324219,389.5459899902344,389.5459899902344,5914570,-0.004843619645193642,-0.004855387987120306,0.019270044244197544
2014-10-20 00:00:00+00:00,389.2309875488281,390.0840148925781,378.25201416015625,382.8450012207031,382.8450012207031,16419000,-0.01720204787552615,-0.017351722052715512,0.019541561018203295
2014-10-21 00:00:00+00:00,382.4209899902344,392.64599609375,380.8340148925781,386.4750061035156,386.4750061035156,14188900,0.009481656731152865,0.009436987957972875,0.01410511557144468
2014-10-22 00:00:00+00:00,386.1180114746094,388.57598876953125,382.2489929199219,383.1579895019531,383.1579895019531,11641300,-0.00858274545359361,-0.008619789324393464,0.014837140156969145
2014-10-23 00:00:00+00:00,382.9620056152344,385.0480041503906,356.4469909667969,358.4169921875,358.4169921875,26456900,-0.06457126822962156,-0.06675031813644425,0.029111335931920695
2014-10-24 00:00:00+00:00,358.59100341796875,364.3450012207031,353.30499267578125,358.3450012207031,358.3450012207031,15585700,-0.0002008581299606238,-0.00020087830465635576,0.029690537243387688
2014-10-25 00:00:00+00:00,358.6109924316406,359.8609924316406,342.87701416015625,347.27099609375,347.27099609375,18127500,-0.03090319409850706,-0.031390769190214725,0.030422718434939596
2014-10-26 00:00:00+00:00,347.48699951171875,359.22100830078125,343.9309997558594,354.7040100097656,354.7040100097656,11272500,0.02140407347467921,0.021178223352178425,0.033511493428524046
2014-10-27 00:00:00+00:00,354.7770080566406,358.6319885253906,349.8089904785156,352.989013671875,352.989013671875,13033000,-0.004835006905739236,-0.004846733365239283,0.03379308383141531
2014-10-28 00:00:00+00:00,353.2149963378906,359.9840087890625,352.6789855957031,357.6180114746094,357.6180114746094,7845880,0.013113716357861849,0.013028475982844394,0.020162922761003472
2014-10-29 00:00:00+00:00,357.0889892578125,357.8330078125,335.3429870605469,335.59100341796875,335.59100341796875,18192700,-0.061593676352636795,-0.06357224291092703,0.034669178248988894
2014-10-30 00:00:00+00:00,335.7090148925781,350.9129943847656,335.0719909667969,345.30499267578125,345.30499267578125,30177900,0.02894591678226255,0.028534896464091998,0.03705054996295654
2014-10-31 00:00:00+00:00,345.0090026855469,348.0450134277344,337.1419982910156,338.3210144042969,338.3210144042969,12545400,-0.020225535163465924,-0.02043287172521867,0.03542303155638343
2014-11-01 00:00:00+00:00,338.6499938964844,340.52899169921875,321.05499267578125,325.7489929199219,325.7489929199219,16677200,-0.037160037210550945,-0.037868067090557754,0.03737302245665191
2014-11-02 00:00:00+00:00,326.07501220703125,329.04998779296875,320.6260070800781,325.8919982910156,325.8919982910156,8603620,0.00043900479879277476,0.0004389084643792419,0.03528915178846294
2014-11-03 00:00:00+00:00,325.5690002441406,334.00201416015625,325.4809875488281,327.5539855957031,327.5539855957031,12948500,0.005099810100901436,0.005086850113011883,0.025368698634101128
2014-11-04 00:00:00+00:00,327.1610107421875,331.7669982910156,325.0769958496094,330.49200439453125,330.49200439453125,15655500,0.008969571209719529,0.008929583542813927,0.019829344600594687
2014-11-05 00:00:00+00:00,330.6830139160156,343.3689880371094,330.6830139160156,339.4859924316406,339.4859924316406,19817200,0.02721393533736638,0.02685022019464371,0.023761143185634406
2014-11-06 00:00:00+00:00,339.4580078125,352.96600341796875,338.42401123046875,349.2900085449219,349.2900085449219,18797000,0.02887900040604885,0.028469860439230645,0.01287974670547205
2014-11-07 00:00:00+00:00,349.8179931640625,352.73199462890625,341.7760009765625,342.4150085449219,342.4150085449219,16834200,-0.019682784596788183,-0.01987907050661142,0.01964084060921159
2014-11-08 00:00:00+00:00,342.15399169921875,347.0320129394531,342.15399169921875,345.4880065917969,345.4880065917969,8535470,0.008974484091493373,0.008934452738033633,0.01948025305019831
2014-11-09 00:00:00+00:00,345.3760070800781,363.6260070800781,344.2550048828125,363.2640075683594,363.2640075683594,24205600,0.0514518612438124,0.050171934079645264,0.026152677125604665
2014-11-10 00:00:00+00:00,362.2650146484375,374.8160095214844,357.5610046386719,366.92401123046875,366.92401123046875,30450100,0.010075326995947043,0.01002490925623583,0.025957234481021274
2014-11-11 00:00:00+00:00,365.85699462890625,371.30999755859375,363.7349853515625,367.69500732421875,367.69500732421875,15838900,0.0021012418652148757,0.002099037344141317,0.025346297471598587
2014-11-12 00:00:00+00:00,367.9849853515625,429.7179870605469,367.9849853515625,423.5610046386719,423.5610046386719,45783200,0.1519356972535466,0.14144374235950072,0.058442775279502084
2014-11-13 00:00:00+00:00,427.27301025390625,457.0929870605469,401.12298583984375,420.7349853515625,420.7349853515625,58945000,-0.00667204784236497,-0.006694405456441629,0.061048979301998575
2014-11-14 00:00:00+00:00,418.4169921875,419.25201416015625,384.78900146484375,397.8179931640625,397.8179931640625,29589200,-0.05446894835320326,-0.05600854991385603,0.07355564183296164
2014-11-15 00:00:00+00:00,399.6499938964844,405.52801513671875,371.00799560546875,376.13299560546875,376.13299560546875,15727500,-0.054509846038187426,-0.056051804516045835,0.08094971671122994
2014-11-16 00:00:00+00:00,374.7300109863281,390.79901123046875,374.60198974609375,387.8819885253906,387.8819885253906,11905600,0.03123627295980591,0.0307583475088815,0.0817078060760863
2014-11-17 00:00:00+00:00,388.3489990234375,410.1990051269531,377.50201416015625,387.4079895019531,387.4079895019531,41518800,-0.0012220186486088247,-0.00122276592224785,0.037680022094127665
2014-11-18 00:00:00+00:00,387.7850036621094,392.4020080566406,371.11700439453125,375.197998046875,375.197998046875,32222500,-0.031517139000605376,-0.032024492730085764,0.037508648458975447
2014-11-19 00:00:00+00:00,373.89599609375,386.4809875488281,373.89599609375,380.55499267578125,380.55499267578125,18931800,0.01427778041672001,0.014176812837002903,0.03507953416733435
2014-11-20 00:00:00+00:00,380.3070068359375,382.0249938964844,356.781005859375,357.8399963378906,357.8399963378906,25233200,-0.059689129758029424,-0.061544745368212604,0.03696192623839647
2014-11-21 00:00:00+00:00,357.8789978027344,357.8789978027344,344.11199951171875,350.8479919433594,350.8479919433594,29850100,-0.019539471456759827,-0.019732890613733702,0.029117179051500002
2014-11-22 00:00:00+00:00,351.60400390625,364.84100341796875,350.87799072265625,352.9200134277344,352.9200134277344,15273000,0.005905752724699953,0.0058883821245041875,0.030412746884532868
2014-11-23 00:00:00+00:00,353.17498779296875,370.8450012207031,353.17498779296875,367.572998046875,367.572998046875,15151600,0.04151927933138033,0.04068049266746527,0.03867618137725451
2014-11-24 00:00:00+00:00,366.947998046875,387.2090148925781,366.66900634765625,376.9010009765625,376.9010009765625,30930100,0.02537728010287066,0.02506062301536968,0.04023722062343147
2014-11-25 00:00:00+00:00,376.885986328125,394.70098876953125,374.78399658203125,375.3479919433594,375.3479919433594,25442200,-0.004120469378375846,-0.004128981904106339,0.023810169109063296
2014-11-26 00:00:00+00:00,376.0190124511719,377.697998046875,365.8160095214844,368.3699951171875,368.3699951171875,18601700,-0.01859073972939984,-0.018765719594816287,0.023514862336730197
2014-11-27 00:00:00+00:00,370.50201416015625,373.99200439453125,368.2820129394531,369.6700134277344,369.6700134277344,8748030,0.0035291102092429583,0.003522897512379116,0.02363538780360415
2014-11-28 00:00:00+00:00,369.3739929199219,382.8380126953125,358.4549865722656,376.4469909667969,376.4469909667969,22946500,0.018332505458648285,0.018166490984887675,0.017506088853673427
2014-11-29 00:00:00+00:00,376.1520080566406,387.60101318359375,372.1449890136719,375.4909973144531,375.4909973144531,15375600,-0.0025395173166042895,-0.0025427473603651814,0.013372442726607696
2014-11-30 00:00:00+00:00,375.510009765625,382.5270080566406,373.3089904785156,378.0469970703125,378.0469970703125,9194440,0.0068070866522502715,0.006784023042740145,0.013572082376153176
2014-12-01 00:00:00+00:00,378.2489929199219,383.6619873046875,376.66900634765625,379.2449951171875,379.2449951171875,11763000,0.0031689130085912343,0.003163902586034823,0.007675158807595415
2014-12-02 00:00:00+00:00,379.25,384.0379943847656,377.8630065917969,381.31500244140625,381.31500244140625,12364100,0.005458232411423403,0.005443390244398497,0.0075789828025382465
2014-12-03 00:00:00+00:00,381.72198486328125,383.0260009765625,374.34600830078125,375.010009765625,375.010009765625,13340100,-0.01653486654186942,-0.01667309327292109,0.00958117882973155
2014-12-04 00:00:00+00:00,375.7179870605469,378.6549987792969,367.7590026855469,369.60400390625,369.60400390625,14529600,-0.014415630832770754,-0.014520545533967717,0.011451630292696625
2014-12-05 00:00:00+00:00,369.4419860839844,379.1919860839844,365.7560119628906,376.85400390625,376.85400390625,15181800,0.019615588368569137,0.01942568211280815,0.015031951180355507
2014-12-06 00:00:00+00:00,376.7569885253906,378.447998046875,370.94500732421875,374.7850036621094,374.7850036621094,7009320,-0.005490190425720742,-0.005505316911438858,0.014984535286588552
2014-12-07 00:00:00+00:00,374.83599853515625,376.2919921875,373.2749938964844,375.0950012207031,375.0950012207031,6491650,0.0008271343718790902,0.0008267924847559234,0.014518007432982365
2014-12-08 00:00:00+00:00,374.9649963378906,376.02899169921875,361.885986328125,361.90899658203125,361.90899658203125,18898700,-0.03515377329945624,-0.035786540910186744,0.020291440756642756
2014-12-09 00:00:00+00:00,361.8949890136719,363.0669860839844,344.95098876953125,352.218994140625,352.218994140625,32915500,-0.026774693453109233,-0.027139664971795558,0.022143526219541725
2014-12-10 00:00:00+00:00,352.2049865722656,352.3840026855469,346.364990234375,346.364990234375,346.364990234375,16427700,-0.016620352688625162,-0.016760020464782286,0.015046977076581983
2014-12-11 00:00:00+00:00,344.3399963378906,361.35699462890625,338.76300048828125,350.5060119628906,350.5060119628906,32431300,0.011955659045429279,0.011884754732860379,0.019640173516674412
2014-12-12 00:00:00+00:00,350.8330078125,352.9830017089844,349.2909851074219,352.5419921875,352.5419921875,16989800,0.0058086884536090455,0.005791883069589239,0.02063911154424221
2014-12-13 00:00:00+00:00,352.3810119628906,352.3810119628906,346.5880126953125,347.3760070800781,347.3760070800781,11675900,-0.014653531272593279,-0.014761954756862644,0.016387603770525914
2014-12-14 00:00:00+00:00,346.72698974609375,353.3160095214844,345.4179992675781,351.6319885253906,351.6319885253906,12415200,0.012251800235389965,0.012177354377937011,0.014329501255594138
2014-12-15 00:00:00+00:00,351.3609924316406,351.81500244140625,344.9339904785156,345.3450012207031,345.3450012207031,17264200,-0.017879452125651896,-0.01804122065223821,0.014703253710667247
2014-12-16 00:00:00+00:00,345.6730041503906,345.8590087890625,327.06201171875,327.06201171875,327.06201171875,30864900,-0.05294123105105797,-0.05439412969735232,0.026102926536974026
2014-12-17 00:00:00+00:00,326.8550109863281,333.9540100097656,315.1520080566406,319.7760009765625,319.7760009765625,37567900,-0.02227715381526163,-0.022529037468551814,0.023742402814635886
2014-12-18 00:00:00+00:00,319.7850036621094,323.7090148925781,304.23199462890625,311.39599609375,311.39599609375,39173000,-0.026205859280311383,-0.026555352175350936,0.02373861699740065
2014-12-19 00:00:00+00:00,311.1789855957031,318.5329895019531,306.7690124511719,317.8429870605469,317.8429870605469,23823100,0.020703512722289208,0.02049210790497289,0.02681212992228434
2014-12-20 00:00:00+00:00,317.6189880371094,330.32501220703125,316.04400634765625,329.95599365234375,329.95599365234375,20856700,0.03811003257872558,0.037401783536729974,0.037331936200517515
2014-12-21 00:00:00+00:00,329.5429992675781,329.6289978027344,318.90301513671875,320.8429870605469,320.8429870605469,15207600,-0.02761885453548918,-0.02800742641911091,0.03058703985842119
2014-12-22 00:00:00+00:00,321.0679931640625,334.11700439453125,320.42498779296875,331.885986328125,331.885986328125,22315100,0.034418702333968154,0.03383962868132819,0.032315670448057054
2014-12-23 00:00:00+00:00,332.0169982910156,336.2869873046875,329.60198974609375,334.5719909667969,334.5719909667969,16574200,0.00809315472578076,0.008060580781696913,0.026375480743613983
2014-12-24 00:00:00+00:00,334.385009765625,334.7409973144531,321.35699462890625,322.53399658203125,322.53399658203125,15092300,-0.0359802814036525,-0.036643529605327387,0.03425354165347296
2014-12-25 00:00:00+00:00,322.2860107421875,322.6700134277344,316.9580078125,319.00799560546875,319.00799560546875,9883640,-0.01093218393697526,-0.010992379373534256,0.028418173424352072
2014-12-26 00:00:00+00:00,319.1520080566406,331.42401123046875,316.62701416015625,327.92401123046875,327.92401123046875,16410500,0.027949191706237997,0.02756574140127263,0.028888726396790545
2014-12-27 00:00:00+00:00,327.5830078125,328.9110107421875,312.6300048828125,315.8630065917969,315.8630065917969,15185200,-0.036779876512901266,-0.03747331232117634,0.0282973558971626
2014-12-28 00:00:00+00:00,316.1600036621094,320.02801513671875,311.0780029296875,317.239013671875,317.239013671875,11676600,0.004356341361166027,0.004346879974207228,0.027751664897596368
2014-12-29 00:00:00+00:00,317.70098876953125,320.2669982910156,312.3070068359375,312.6700134277344,312.6700134277344,12302500,-0.014402390775512863,-0.014507111911498326,0.024090227879244117
2014-12-30 00:00:00+00:00,312.718994140625,314.8089904785156,309.37298583984375,310.73699951171875,310.73699951171875,12528300,-0.006182281104684106,-0.0062014705350289445,0.023947412118697258
2014-12-31 00:00:00+00:00,310.91400146484375,320.1929931640625,310.21099853515625,320.1929931640625,320.1929931640625,13942900,0.030430858466170996,0.029977023965103558,0.02478326176661889
2015-01-01 00:00:00+00:00,320.43499755859375,320.43499755859375,314.00299072265625,314.2489929199219,314.2489929199219,8036550,-0.01856380486469611,-0.018738274882211695,0.019444188588106464
2015-01-02 00:00:00+00:00,314.0790100097656,315.8389892578125,313.56500244140625,315.0320129394531,315.0320129394531,7860650,0.0024917184690256278,0.0024886192856885233,0.01933329511570623
2015-01-03 00:00:00+00:00,314.84600830078125,315.1499938964844,281.0820007324219,281.0820007324219,281.0820007324219,33054400,-0.10776686435849991,-0.11402781772464736,0.0548365931679275
2015-01-04 00:00:00+00:00,281.14599609375,287.2300109863281,257.61199951171875,264.19500732421875,264.19500732421875,55629100,-0.0600785299812876,-0.061958949741243954,0.05663826066872581
2015-01-05 00:00:00+00:00,265.0840148925781,278.34100341796875,265.0840148925781,274.4739990234375,274.4739990234375,43962800,0.03890683553533014,0.03816904066200965,0.05896629300013155
2015-01-06 00:00:00+00:00,274.6109924316406,287.5530090332031,272.6960144042969,286.1889953613281,286.1889953613281,23245700,0.04268162514326268,0.0417958802770686,0.06764156682025803
2015-01-07 00:00:00+00:00,286.0769958496094,298.7539978027344,283.0790100097656,294.3370056152344,294.3370056152344,24866800,0.028470732229305185,0.0280729729527459,0.07055088211299218
2015-01-08 00:00:00+00:00,294.135009765625,294.135009765625,282.17498779296875,283.3489990234375,283.3489990234375,19982500,-0.03733137995621494,-0.038046038508232904,0.04812839616119303
2015-01-09 00:00:00+00:00,282.38299560546875,291.114013671875,280.5329895019531,290.4079895019531,290.4079895019531,18718600,0.024912706601556422,0.02460744467252288,0.03261550608552115
2015-01-10 00:00:00+00:00,287.3030090332031,288.12701416015625,273.96600341796875,274.7959899902344,274.7959899902344,15264300,-0.05375884988044988,-0.05525782685593136,0.04370688534787923
2015-01-11 00:00:00+00:00,274.6080017089844,279.63800048828125,265.03900146484375,265.6600036621094,265.6600036621094,18200800,-0.03324643248414827,-0.03381165828602173,0.038502135827085865
2015-01-12 00:00:00+00:00,266.14599609375,272.2030029296875,265.20001220703125,267.7959899902344,267.7959899902344,18880300,0.00804030075540374,0.008008149758100299,0.03364433898302838
2015-01-13 00:00:00+00:00,267.3940124511719,268.2770080566406,219.906005859375,225.86099243164062,225.86099243164062,72843904,-0.1565930750498653,-0.17030572694913534,0.07678927049419013
2015-01-14 00:00:00+00:00,223.8939971923828,223.8939971923828,171.50999450683594,178.10299682617188,178.10299682617188,97638704,-0.21144862196566871,-0.23755771549530522,0.1023340208283291
2015-01-15 00:00:00+00:00,176.89700317382812,229.06700134277344,176.89700317382812,209.843994140625,209.843994140625,81773504,0.17821708719158869,0.164002352794029,0.15731977000798525
2015-01-16 00:00:00+00:00,209.07000732421875,221.59100341796875,199.77099609375,208.0970001220703,208.0970001220703,38421000,-0.00832520380537527,-0.008360051860799687,0.1585406134137728
2015-01-17 00:00:00+00:00,207.83399963378906,211.7310028076172,194.875,199.25999450683594,199.25999450683594,23469700,-0.04246580013191237,-0.043393840687305896,0.15557132840088467
2015-01-18 00:00:00+00:00,200.0500030517578,218.69500732421875,194.50599670410156,210.33900451660156,210.33900451660156,30085100,0.05560077444138223,0.05411005929718177,0.1476460202700471
2015-01-19 00:00:00+00:00,211.4709930419922,216.72799682617188,207.3179931640625,214.86099243164062,214.86099243164062,18658300,0.021498570488300173,0.02127073585047844,0.07935534453258791
2015-01-20 00:00:00+00:00,212.90699768066406,215.24099731445312,205.1529998779297,211.31500244140625,211.31500244140625,24051100,-0.016503647079460282,-0.016641349425745678,0.037418022120219156
2015-01-21 00:00:00+00:00,211.3780059814453,227.78799438476562,211.21200561523438,226.89700317382812,226.89700317382812,29924600,0.0737382606648691,0.07114626123199319,0.04771248406419821
2015-01-22 00:00:00+00:00,227.32200622558594,237.0189971923828,226.4340057373047,233.406005859375,233.406005859375,33544600,0.028687036825075563,0.02828326756390444,0.033598831984364724
2015-01-23 00:00:00+00:00,233.51699829101562,234.84500122070312,225.1959991455078,232.87899780273438,232.87899780273438,24621700,-0.0022579027249116645,-0.002260455630801953,0.03362899348181363
2015-01-24 00:00:00+00:00,232.6999969482422,248.2100067138672,230.02200317382812,247.8470001220703,247.8470001220703,24782500,0.06427373211222309,0.06229262485473296,0.038550676383613654
2015-01-25 00:00:00+00:00,247.3520050048828,255.07400512695312,243.88999938964844,253.71800231933594,253.71800231933594,33582700,0.02368800991891784,0.023411802380044453,0.030028251461396805
2015-01-26 00:00:00+00:00,254.07899475097656,309.3840026855469,254.07899475097656,273.4729919433594,273.4729919433594,106794000,0.07786199419605744,0.07497944406522498,0.031159173630223996
2015-01-27 00:00:00+00:00,273.1669921875,275.4800109863281,250.6529998779297,263.4750061035156,263.4750061035156,44399000,-0.03655931713327831,-0.03724435725045598,0.04611339176723143
2015-01-28 00:00:00+00:00,263.35101318359375,266.5350036621094,227.04600524902344,233.9149932861328,233.9149932861328,44352200,-0.11219285371519871,-0.11900073718364432,0.07999183971434567
2015-01-29 00:00:00+00:00,233.34800720214844,238.70599365234375,220.71200561523438,233.51300048828125,233.51300048828125,32213400,-0.001718542245643162,-0.0017200206333921858,0.07247671423760627
2015-01-30 00:00:00+00:00,232.77200317382812,242.8509979248047,225.83900451660156,226.4250030517578,226.4250030517578,26605200,-0.03035375941254781,-0.030823974429389264,0.06987986731084933
2015-01-31 00:00:00+00:00,226.4409942626953,233.50399780273438,216.3090057373047,217.46400451660156,217.46400451660156,23348200,-0.03957601154633916,-0.040380437381728564,0.043669894610131016
2015-02-01 00:00:00+00:00,216.86700439453125,231.57400512695312,212.01499938964844,226.9720001220703,226.9720001220703,29128500,0.043722158187070814,0.04279332203631927,0.05943071146651933
2015-02-02 00:00:00+00:00,226.49099731445312,242.1750030517578,222.65899658203125,238.22900390625,238.22900390625,30612100,0.04959644263664864,0.04840574994570224,0.04090002488510069
2015-02-03 00:00:00+00:00,237.45399475097656,245.95700073242188,224.48300170898438,227.26800537109375,227.26800537109375,40783700,-0.046010344481269505,-0.04710245086441019,0.046975409991959906
2015-02-04 00:00:00+00:00,227.51100158691406,230.05799865722656,221.11300659179688,226.85299682617188,226.85299682617188,26594300,-0.001826075536872085,-0.0018277448453036722,0.04479462314333803
2015-02-05 00:00:00+00:00,227.6649932861328,239.40499877929688,214.72500610351562,217.11099243164062,217.11099243164062,22516400,-0.042944129153365984,-0.0438935079933491,0.045613810205024766
2015-02-06 00:00:00+00:00,216.92300415039062,230.50999450683594,216.23199462890625,222.26600646972656,222.26600646972656,24435300,0.023743680503459652,0.02346618327569626,0.04169713605479116
2015-02-07 00:00:00+00:00,222.63299560546875,230.2989959716797,222.60699462890625,227.75399780273438,227.75399780273438,21604200,0.02469109613374587,0.0243911975438062,0.034963623271307746
2015-02-08 00:00:00+00:00,227.6929931640625,229.43800354003906,221.07699584960938,223.41200256347656,223.41200256347656,17145200,-0.01906440844572377,-0.01924847748019274,0.029101161293663313
2015-02-09 00:00:00+00:00,223.38900756835938,223.9770050048828,217.0189971923828,220.11000061035156,220.11000061035156,27791300,-0.01477987715627238,-0.01489018780860793,0.029505720959502407
2015-02-10 00:00:00+00:00,220.28199768066406,221.8070068359375,215.33200073242188,219.83900451660156,219.83900451660156,21115100,-0.0012311848303054873,-0.0012319433610069224,0.020664871412809472
2015-02-11 00:00:00+00:00,219.73199462890625,223.406005859375,218.07400512695312,219.18499755859375,219.18499755859375,17201900,-0.0029749359511789253,-0.002979369869067089,0.017018937333904877
2015-02-12 00:00:00+00:00,219.20799255371094,222.19900512695312,217.61399841308594,221.76400756835938,221.76400756835938,15206200,0.011766361924821833,0.01169767654801286,0.012220704808799523
2015-02-13 00:00:00+00:00,221.968994140625,240.25900268554688,221.26199340820312,235.427001953125,235.427001953125,42744400,0.061610513511999754,0.05978710744575146,0.029131787659523924
2015-02-14 00:00:00+00:00,235.5279998779297,259.8080139160156,235.5279998779297,257.3210144042969,257.3210144042969,49732500,0.09299703207166998,0.08892349379425551,0.0410780281408655
2015-02-15 00:00:00+00:00,257.5069885253906,265.6109924316406,227.6840057373047,234.8249969482422,234.8249969482422,56552400,-0.08742394206758974,-0.09148384584019954,0.06915045562746629
2015-02-16 00:00:00+00:00,234.8249969482422,239.52099609375,229.02200317382812,233.84300231933594,233.84300231933594,28153700,-0.004181814720187971,-0.00419058296067406,0.06922333854317905
2015-02-17 00:00:00+00:00,233.4219970703125,245.77499389648438,232.31399536132812,243.61000061035156,243.61000061035156,27363100,0.04176733190278581,0.04091862847771824,0.07031638186440448
2015-02-18 00:00:00+00:00,243.77999877929688,244.25100708007812,232.33999633789062,236.3260040283203,236.3260040283203,25200800,-0.02990023629482208,-0.03035636359272711,0.06871531944156213
2015-02-19 00:00:00+00:00,236.41000366210938,242.6719970703125,235.5919952392578,240.2830047607422,240.2830047607422,18270500,0.016743822791281504,0.01660519034172677,0.05079318178398068
2015-02-20 00:00:00+00:00,240.25100708007812,247.1009979248047,239.2989959716797,243.7790069580078,243.7790069580078,23876700,0.014549519225243168,0.014444690551578291,0.02654105645643581
2015-02-21 00:00:00+00:00,243.7519989013672,255.32000732421875,243.1840057373047,244.53399658203125,244.53399658203125,12284200,0.003097024774383117,0.003092238871982713,0.025933038475738777
2015-02-22 00:00:00+00:00,244.54400634765625,246.39199829101562,233.8509979248047,235.9770050048828,235.9770050048828,19527000,-0.03499305494022753,-0.035619980715916974,0.02490758739309172
2015-02-23 00:00:00+00:00,235.9949951171875,240.10899353027344,232.42100524902344,238.89199829101562,238.89199829101562,16400000,0.012352870086102197,0.012277195944320576,0.021737817345892693
2015-02-24 00:00:00+00:00,238.9980010986328,239.9010009765625,236.40199279785156,238.73500061035156,238.73500061035156,14200400,-0.0006571910394118641,-0.0006574070841032816,0.020185397101931634
2015-02-25 00:00:00+00:00,238.88999938964844,239.33999633789062,235.52999877929688,237.47000122070312,237.47000122070312,11496200,-0.005298759655745222,-0.005312847871439998,0.018167463807457197
2015-02-26 00:00:00+00:00,237.33700561523438,237.7100067138672,234.2570037841797,236.42599487304688,236.42599487304688,13619400,-0.00439637150919947,-0.004406063968623295,0.01760815799511199
2015-02-27 00:00:00+00:00,236.43600463867188,256.65301513671875,236.43600463867188,253.8280029296875,253.8280029296875,44013900,0.07360446158209011,0.07102164294766813,0.0323238938705747
2015-02-28 00:00:00+00:00,253.52000427246094,254.69200134277344,249.47900390625,254.26300048828125,254.26300048828125,13949300,0.0017137492852363767,0.001712282492500946,0.03285339935423028
2015-03-01 00:00:00+00:00,254.2830047607422,261.6600036621094,245.93299865722656,260.2019958496094,260.2019958496094,25213700,0.02335768613570588,0.023089070174587865,0.032190712727089454
2015-03-02 00:00:00+00:00,260.35699462890625,276.3009948730469,258.31298828125,275.6700134277344,275.6700134277344,40465700,0.059446191131697246,0.05774631039705618,0.033482182010171224
2015-03-03 00:00:00+00:00,275.0459899902344,285.7959899902344,268.1610107421875,281.7019958496094,281.7019958496094,50461300,0.02188116997881684,0.021645212985012714,0.028474712097004317
2015-03-04 00:00:00+00:00,281.989990234375,284.2250061035156,268.1260070800781,273.0920104980469,273.0920104980469,41383000,-0.030564161697168357,-0.03104098668249274,0.03252880167305975
2015-03-05 00:00:00+00:00,272.739013671875,281.6669921875,264.7690124511719,276.1780090332031,276.1780090332031,41302400,0.011300215372570532,0.011236844892019125,0.0318550905397691
2015-03-06 00:00:00+00:00,275.6000061035156,277.6080017089844,270.0150146484375,272.7229919433594,272.7229919433594,28918900,-0.012510109338315867,-0.012589019563885341,0.03394729500973551
2015-03-07 00:00:00+00:00,272.29400634765625,277.85400390625,270.13299560546875,276.260986328125,276.260986328125,17825900,0.012972849702017175,0.012889423033744005,0.021691174700160853
2015-03-08 00:00:00+00:00,276.4330139160156,277.8580017089844,272.56500244140625,274.35400390625,274.35400390625,22067900,-0.006902829267430466,-0.006926764001895432,0.01818444353016192
2015-03-09 00:00:00+00:00,274.81201171875,292.70098876953125,273.89300537109375,289.60699462890625,289.60699462890625,59178200,0.0555960201254011,0.05410555539115711,0.02615704418393847
2015-03-10 00:00:00+00:00,289.86199951171875,300.04400634765625,289.7430114746094,291.760009765625,291.760009765625,67770800,0.007434264975117566,0.007406767027843437,0.026231556657962177
2015-03-11 00:00:00+00:00,291.5249938964844,297.3909912109375,290.50799560546875,296.3789978027344,296.3789978027344,33963900,0.01583146381445455,0.015707453323950217,0.022689475570087585
2015-03-12 00:00:00+00:00,296.12701416015625,297.0880126953125,292.4129943847656,294.35400390625,294.35400390625,32585200,-0.006832447344437664,-0.006855895378802532,0.025095443941210868
2015-03-13 00:00:00+00:00,294.1180114746094,294.49798583984375,285.3370056152344,285.3370056152344,285.3370056152344,31421500,-0.03063317696159995,-0.0311121803793417,0.03136808605484529
2015-03-14 00:00:00+00:00,284.4419860839844,286.3420104980469,280.97601318359375,281.885009765625,281.885009765625,22612300,-0.012097960592830526,-0.01217173654759659,0.018156472699993573
2015-03-15 00:00:00+00:00,281.42498779296875,286.52899169921875,280.9960021972656,286.39300537109375,286.39300537109375,11970100,0.015992321156832467,0.01586579121122548,0.019953860359040503
2015-03-16 00:00:00+00:00,285.68499755859375,294.11199951171875,285.68499755859375,290.5929870605469,290.5929870605469,21516100,0.014665098695448187,0.014558606023415802,0.019679043814448693
2015-03-17 00:00:00+00:00,290.5950012207031,292.364990234375,284.3739929199219,285.5050048828125,285.5050048828125,21497200,-0.01750896409855296,-0.017664059044773035,0.02064870751885958
2015-03-18 00:00:00+00:00,285.0669860839844,285.33599853515625,249.8699951171875,256.29901123046875,256.29901123046875,57008000,-0.10229590778743636,-0.10791478367740183,0.0506598094121894
2015-03-19 00:00:00+00:00,255.8800048828125,264.2439880371094,248.63600158691406,260.9280090332031,260.9280090332031,52732000,0.018060927275961758,0.017899766313779417,0.05373090451830508
2015-03-20 00:00:00+00:00,260.95599365234375,264.8479919433594,259.1619873046875,261.7489929199219,261.7489929199219,18456700,0.003146399996537985,0.0031414604385734918,0.05215505365976206
2015-03-21 00:00:00+00:00,261.6440124511719,262.1960144042969,255.64999389648438,260.0249938964844,260.0249938964844,17130100,-0.006586459050732407,-0.006608245488491631,0.04965097766012955
2015-03-22 00:00:00+00:00,259.9169921875,269.74700927734375,259.5899963378906,267.9599914550781,267.9599914550781,18438100,0.03051628783713256,0.030059926984876507,0.05504242047300869
2015-03-23 00:00:00+00:00,267.8949890136719,277.2969970703125,261.7449951171875,266.739990234375,266.739990234375,22811900,-0.004552923046751367,-0.004563319168047861,0.015648386430765243
2015-03-24 00:00:00+00:00,266.5769958496094,267.00299072265625,244.15499877929688,245.59500122070312,245.59500122070312,40073700,-0.07927191192851335,-0.082590521853266,0.04202866706046617
2015-03-25 00:00:00+00:00,247.4720001220703,249.19000244140625,236.51499938964844,246.19700622558594,246.19700622558594,35866900,0.0024512103336411517,0.0024482110178939095,0.04196686429864695
2015-03-26 00:00:00+00:00,246.2760009765625,254.35400390625,244.90499877929688,248.53199768066406,248.53199768066406,25730000,0.00948423984058766,0.009439546802021883,0.0431045150222154
2015-03-27 00:00:00+00:00,248.5659942626953,256.8110046386719,245.21299743652344,247.0290069580078,247.0290069580078,17274900,-0.006047473712368467,-0.006065833740133761,0.03758635111023041
2015-03-28 00:00:00+00:00,246.97500610351562,254.2050018310547,246.97500610351562,252.79800415039062,252.79800415039062,16040900,0.023353521367486474,0.023085000457077995,0.04156205884551057
2015-03-29 00:00:00+00:00,252.74000549316406,253.13900756835938,240.85000610351562,242.71299743652344,242.71299743652344,21699400,-0.039893537719022376,-0.04071110245965527,0.023949616417992377
2015-03-30 00:00:00+00:00,242.87899780273438,249.24200439453125,239.21400451660156,247.5260009765625,247.5260009765625,23009600,0.019830019780040065,0.01963596613450928,0.025961438123347363
2015-03-31 00:00:00+00:00,247.45399475097656,248.72999572753906,242.73899841308594,244.2239990234375,244.2239990234375,22672000,-0.013340020604290626,-0.013429797994592731,0.02613372186957953
2015-04-01 00:00:00+00:00,244.22300720214844,247.54100036621094,241.16000366210938,247.27200317382812,247.27200317382812,22877200,0.012480362956050595,0.012403125199171193,0.02697167927410378
2015-04-02 00:00:00+00:00,247.08900451660156,254.46099853515625,245.41600036621094,253.0050048828125,253.0050048828125,26272600,0.023185001275515038,0.022920312531111483,0.026936818461704214
2015-04-03 00:00:00+00:00,253.07400512695312,256.0429992675781,251.87899780273438,254.32200622558594,254.32200622558594,23146600,0.005205435929551916,0.005191934481623315,0.014452375224624614
2015-04-04 00:00:00+00:00,254.29100036621094,255.25799560546875,251.10000610351562,253.69700622558594,253.69700622558594,12493500,-0.002457514429347607,-0.0024605390743548295,0.013885871240628131
2015-04-05 00:00:00+00:00,253.76100158691406,260.67498779296875,251.94200134277344,260.5979919433594,260.5979919433594,19649200,0.027201683695223133,0.02683829306360957,0.012147624113013556
2015-04-06 00:00:00+00:00,260.72100830078125,261.7980041503906,254.5749969482422,255.49200439453125,255.49200439453125,20034200,-0.0195933495525088,-0.019787843949012902,0.019080865351556314
2015-04-07 00:00:00+00:00,255.2740020751953,255.80499267578125,252.2050018310547,253.17999267578125,253.17999267578125,18467400,-0.009049252731916368,-0.009090445919442811,0.017517161439038864
2015-04-08 00:00:00+00:00,253.06399536132812,253.8470001220703,244.21499633789062,245.02200317382812,245.02200317382812,30086400,-0.03222209391719244,-0.03275265389486289,0.022336738290077245
2015-04-09 00:00:00+00:00,244.75100708007812,246.1179962158203,239.39999389648438,243.67599487304688,243.67599487304688,21643500,-0.005493418074075329,-0.00550856238328955,0.022207723832194114
2015-04-10 00:00:00+00:00,243.69400024414062,243.69400024414062,232.77099609375,236.07200622558594,236.07200622558594,28882000,-0.031205325134396444,-0.031702583387589446,0.012533730815302582
2015-04-11 00:00:00+00:00,236.01600646972656,239.53700256347656,234.1750030517578,236.552001953125,236.552001953125,16365200,0.002033259831241363,0.0020311955561355304,0.015877549443950926
2015-04-12 00:00:00+00:00,236.53500366210938,237.72799682617188,233.4949951171875,236.1529998779297,236.1529998779297,12387900,-0.0016867414855967766,-0.0016881656356903948,0.01692409327519198
2015-04-13 00:00:00+00:00,235.9499969482422,236.93499755859375,221.99600219726562,224.58700561523438,224.58700561523438,31181800,-0.04897669844835306,-0.05021671457956225,0.02262376293048653
2015-04-14 00:00:00+00:00,224.75900268554688,224.9759979248047,216.322998046875,219.15899658203125,219.15899658203125,31719000,-0.024168847250684022,-0.024465706767396074,0.02169872460737222
2015-04-15 00:00:00+00:00,219.072998046875,223.83299255371094,218.6490020751953,223.83299255371094,223.83299255371094,22562000,0.02132696373215137,0.02110272663610571,0.027412412632196296
2015-04-16 00:00:00+00:00,223.91700744628906,229.6719970703125,223.91700744628906,228.572998046875,228.572998046875,24805400,0.02117652737018494,0.02095542078043026,0.030708814548002412
2015-04-17 00:00:00+00:00,228.5749969482422,228.906005859375,221.94200134277344,222.8820037841797,222.8820037841797,20429800,-0.0248979289387814,-0.025213125195807665,0.03150957273971921
2015-04-18 00:00:00+00:00,222.85299682617188,224.3159942626953,220.87600708007812,223.3560028076172,223.3560028076172,12939000,0.0021266814520228827,0.0021244232660850323,0.02300651330564547
2015-04-19 00:00:00+00:00,223.45599365234375,226.35299682617188,222.3730010986328,222.60000610351562,222.60000610351562,15021500,-0.0033847163031150984,-0.003390457413689029,0.019284863335745823
2015-04-20 00:00:00+00:00,222.61199951171875,226.3509979248047,221.9770050048828,224.62600708007812,224.62600708007812,18364700,0.00910153154093063,0.009060362216785637,0.01710576174887796
2015-04-21 00:00:00+00:00,224.6199951171875,235.2689971923828,224.30099487304688,235.2689971923828,235.2689971923828,24978000,0.04738093442808933,0.0462926999365405,0.026029184755028568
2015-04-22 00:00:00+00:00,235.6020050048828,237.90899658203125,233.4759979248047,234.17599487304688,234.17599487304688,23847900,-0.004645755847049293,-0.004656580910825517,0.021060166976903594
2015-04-23 00:00:00+00:00,234.05299377441406,236.47500610351562,233.19900512695312,236.46200561523438,236.46200561523438,17036000,0.00976193458012986,0.009714594733087079,0.020629992370083713
2015-04-24 00:00:00+00:00,235.97000122070312,236.30499267578125,229.93299865722656,231.26800537109375,231.26800537109375,21448700,-0.021965474878836044,-0.022210307810530832,0.02521209711071037
2015-04-25 00:00:00+00:00,231.23500061035156,232.56100463867188,226.33700561523438,226.38999938964844,226.38999938964844,13957200,-0.021092437640122474,-0.02131806137951217,0.02826035590332532
2015-04-26 00:00:00+00:00,226.41000366210938,226.94400024414062,214.87399291992188,219.42999267578125,219.42999267578125,28943700,-0.03074343713340466,-0.031225931376802334,0.016335229748755283
2015-04-27 00:00:00+00:00,219.4290008544922,233.30499267578125,218.0229949951172,229.28599548339844,229.28599548339844,38574000,0.04491638853663882,0.043936871246002325,0.031058704031866058
2015-04-28 00:00:00+00:00,228.968994140625,229.4949951171875,223.06900024414062,225.85499572753906,225.85499572753906,21469200,-0.014963843511793584,-0.01507693138911128,0.03024615822866028
2015-04-29 00:00:00+00:00,225.59100341796875,227.0399932861328,223.42999267578125,225.80799865722656,225.80799865722656,18936500,-0.00020808514844272707,-0.00020810680116101977,0.029466749463328203
2015-04-30 00:00:00+00:00,225.6929931640625,239.56300354003906,224.9929962158203,236.14500427246094,236.14500427246094,33818600,0.04577785409154522,0.04476096650210979,0.03457044390301981
2015-05-01 00:00:00+00:00,235.93899536132812,238.96600341796875,232.07899475097656,232.07899475097656,232.07899475097656,18815300,-0.017218274568252423,-0.01736823289978208,0.030962908331286544
2015-05-02 00:00:00+00:00,232.34100341796875,235.7270050048828,232.34100341796875,234.92999267578125,234.92999267578125,12535500,0.012284601318028887,0.012209757927328984,0.025314853772430077
2015-05-03 00:00:00+00:00,234.8800048828125,243.24000549316406,234.08299255371094,240.35800170898438,240.35800170898438,18494100,0.023104793778690125,0.022841919434434907,0.02345955511953382
2015-05-04 00:00:00+00:00,240.3560028076172,242.63800048828125,237.80999755859375,239.01800537109375,239.01800537109375,21223400,-0.0055750019902105485,-0.005590600314613073,0.024294108149722507
2015-05-05 00:00:00+00:00,238.8520050048828,239.20399475097656,232.0540008544922,236.12100219726562,236.12100219726562,23929100,-0.012120439082948242,-0.012194490570728496,0.016973842610856563
2015-05-06 00:00:00+00:00,236.24899291992188,236.45399475097656,229.2310028076172,229.78199768066406,229.78199768066406,29587200,-0.026846423899665184,-0.02721337153245333,0.0198215272357082
2015-05-07 00:00:00+00:00,229.66200256347656,239.10499572753906,228.572998046875,237.33399963378906,237.33399963378906,29064400,0.032865942629762834,0.032337406914244825,0.024835756348617122
2015-05-08 00:00:00+00:00,237.20399475097656,246.27499389648438,236.2740020751953,243.86300659179688,243.86300659179688,27445500,0.02750978354589817,0.0271381890420925,0.02579147007076137
2015-05-09 00:00:00+00:00,243.7689971923828,247.8040008544922,239.63900756835938,241.83200073242188,241.83200073242188,19790500,-0.008328470512031005,-0.00836334599719275,0.02604807765515971
2015-05-10 00:00:00+00:00,241.72900390625,244.0679931640625,238.8489990234375,240.29600524902344,240.29600524902344,15019100,-0.006351498059588678,-0.0063717546420386335,0.02535676231520761
2015-05-11 00:00:00+00:00,240.2989959716797,244.27000427246094,239.37600708007812,242.1580047607422,242.1580047607422,20892300,0.00774877430770915,0.007718906748170874,0.018721096070253084
2015-05-12 00:00:00+00:00,242.14500427246094,242.88099670410156,240.0989990234375,241.11199951171875,241.11199951171875,19282600,-0.004319515475265434,-0.004328871534384656,0.01479410539205963
2015-05-13 00:00:00+00:00,241.3979949951172,243.70399475097656,235.0449981689453,236.3769989013672,236.3769989013672,27180100,-0.019638179020291524,-0.019833570375609212,0.009846503331088491
2015-05-14 00:00:00+00:00,236.21400451660156,237.7989959716797,234.0570068359375,236.9290008544922,236.9290008544922,24413700,0.002335260857404098,0.002332538373417759,0.010414203465003234
2015-05-15 00:00:00+00:00,236.9550018310547,238.7530059814453,236.7949981689453,237.60499572753906,237.60499572753906,16329400,0.0028531537743750057,0.002849091256635625,0.010722442783750443
2015-05-16 00:00:00+00:00,237.6439971923828,237.69700622558594,235.2949981689453,236.1529998779297,236.1529998779297,11089700,-0.0061109651552713196,-0.006129713522271202,0.009180596188564729
2015-05-17 00:00:00+00:00,236.00999450683594,238.02499389648438,236.00999450683594,236.802001953125,236.802001953125,11134300,0.002748227105015877,0.002744457633568561,0.009835724594295669
2015-05-18 00:00:00+00:00,236.88699340820312,237.2100067138672,232.4600067138672,233.1280059814453,233.1280059814453,16780300,-0.015515054523934979,-0.015636672562722796,0.00813723304263344
2015-05-19 00:00:00+00:00,233.03700256347656,234.1510009765625,231.81700134277344,231.94700622558594,231.94700622558594,14241900,-0.005065885374378243,-0.005078760472612182,0.007635378390177409
2015-05-20 00:00:00+00:00,231.88999938964844,234.68299865722656,231.8419952392578,234.01800537109375,234.01800537109375,15499400,0.008928759974998757,0.008889134295103438,0.009329297964076862
2015-05-21 00:00:00+00:00,234.01600646972656,236.24200439453125,233.8350067138672,235.343994140625,235.343994140625,15108900,0.005666182682946053,0.005650190252098664,0.009828752430474005
2015-05-22 00:00:00+00:00,235.3209991455078,240.968994140625,235.05999755859375,240.34800720214844,240.34800720214844,27003000,0.021262548380705182,0.021039654392675935,0.013961758062339649
2015-05-23 00:00:00+00:00,240.28599548339844,241.02499389648438,238.6909942626953,238.8719940185547,238.8719940185547,14605000,-0.00614115007973548,-0.006160084501103912,0.011167591952445561
2015-05-24 00:00:00+00:00,238.9759979248047,241.97799682617188,238.81100463867188,240.9530029296875,240.9530029296875,11508000,0.008711816216392387,0.008674087312006046,0.009702832001386656
2015-05-25 00:00:00+00:00,240.927001953125,241.02099609375,236.63699340820312,237.11000061035156,237.11000061035156,14423900,-0.015949177941797066,-0.016077734830484965,0.014246163776213117
2015-05-26 00:00:00+00:00,237.10400390625,238.24200439453125,235.69200134277344,237.11599731445312,237.11599731445312,16425000,2.5290810535816277e-05,2.529049072865961e-05,0.014169457000207598
2015-05-27 00:00:00+00:00,237.06500244140625,238.63600158691406,236.69500732421875,237.2830047607422,237.2830047607422,18837000,0.0007043280427325715,0.0007040801201424068,0.009209128499850665
2015-05-28 00:00:00+00:00,237.2570037841797,237.82400512695312,236.65199279785156,237.4080047607422,237.4080047607422,13829600,0.0005267971051110543,0.0005266583962282316,0.009040857851916191
2015-05-29 00:00:00+00:00,237.3769989013672,237.52200317382812,235.7310028076172,237.0959930419922,237.0959930419922,14805000,-0.0013142426223767822,-0.0013151069966266735,0.007226988577290667
2015-05-30 00:00:00+00:00,237.0919952392578,237.09300231933594,232.04600524902344,233.34500122070312,233.34500122070312,14098600,-0.015820561845702352,-0.015947042706826734,0.007168895226035482
2015-05-31 00:00:00+00:00,233.13499450683594,233.2519989013672,229.54200744628906,230.19000244140625,230.19000244140625,14730800,-0.013520747231747232,-0.013612984892928127,0.008160362879388438
2015-06-01 00:00:00+00:00,230.23300170898438,231.71299743652344,221.29600524902344,222.92599487304688,222.92599487304688,26090500,-0.03155657279341828,-0.032065210637688614,0.013140704666876075
2015-06-02 00:00:00+00:00,222.8939971923828,226.41600036621094,222.41900634765625,225.80299377441406,225.80299377441406,20459000,0.012905623245084596,0.012823055324273793,0.016819712889265
2015-06-03 00:00:00+00:00,225.73599243164062,227.4040069580078,223.92999267578125,225.87399291992188,225.87399291992188,17752400,0.0003144296021988513,0.00031438017957116854,0.017044907171850494
2015-06-04 00:00:00+00:00,225.77200317382812,226.58099365234375,224.0540008544922,224.32400512695312,224.32400512695312,14728100,-0.006862179097875454,-0.006885832118475905,0.016692394405891955
2015-06-05 00:00:00+00:00,224.1540069580078,225.96800231933594,223.1790008544922,224.95199584960938,224.95199584960938,18056500,0.0027994806989151133,0.002795569450765387,0.016896532156460104
2015-06-06 00:00:00+00:00,225.0050048828125,225.718994140625,224.37899780273438,225.61900329589844,225.61900329589844,11131500,0.002965110150589645,0.0029607228818376284,0.0070655403780050165
2015-06-07 00:00:00+00:00,225.5959930419922,226.19400024414062,222.65199279785156,222.88099670410156,222.88099670410156,13318400,-0.012135531811591216,-0.012209768590979025,0.006694088913635346
2015-06-08 00:00:00+00:00,222.87899780273438,229.46400451660156,222.83900451660156,228.48899841308594,228.48899841308594,23378400,0.02516141704278896,0.024850080233436732,0.01417833854342209
2015-06-09 00:00:00+00:00,228.53799438476562,230.95399475097656,227.9290008544922,229.04800415039062,229.04800415039062,28353100,0.002446532398439949,0.002443544510369354,0.013250420532815083
2015-06-10 00:00:00+00:00,228.9949951171875,229.78199768066406,228.00999450683594,228.80299377441406,228.80299377441406,15904800,-0.0010696900716746782,-0.0010702625984199304,0.01346162791738721
2015-06-11 00:00:00+00:00,228.85499572753906,230.28700256347656,228.76699829101562,229.7050018310547,229.7050018310547,14416000,0.003942291321283875,0.003934540853908535,0.013460821060029307
2015-06-12 00:00:00+00:00,229.7050018310547,231.0570068359375,229.31300354003906,229.98199462890625,229.98199462890625,14017700,0.0012058631533644615,0.0012051366843483038,0.010545707348626008
2015-06-13 00:00:00+00:00,229.9199981689453,232.65199279785156,229.2100067138672,232.40199279785156,232.40199279785156,13305300,0.010522554919354388,0.010467578165980995,0.0043575164680337165
2015-06-14 00:00:00+00:00,232.44200134277344,234.85800170898438,232.00399780273438,233.54299926757812,233.54299926757812,12165900,0.0049096242936221834,0.004897611391449256,0.004361606578949671
2015-06-15 00:00:00+00:00,233.4219970703125,237.83599853515625,233.4219970703125,236.822998046875,236.822998046875,19912100,0.014044517667339163,0.013946807230271138,0.005186993717645529
2015-06-16 00:00:00+00:00,236.76499938964844,251.74200439453125,236.1219940185547,250.89500427246094,250.89500427246094,41612000,0.05941993109470145,0.0577215235200358,0.022935151712325467
2015-06-17 00:00:00+00:00,250.822998046875,256.8529968261719,246.4759979248047,249.28399658203125,249.28399658203125,43858400,-0.006421043316909625,-0.006441746888822008,0.024506804227670424
2015-06-18 00:00:00+00:00,249.42799377441406,252.10800170898438,244.1269989013672,249.0070037841797,249.0070037841797,30980200,-0.001111153550366062,-0.0011117713391535112,0.02569272034221552
2015-06-19 00:00:00+00:00,249.04299926757812,250.9770050048828,243.78700256347656,244.6060028076172,244.6060028076172,23965300,-0.017674205583297353,-0.017832259441455525,0.029404907671735512
2015-06-20 00:00:00+00:00,244.52999877929688,245.8280029296875,240.6269989013672,245.21200561523438,245.21200561523438,20608100,0.0024774649872096877,0.002474401130183899,0.02939502205790918
2015-06-21 00:00:00+00:00,245.10000610351562,245.2239990234375,241.8820037841797,243.94400024414062,243.94400024414062,10600900,-0.005171057460715778,-0.0051844736489190454,0.007678666610939092
2015-06-22 00:00:00+00:00,243.968994140625,247.91700744628906,243.7790069580078,246.99000549316406,246.99000549316406,17692500,0.01248649380995226,0.012409180462625208,0.01105803983952347
2015-06-23 00:00:00+00:00,246.927001953125,247.3040008544922,243.13299560546875,244.29600524902344,244.29600524902344,15108700,-0.010907324929045337,-0.01096724591440124,0.011750469258700958
2015-06-24 00:00:00+00:00,244.28199768066406,244.34100341796875,240.51499938964844,240.51499938964844,240.51499938964844,17344900,-0.01547714976149872,-0.015598171178905587,0.01110943448079198
2015-06-25 00:00:00+00:00,240.36500549316406,243.33200073242188,240.36500549316406,242.7989959716797,242.7989959716797,16133100,0.009496275025787648,0.00945146884397475,0.012391739162824655
2015-06-26 00:00:00+00:00,242.60400390625,243.74899291992188,241.55299377441406,243.593994140625,243.593994140625,13983500,0.0032743058337771913,0.0032689569671338244,0.012421505738507164
2015-06-27 00:00:00+00:00,243.5489959716797,251.33900451660156,243.11700439453125,250.99000549316406,250.99000549316406,20488600,0.0303620431145335,0.029910238649985002,0.018073486876751317
2015-06-28 00:00:00+00:00,250.9550018310547,251.1719970703125,247.4340057373047,249.01100158691406,249.01100158691406,15137600,-0.007884791676710412,-0.007916041018021671,0.017517973763769495
2015-06-29 00:00:00+00:00,248.7209930419922,257.1730041503906,248.58099365234375,257.0639953613281,257.0639953613281,34742900,0.032339911582594416,0.031827984516984625,0.017210020976511857
2015-06-30 00:00:00+00:00,257.0360107421875,267.86700439453125,255.9459991455078,263.0719909667969,263.0719909667969,44533800,0.023371595065360795,0.023102661546717907,0.01752510055005157
2015-07-01 00:00:00+00:00,263.3450012207031,265.1719970703125,255.7740020751953,258.6210021972656,258.6210021972656,27029800,-0.01691928035810175,-0.017064046599051412,0.022795604461057058
2015-07-02 00:00:00+00:00,258.552001953125,261.6310119628906,254.11599731445312,255.41200256347656,255.41200256347656,21551900,-0.012408116922156931,-0.012485740380607286,0.022335446601340243
2015-07-03 00:00:00+00:00,255.45899963378906,257.0769958496094,253.5050048828125,256.33599853515625,256.33599853515625,19033800,0.0036176685606230663,0.003611140537128755,0.021440394677536927
2015-07-04 00:00:00+00:00,256.4909973144531,261.4570007324219,254.1999969482422,260.885986328125,260.885986328125,15620400,0.017750092920892246,0.017594399701258708,0.017747178966256463
2015-07-05 00:00:00+00:00,260.80499267578125,274.5060119628906,258.70098876953125,271.9129943847656,271.9129943847656,44156100,0.04226753691082363,0.04139866364903754,0.023796055831359575
2015-07-06 00:00:00+00:00,271.1080017089844,277.4219970703125,267.6000061035156,269.0299987792969,269.0299987792969,49154800,-0.010602640054006462,-0.010659248530482286,0.022330248271847947
2015-07-07 00:00:00+00:00,269.9630126953125,271.34100341796875,264.8320007324219,266.2070007324219,266.2070007324219,28857600,-0.010493246328231565,-0.010548688624993648,0.021901009222327017
2015-07-08 00:00:00+00:00,265.98199462890625,272.97100830078125,264.385986328125,270.7850036621094,270.7850036621094,36980200,0.017197154534223102,0.01705095721058097,0.022009330957935152
2015-07-09 00:00:00+00:00,270.8269958496094,272.3349914550781,267.08599853515625,269.2279968261719,269.2279968261719,40301200,-0.005749974388834178,-0.005766569135055685,0.02271891093795437
2015-07-10 00:00:00+00:00,269.156005859375,294.59100341796875,268.802001953125,284.8940124511719,284.8940124511719,100390000,0.05818865723357458,0.056558632505455265,0.02877844498055135
2015-07-11 00:00:00+00:00,284.8800048828125,298.5060119628906,283.5299987792969,293.114990234375,293.114990234375,41109900,0.028856267327177054,0.02844776519770061,0.027262960696986305
2015-07-12 00:00:00+00:00,293.1400146484375,314.3940124511719,292.5050048828125,310.86700439453125,310.86700439453125,56405000,0.06056331048085162,0.05880019194966264,0.02728993869445081
2015-07-13 00:00:00+00:00,310.8269958496094,310.947998046875,281.010986328125,292.0539855957031,292.0539855957031,62053900,-0.060517901652090145,-0.06242651475623316,0.05062721462424537
2015-07-14 00:00:00+00:00,292.03399658203125,296.1470031738281,286.63800048828125,287.4639892578125,287.4639892578125,28727200,-0.015716259884378525,-0.015841069719805347,0.051852082464239925
2015-07-15 00:00:00+00:00,288.0450134277344,293.24798583984375,285.36700439453125,285.8290100097656,285.8290100097656,27486600,-0.005687596739571199,-0.0057038327096080475,0.04594870432692759
2015-07-16 00:00:00+00:00,286.0419921875,291.1830139160156,275.239990234375,278.0889892578125,278.0889892578125,49482600,-0.027079199384585473,-0.027452597215516125,0.04426566748443498
2015-07-17 00:00:00+00:00,278.09100341796875,280.2799987792969,272.0429992675781,279.47198486328125,279.47198486328125,27591400,0.00497321238485493,0.00496088681237782,0.025941852895960085
2015-07-18 00:00:00+00:00,279.33099365234375,282.5270080566406,274.07501220703125,274.9010009765625,274.9010009765625,25187100,-0.016355785675458256,-0.016491018120761647,0.012257278920958584
2015-07-19 00:00:00+00:00,274.7669982910156,275.6700134277344,272.51300048828125,273.614013671875,273.614013671875,15332500,-0.004681639208717225,-0.004692632405765162,0.01242077618431854
2015-07-20 00:00:00+00:00,273.4989929199219,278.9809875488281,272.9599914550781,278.9809875488281,278.9809875488281,22711400,0.01961512791296327,0.019425230515446274,0.01824798471718461
2015-07-21 00:00:00+00:00,278.8819885253906,280.5469970703125,275.41900634765625,275.8330078125,275.8330078125,22930700,-0.011283850430048203,-0.01134799606665116,0.014242818729315451
2015-07-22 00:00:00+00:00,275.6570129394531,277.6659851074219,274.3810119628906,277.22198486328125,277.22198486328125,19389800,0.005035572289903145,0.005022936197976215,0.014250021329085236
2015-07-23 00:00:00+00:00,277.34100341796875,278.1109924316406,275.71600341796875,276.04901123046875,276.04901123046875,18531300,-0.004231171035699033,-0.0042401477702135515,0.01191503993591258
2015-07-24 00:00:00+00:00,276.0050048828125,289.25299072265625,275.2539978027344,288.27801513671875,288.27801513671875,37199400,0.044300118488887597,0.043346917965858316,0.021697740084990907
2015-07-25 00:00:00+00:00,288.16400146484375,290.7330017089844,286.00201416015625,288.6969909667969,288.6969909667969,20662200,0.0014533742015652162,0.0014523190754852883,0.021322854698076616
2015-07-26 00:00:00+00:00,288.6400146484375,293.052001953125,287.70599365234375,292.6860046386719,292.6860046386719,16032300,0.013817302558355227,0.013722713943767523,0.018769494689620397
2015-07-27 00:00:00+00:00,292.6390075683594,297.77398681640625,287.45001220703125,293.6239929199219,293.6239929199219,30592000,0.0032047595935034145,0.003199635296651489,0.01895237960185848
2015-07-28 00:00:00+00:00,293.63299560546875,296.64898681640625,293.4230041503906,294.427001953125,294.427001953125,25453600,0.002734820902126067,0.0027310880836206508,0.017721769574455495
2015-07-29 00:00:00+00:00,294.4840087890625,294.5360107421875,288.7770080566406,289.5899963378906,289.5899963378906,24672600,-0.01642853944491296,-0.01656498435681487,0.010936105355933513
2015-07-30 00:00:00+00:00,289.1029968261719,290.1260070800781,286.5679931640625,287.72198486328125,287.72198486328125,21635800,-0.006450538686529117,-0.0064714333140721645,0.011401739240233435
2015-07-31 00:00:00+00:00,287.6960144042969,288.9590148925781,282.343994140625,284.6499938964844,284.6499938964844,23629100,-0.010676942077459284,-0.0107343496138054,0.008575944798438664
2015-08-01 00:00:00+00:00,284.6860046386719,284.9320068359375,278.11199951171875,281.60101318359375,281.60101318359375,18995000,-0.010711332437264742,-0.010769111724396336,0.007164880097296287
2015-08-02 00:00:00+00:00,280.4490051269531,283.0320129394531,277.52899169921875,282.614013671875,282.614013671875,17722200,0.0035972899274365755,0.0035908351551854666,0.007500124056405214
2015-08-03 00:00:00+00:00,282.8059997558594,285.47100830078125,280.2330017089844,281.22698974609375,281.22698974609375,21474100,-0.004907838460521785,-0.004919921450151317,0.005882910470561147
2015-08-04 00:00:00+00:00,281.2250061035156,285.7149963378906,281.2250061035156,285.2179870605469,285.2179870605469,21908700,0.014191373730012113,0.014091618850608268,0.010625355379771668
2015-08-05 00:00:00+00:00,284.84698486328125,285.5010070800781,281.4880065917969,281.8819885253906,281.8819885253906,20128000,-0.011696311896514655,-0.01176525184182441,0.010850928854162833
2015-08-06 00:00:00+00:00,281.906005859375,281.906005859375,278.40301513671875,278.5769958496094,278.5769958496094,18792100,-0.011724738757061592,-0.011794015540393898,0.011066610850930345
2015-08-07 00:00:00+00:00,278.7409973144531,280.3919982910156,276.3659973144531,279.5849914550781,279.5849914550781,42484800,0.0036183734496617603,0.0036118428850578886,0.011069343391873996
2015-08-08 00:00:00+00:00,279.74200439453125,279.9280090332031,260.7099914550781,260.99700927734375,260.99700927734375,58533000,-0.06648419173359299,-0.0687973817394527,0.03204527711360815
2015-08-09 00:00:00+00:00,261.1159973144531,267.00299072265625,260.4679870605469,265.0830078125,265.0830078125,23789600,0.015655346191397745,0.01553406541650176,0.03237664965209178
2015-08-10 00:00:00+00:00,265.4779968261719,267.0320129394531,262.59600830078125,264.4700012207031,264.4700012207031,20979400,-0.00231250805872274,-0.0023151860348410653,0.03285881344826494
2015-08-11 00:00:00+00:00,264.3420104980469,270.385986328125,264.093994140625,270.385986328125,270.385986328125,25433900,0.02236921042127915,0.02212268918500627,0.036414534468532746
2015-08-12 00:00:00+00:00,270.5979919433594,270.6730041503906,265.468994140625,266.3760070800781,266.3760070800781,26815400,-0.014830573516412149,-0.014941646019161535,0.03613845029962939
2015-08-13 00:00:00+00:00,266.1830139160156,266.23199462890625,262.84100341796875,264.0799865722656,264.0799865722656,27685500,-0.008619471899818154,-0.008656834399337742,0.01586422228825627
2015-08-14 00:00:00+00:00,264.1319885253906,267.46600341796875,261.4779968261719,265.67999267578125,265.67999267578125,27091200,0.006058793490122394,0.006040512802955279,0.014391340657059725
2015-08-15 00:00:00+00:00,265.52899169921875,266.6669921875,261.2959899902344,261.5509948730469,261.5509948730469,19321100,-0.01554124479284047,-0.01566327593274089,0.01616166274268208
2015-08-16 00:00:00+00:00,261.8659973144531,262.44000244140625,257.0409851074219,258.5069885253906,258.5069885253906,29717000,-0.011638290074689861,-0.011706545070410978,0.008851010322268977
2015-08-17 00:00:00+00:00,258.489990234375,260.5050048828125,257.11700439453125,257.97601318359375,257.97601318359375,21617900,-0.0020540076878606817,-0.0020561200546923707,0.008554184614119921
2015-08-18 00:00:00+00:00,257.9259948730469,257.9930114746094,211.07899475097656,211.07899475097656,211.07899475097656,42147200,-0.18178829052312706,-0.20063416232442743,0.08752172378043137
2015-08-19 00:00:00+00:00,225.67100524902344,237.40899658203125,222.76600646972656,226.6840057373047,226.6840057373047,60869200,0.0739297200308271,0.07132455635785633,0.1008569205527708
2015-08-20 00:00:00+00:00,226.8990020751953,237.36500549316406,226.8990020751953,235.35000610351562,235.35000610351562,32275000,0.03822943016215108,0.03751679130467895,0.10566651317425599
2015-08-21 00:00:00+00:00,235.35499572753906,236.4320068359375,231.7239990234375,232.56900024414062,232.56900024414062,23173800,-0.011816468184631446,-0.0118868375389682,0.10566253225544292
2015-08-22 00:00:00+00:00,232.66200256347656,234.95700073242188,222.70399475097656,230.38999938964844,230.38999938964844,23205900,-0.00936926611975275,-0.009413433789144688,0.10538105793227316
2015-08-23 00:00:00+00:00,230.37600708007812,232.7050018310547,225.5800018310547,228.16900634765625,228.16900634765625,18406600,-0.009640145179374393,-0.009686912182080969,0.03743725986325553
2015-08-24 00:00:00+00:00,228.11199951171875,228.13900756835938,210.4429931640625,210.4949951171875,210.4949951171875,59220700,-0.07746017530329796,-0.08062473359634079,0.042230278455644144
2015-08-25 00:00:00+00:00,210.0679931640625,226.3209991455078,199.56700134277344,221.60899353027344,221.60899353027344,61089200,0.05279934758970639,0.05145266189809527,0.04676441701881243
2015-08-26 00:00:00+00:00,222.0760040283203,231.18299865722656,220.20399475097656,225.83099365234375,225.83099365234375,31808000,0.0190515739222179,0.018872365248561083,0.04876850069668747
2015-08-27 00:00:00+00:00,226.0500030517578,228.64300537109375,223.6840057373047,224.7689971923828,224.7689971923828,21905400,-0.004702616070475396,-0.004713708157642016,0.04872864747115854
2015-08-28 00:00:00+00:00,224.7010040283203,235.218994140625,220.92599487304688,231.39599609375,231.39599609375,31336600,0.029483598646369513,0.02905731598082126,0.050820740543115715
2015-08-29 00:00:00+00:00,231.5489959716797,233.2220001220703,227.3300018310547,229.77999877929688,229.77999877929688,17142500,-0.006983687452389642,-0.0070081875315019145,0.024404575014423193
2015-08-30 00:00:00+00:00,229.89500427246094,232.0679931640625,226.2469940185547,228.76100158691406,228.76100158691406,19412600,-0.004434664452068193,-0.004444526744575541,0.016506062638283085
2015-08-31 00:00:00+00:00,229.11399841308594,231.95599365234375,225.9149932861328,230.05599975585938,230.05599975585938,20710700,0.005660921922713724,0.005644959118664133,0.014988038261449082
2015-09-01 00:00:00+00:00,230.25599670410156,231.21600341796875,226.86000061035156,228.12100219726562,228.12100219726562,20575200,-0.008410984980383951,-0.008446556918348894,0.015593109253552437
2015-09-02 00:00:00+00:00,228.02699279785156,230.57699584960938,226.47500610351562,229.28399658203125,229.28399658203125,18760400,0.005098146920115454,0.0050851953697263535,0.0067290985540550555
2015-09-03 00:00:00+00:00,229.32400512695312,229.60499572753906,226.66700744628906,227.18299865722656,227.18299865722656,17482000,-0.009163299471941166,-0.00920554074485158,0.0072063439044582275
2015-09-04 00:00:00+00:00,227.21499633789062,230.89999389648438,227.05099487304688,230.29800415039062,230.29800415039062,20962400,0.013711437526467307,0.013618286292616499,0.009878013450298203
2015-09-05 00:00:00+00:00,230.19900512695312,236.14300537109375,229.4429931640625,235.0189971923828,235.0189971923828,20671400,0.020499496117687865,0.02029220950741306,0.01311551759952794
2015-09-06 00:00:00+00:00,234.8699951171875,242.91200256347656,234.68099975585938,239.83999633789062,239.83999633789062,25473700,0.020513231709355928,0.020305669091942837,0.012432162435115562
2015-09-07 00:00:00+00:00,239.9340057373047,242.1060028076172,238.7220001220703,239.8470001220703,239.8470001220703,21192200,2.9201902462583362e-05,2.9201476095330115e-05,0.013120378616957624
2015-09-08 00:00:00+00:00,239.8459930419922,245.781005859375,239.67799377441406,243.60699462890625,243.60699462890625,26879200,0.01567663762699678,0.01555502844545953,0.008323046692051765
2015-09-09 00:00:00+00:00,243.4149932861328,244.41600036621094,237.8209991455078,238.16799926757812,238.16799926757812,23635700,-0.02232692607867648,-0.022579945075460288,0.01837176208612918
2015-09-10 00:00:00+00:00,238.33599853515625,241.29299926757812,235.79100036621094,238.4770050048828,238.4770050048828,21215500,0.001297427606794077,0.001296586674883571,0.01675667636210748
2015-09-11 00:00:00+00:00,238.32899475097656,241.16900634765625,238.32899475097656,240.10699462890625,240.10699462890625,19224700,0.006834997042964641,0.0068117443452915295,0.01413901603271937
2015-09-12 00:00:00+00:00,239.85499572753906,240.12399291992188,234.75399780273438,235.22900390625,235.22900390625,17962600,-0.020315904291731912,-0.02052511060196729,0.01692319475221516
2015-09-13 00:00:00+00:00,235.24200439453125,235.93499755859375,229.33200073242188,230.51199340820312,230.51199340820312,18478800,-0.020052843908342277,-0.020256631126833225,0.013954923167048622
2015-09-14 00:00:00+00:00,230.60899353027344,232.44000244140625,227.96099853515625,230.6439971923828,230.6439971923828,20997800,0.0005726547336126764,0.0005724908294613855,0.012980044319981978
2015-09-15 00:00:00+00:00,230.49200439453125,259.1820068359375,229.82200622558594,230.3040008544922,230.3040008544922,19177800,-0.001474117436522926,-0.0014752050165764698,0.012622340353420462
2015-09-16 00:00:00+00:00,230.25,231.21499633789062,227.40199279785156,229.09100341796875,229.09100341796875,20144200,-0.005266940357192551,-0.005280859583557768,0.010257369928136572
2015-09-17 00:00:00+00:00,229.0760040283203,230.28500366210938,228.92599487304688,229.80999755859375,229.80999755859375,18935400,0.003138465194607587,0.0031335504931134946,0.00924529162504245
2015-09-18 00:00:00+00:00,233.52099609375,234.35299682617188,232.18499755859375,232.97500610351562,232.97500610351562,20242200,0.013772283967388832,0.013678307924647123,0.007153925722958871
2015-09-19 00:00:00+00:00,232.85800170898438,233.2050018310547,231.08900451660156,231.4929962158203,231.4929962158203,12712600,-0.006361239827747167,-0.006381558728588466,0.00813946013665921
2015-09-20 00:00:00+00:00,231.3990020751953,232.36500549316406,230.91000366210938,231.21200561523438,231.21200561523438,14444700,-0.0012138190147401584,-0.0012145562897130722,0.008122584271246154
2015-09-21 00:00:00+00:00,231.2169952392578,231.2169952392578,226.52099609375,227.0850067138672,227.0850067138672,19678800,-0.01784941439518084,-0.018010636554186336,0.01170499556949975
2015-09-22 00:00:00+00:00,226.968994140625,232.38600158691406,225.11700439453125,230.6179962158203,230.6179962158203,25009300,0.01555800426051368,0.015438219324374681,0.014049497200997402
2015-09-23 00:00:00+00:00,230.93600463867188,231.8350067138672,229.59100341796875,230.2830047607422,230.2830047607422,17254100,-0.001452581587625179,-0.0014536376070196364,0.012041793675009743
2015-09-24 00:00:00+00:00,230.35800170898438,235.6490020751953,230.2949981689453,234.5290069580078,234.5290069580078,25097800,0.01843819174444561,0.018270269270815796,0.014715282831334803
2015-09-25 00:00:00+00:00,234.36199951171875,237.427001953125,233.6840057373047,235.1439971923828,235.1439971923828,22363600,0.0026222352720963737,0.0026188032116559834,0.014565569882029028
2015-09-26 00:00:00+00:00,235.0760040283203,235.4029998779297,233.35800170898438,234.33999633789062,234.33999633789062,13724100,-0.0034191851124925066,-0.003425043884538861,0.009937812323997394
2015-09-27 00:00:00+00:00,234.13900756835938,234.5260009765625,232.4759979248047,232.7570037841797,232.7570037841797,14179900,-0.006755110431206357,-0.006778029461708515,0.009790291631198348
2015-09-28 00:00:00+00:00,232.83599853515625,239.33900451660156,232.4669952392578,239.14199829101562,239.14199829101562,24713000,0.027432018813733805,0.027062503461009677,0.014540655782965735
2015-09-29 00:00:00+00:00,239.01600646972656,239.802001953125,235.92799377441406,236.68699645996094,236.68699645996094,22691300,-0.01026587487182895,-0.010318932398919053,0.014888012291695493
2015-09-30 00:00:00+00:00,236.63999938964844,237.73399353027344,235.62899780273438,236.05999755859375,236.05999755859375,19743500,-0.0026490635765588078,-0.0026525785544473644,0.015004541465268329
2015-10-01 00:00:00+00:00,236.00399780273438,238.44500732421875,235.61599731445312,237.5489959716797,237.5489959716797,20488800,0.006307711719417242,0.006287901367533316,0.014953079255215617
2015-10-02 00:00:00+00:00,237.26400756835938,238.54100036621094,236.60299682617188,237.29299926757812,237.29299926757812,19677900,-0.0010776585396811145,-0.0010782396311614989,0.014248621739301333
2015-10-03 00:00:00+00:00,237.20199584960938,239.31500244140625,236.94400024414062,238.72999572753906,238.72999572753906,16482700,0.00605578952769914,0.006037526926853979,0.0068933648726771345
2015-10-04 00:00:00+00:00,238.531005859375,238.96800231933594,237.94000244140625,238.25900268554688,238.25900268554688,12999000,-0.0019729110309611997,-0.001974859783494672,0.004453202807549749
2015-10-05 00:00:00+00:00,238.14700317382812,240.38299560546875,237.03500366210938,240.38299560546875,240.38299560546875,23335900,0.008914638674640596,0.008875137866671141,0.004846495361522738
2015-10-06 00:00:00+00:00,240.36399841308594,246.93499755859375,240.13600158691406,246.06300354003906,246.06300354003906,27535100,0.023628992226607748,0.02335414868766111,0.010218825821310019
2015-10-07 00:00:00+00:00,246.1699981689453,246.68099975585938,242.5850067138672,242.968994140625,242.968994140625,22999200,-0.012574053615949654,-0.012653776022319324,0.013350107625926463
2015-10-08 00:00:00+00:00,243.0749969482422,244.25100708007812,242.1790008544922,242.3040008544922,242.3040008544922,18515300,-0.002736947109176935,-0.0027406993970222338,0.01370720845227392
2015-10-09 00:00:00+00:00,242.4980010986328,244.22799682617188,242.1219940185547,243.93099975585938,243.93099975585938,17353100,0.006714700936136131,0.00669225774201338,0.01347122427233823
2015-10-10 00:00:00+00:00,243.74000549316406,245.31900024414062,243.07400512695312,244.9409942626953,244.9409942626953,15912700,0.004140492630484882,0.004131944378731938,0.01326968561083239
2015-10-11 00:00:00+00:00,244.74200439453125,247.2429962158203,244.15199279785156,247.0500030517578,247.0500030517578,16827300,0.008610272834936872,0.008573415850475552,0.008657181818140656
2015-10-12 00:00:00+00:00,246.875,247.45399475097656,245.1790008544922,245.30799865722656,245.30799865722656,17388300,-0.007051221910595595,-0.00707619925894907,0.0066066014333642595
2015-10-13 00:00:00+00:00,245.1999969482422,250.23599243164062,243.7570037841797,249.50799560546875,249.50799560546875,28198500,0.01712132083434792,0.016976402807395333,0.008688514206285363
2015-10-14 00:00:00+00:00,249.4929962158203,254.27499389648438,248.9029998779297,251.98899841308594,251.98899841308594,27462600,0.009943580371429173,0.009894468274496332,0.008881122644157443
2015-10-15 00:00:00+00:00,252.10699462890625,255.96200561523438,252.04600524902344,254.32000732421875,254.32000732421875,25223500,0.009250439208903893,0.00920791593427537,0.008832741879494293
2015-10-16 00:00:00+00:00,254.29600524902344,266.135009765625,253.92599487304688,262.8689880371094,262.8689880371094,35901500,0.03361505373815121,0.03306241831528717,0.014522978134821386
2015-10-17 00:00:00+00:00,262.74700927734375,273.5780029296875,262.36700439453125,270.6400146484375,270.6400146484375,43199600,0.029562356021361813,0.02913381488056866,0.010968035664856001
2015-10-18 00:00:00+00:00,270.9070129394531,271.6679992675781,260.7770080566406,261.64300537109375,261.64300537109375,22434300,-0.03324345547730956,-0.033808578905344916,0.026535580589579326
2015-10-19 00:00:00+00:00,261.8609924316406,264.82000732421875,260.95098876953125,263.43701171875,263.43701171875,25258800,0.006856695232925425,0.0068332950027678975,0.026559449849889158
2015-10-20 00:00:00+00:00,263.5719909667969,270.8349914550781,263.22698974609375,269.4630126953125,269.4630126953125,30889800,0.022874541953110006,0.022616842061920966,0.02726763707047429
2015-10-21 00:00:00+00:00,269.3059997558594,270.7699890136719,263.8389892578125,266.2720031738281,266.2720031738281,25637300,-0.011842105859227958,-0.011912782119455399,0.02578196933581254
2015-10-22 00:00:00+00:00,266.4960021972656,276.510009765625,266.135009765625,274.02301025390625,274.02301025390625,37808600,0.02910935805375714,0.02869372725336826,0.025669125992862356
2015-10-23 00:00:00+00:00,273.64898681640625,278.6839904785156,273.5429992675781,276.4960021972656,276.4960021972656,29442500,0.009024760150864397,0.008984280367577967,0.01576729104844378
2015-10-24 00:00:00+00:00,276.5039978027344,281.70599365234375,276.5039978027344,281.65399169921875,281.65399169921875,25942400,0.018654842966854712,0.018482975533646497,0.015850211252507858
2015-10-25 00:00:00+00:00,281.44500732421875,294.0589904785156,281.44500732421875,283.67999267578125,283.67999267578125,45717100,0.00719322656973409,0.007167478715194853,0.015085095012229367
2015-10-26 00:00:00+00:00,283.62799072265625,285.29998779296875,280.510009765625,285.29998779296875,285.29998779296875,32108800,0.005710642833521851,0.005694398925499903,0.009703549991803062
2015-10-27 00:00:00+00:00,285.1809997558594,296.2120056152344,285.00799560546875,293.7879943847656,293.7879943847656,46331800,0.02975116352951379,0.029317184247970474,0.00994374155496197
2015-10-28 00:00:00+00:00,293.7030029296875,306.33099365234375,293.7030029296875,304.6180114746094,304.6180114746094,50808100,0.03686337528027095,0.03620017059679138,0.013406262434324523
2015-10-29 00:00:00+00:00,304.3240051269531,318.1700134277344,301.822998046875,313.8550109863281,313.8550109863281,64495900,0.030323221752396767,0.029872560540859655,0.014163582776848798
2015-10-30 00:00:00+00:00,313.9429931640625,334.16900634765625,313.94000244140625,328.0150146484375,328.0150146484375,78305000,0.0451163854851635,0.04412825288520052,0.01435888630959283
2015-10-31 00:00:00+00:00,328.5119934082031,332.7770080566406,309.2510070800781,314.1659851074219,314.1659851074219,48598100,-0.042220718328576656,-0.043137922471269186,0.03540011376568782
2015-11-01 00:00:00+00:00,315.0050048828125,327.47198486328125,311.8810119628906,325.4309997558594,325.4309997558594,37001100,0.0358568883406829,0.03522899562797236,0.03591432312773066
2015-11-02 00:00:00+00:00,325.9419860839844,365.3599853515625,323.2090148925781,361.1889953613281,361.1889953613281,101918000,0.10987888563872117,0.10425089733390326,0.05245605744927954
2015-11-03 00:00:00+00:00,361.87298583984375,417.8999938964844,357.6470031738281,403.4169921875,403.4169921875,206162000,0.11691385221725148,0.11056939286686604,0.06232761755436115
2015-11-04 00:00:00+00:00,403.66400146484375,495.56201171875,380.5480041503906,411.56298828125,411.56298828125,263900000,0.020192496229717305,0.019991331284302655,0.06383276878168324
2015-11-05 00:00:00+00:00,408.0769958496094,447.5610046386719,374.58099365234375,386.35400390625,386.35400390625,151824992,-0.06125182558391995,-0.06320802060226931,0.07101740097667072
2015-11-06 00:00:00+00:00,388.0469970703125,395.83599853515625,354.0249938964844,374.4700012207031,374.4700012207031,122687000,-0.03075936204981211,-0.03124236154384214,0.07830162367717766
2015-11-07 00:00:00+00:00,374.2690124511719,390.58599853515625,372.4330139160156,386.48199462890625,386.48199462890625,56625100,0.03207731826059823,0.03157358504810171,0.06647791262006011
2015-11-08 00:00:00+00:00,384.27801513671875,389.8949890136719,368.70001220703125,373.3680114746094,373.3680114746094,51817600,-0.03393167944832387,-0.03452072206175425,0.03987862927052577
2015-11-09 00:00:00+00:00,374.3240051269531,385.27801513671875,362.8949890136719,380.2569885253906,380.2569885253906,68224400,0.01845090323505061,0.01828275054987659,0.03950424088935722
2015-11-10 00:00:00+00:00,379.9840087890625,381.3869934082031,329.1080017089844,336.8190002441406,336.8190002441406,95797904,-0.11423324118170564,-0.12130161493200711,0.06009943938997747
2015-11-11 00:00:00+00:00,339.82000732421875,340.5849914550781,300.99700927734375,311.0840148925781,311.0840148925781,107070000,-0.0764059786796728,-0.07948267475756071,0.06456811435694704
2015-11-12 00:00:00+00:00,314.0790100097656,345.08099365234375,313.3559875488281,338.1520080566406,338.1520080566406,78477800,0.08701184203697987,0.08343250231798256,0.08054386118506304
2015-11-13 00:00:00+00:00,338.49798583984375,340.91400146484375,326.07501220703125,336.75299072265625,336.75299072265625,52003000,-0.00413724390407888,-0.004145825976570227,0.08095267919434906
2015-11-14 00:00:00+00:00,336.6239929199219,338.1809997558594,329.9700012207031,332.906005859375,332.906005859375,38612000,-0.011423758568634534,-0.01148951093765005,0.07842933364536192
2015-11-15 00:00:00+00:00,333.0509948730469,334.6619873046875,317.489990234375,320.1659851074219,320.1659851074219,44213100,-0.03826912259833104,-0.03902062067538069,0.06007508068587064
2015-11-16 00:00:00+00:00,319.7349853515625,331.6260070800781,315.9049987792969,330.7510070800781,330.7510070800781,47980100,0.033061044786206084,0.032526283053829305,0.047273512049627854
2015-11-17 00:00:00+00:00,330.36199951171875,338.3500061035156,329.614013671875,335.093994140625,335.093994140625,51001600,0.013130684314123231,0.013045224166090356,0.026848822542356782
2015-11-18 00:00:00+00:00,334.5929870605469,336.531005859375,330.6400146484375,334.5899963378906,334.5899963378906,43783800,-0.0015040490475721757,-0.0015051812647567857,0.026817511567482355
2015-11-19 00:00:00+00:00,334.6789855957031,335.3340148925781,325.27301025390625,326.14898681640625,326.14898681640625,45011100,-0.025227919584780656,-0.025551598987975044,0.028817517445388314
2015-11-20 00:00:00+00:00,326.4110107421875,326.4729919433594,312.2170104980469,322.0220031738281,322.0220031738281,53152900,-0.012653676109382728,-0.012734415693713075,0.02257636866116907
2015-11-21 00:00:00+00:00,322.0920104980469,328.15899658203125,319.5950012207031,326.927001953125,326.927001953125,28200500,0.015231874626433939,0.015117034311317484,0.017240731474648132
2015-11-22 00:00:00+00:00,326.9750061035156,327.010009765625,321.2590026855469,324.5360107421875,324.5360107421875,23439400,-0.0073135323685509235,-0.00734040736066012,0.01495605985491435
2015-11-23 00:00:00+00:00,324.3500061035156,325.1180114746094,321.2900085449219,323.0459899902344,323.0459899902344,27478900,-0.004591233954424845,-0.004601806040729209,0.014765443556776687
2015-11-24 00:00:00+00:00,323.0140075683594,323.0580139160156,318.1180114746094,320.0459899902344,320.0459899902344,29362600,-0.009286603434051854,-0.009329992771021057,0.010970799082062457
2015-11-25 00:00:00+00:00,320.0450134277344,329.1340026855469,316.7699890136719,328.20599365234375,328.20599365234375,41666900,0.025496347141729103,0.02517673649736144,0.015428348639347342
2015-11-26 00:00:00+00:00,328.3030090332031,366.7569885253906,328.22900390625,352.6839904785156,352.6839904785156,106105000,0.07458119991586898,0.0719310041994384,0.03471252918846974
2015-11-27 00:00:00+00:00,351.8609924316406,363.5889892578125,347.8699951171875,358.0419921875,358.0419921875,55179100,0.015192075210770817,0.015077831251610264,0.03245282352074696
2015-11-28 00:00:00+00:00,357.1409912109375,359.5360107421875,352.1719970703125,357.3810119628906,357.3810119628906,36816600,-0.0018460969356444146,-0.0018478030727119411,0.03195789180949499
2015-11-29 00:00:00+00:00,357.47198486328125,371.9389953613281,355.6659851074219,371.29400634765625,371.29400634765625,40409300,0.038930424166492505,0.03819174564629389,0.02777183328449995
2015-11-30 00:00:00+00:00,371.43701171875,382.3630065917969,370.38299560546875,377.3210144042969,377.3210144042969,71701600,0.016232441013328103,0.016102103514945905,0.02843052546410708
2015-12-01 00:00:00+00:00,377.41400146484375,378.9309997558594,356.56298828125,362.4880065917969,362.4880065917969,60452200,-0.03931137478764046,-0.04010493374025533,0.029183422354345116
2015-12-02 00:00:00+00:00,361.8450012207031,362.23199462890625,349.4649963378906,359.18701171875,359.18701171875,54160500,-0.009106494043992441,-0.009148211621262082,0.029203416377540155
2015-12-03 00:00:00+00:00,359.33099365234375,370.2749938964844,357.4119873046875,361.0459899902344,361.0459899902344,50714900,0.0051755164046409785,0.005162169451390206,0.029222469643341745
2015-12-04 00:00:00+00:00,361.2619934082031,363.5159912109375,355.7569885253906,363.1830139160156,363.1830139160156,35784100,0.005918979811516678,0.005901531467588603,0.021881951267203985
2015-12-05 00:00:00+00:00,363.72100830078125,389.7850036621094,363.22900390625,388.9490051269531,388.9490051269531,66282200,0.0709449236987052,0.06854136502537268,0.039582958631883235
2015-12-06 00:00:00+00:00,389.55499267578125,402.8089904785156,387.0889892578125,388.7829895019531,388.7829895019531,77762000,-0.0004268313398714252,-0.0004269224582968289,0.031074219836966472
2015-12-07 00:00:00+00:00,389.9779968261719,399.968994140625,385.4110107421875,395.5360107421875,395.5360107421875,63455800,0.017369641734802377,0.01722051389587518,0.028273587140938083
2015-12-08 00:00:00+00:00,395.7539978027344,415.56298828125,389.95001220703125,415.56298828125,415.56298828125,57801400,0.05063250120130314,0.049392364906644164,0.029638598211784516
2015-12-09 00:00:00+00:00,414.4410095214844,423.1199951171875,406.2909851074219,417.56298828125,417.56298828125,90917200,0.0048127481426387675,0.00480120389518298,0.029848209655548262
2015-12-10 00:00:00+00:00,417.9880065917969,419.5090026855469,411.5480041503906,415.47900390625,415.47900390625,52138900,-0.0049908263746698545,-0.005003322142095781,0.021872616932964568
2015-12-11 00:00:00+00:00,415.281005859375,451.93798828125,415.281005859375,451.93798828125,451.93798828125,110944000,0.08775168909191544,0.08411289544844237,0.03649569008309536
2015-12-12 00:00:00+00:00,452.3349914550781,469.1029968261719,410.7409973144531,434.99700927734375,434.99700927734375,131969000,-0.03748518478903251,-0.03820582051168074,0.047993890989108716
2015-12-13 00:00:00+00:00,431.6600036621094,441.67999267578125,426.26800537109375,433.7550048828125,433.7550048828125,55050600,-0.002855202146319513,-0.0028592860113268426,0.045342512916434645
2015-12-14 00:00:00+00:00,433.2720031738281,447.1419982910156,430.45599365234375,444.1820068359375,444.1820068359375,130496000,0.024038920210135872,0.02375453391274045,0.04573928080613055
2015-12-15 00:00:00+00:00,443.87799072265625,465.3210144042969,443.87799072265625,465.3210144042969,465.3210144042969,83121104,0.047590868704790346,0.0464931172186154,0.046641065330803214
2015-12-16 00:00:00+00:00,465.2080078125,465.2080078125,443.85101318359375,454.9339904785156,454.9339904785156,107944000,-0.022322275599520713,-0.022575188405547387,0.03425877904978739
2015-12-17 00:00:00+00:00,454.7770080566406,457.8599853515625,448.8580017089844,456.0780029296875,456.0780029296875,47978400,0.0025146778985860596,0.0025115213867521707,0.026467361068670547
2015-12-18 00:00:00+00:00,455.84698486328125,465.177001953125,454.94000244140625,463.6159973144531,463.6159973144531,60220100,0.01652786219976443,0.016392763646442193,0.025612812872039568
2015-12-19 00:00:00+00:00,463.552001953125,465.58099365234375,456.7650146484375,462.3219909667969,462.3219909667969,47892700,-0.0027911166895705497,-0.002795019118873129,0.025659580999210136
2015-12-20 00:00:00+00:00,462.2340087890625,462.6449890136719,434.3380126953125,442.68499755859375,442.68499755859375,75409400,-0.042474711979715085,-0.04340314781103667,0.023339505716752813
2015-12-21 00:00:00+00:00,442.8380126953125,444.72900390625,427.31201171875,438.6390075683594,438.6390075683594,77639696,-0.009139659153908575,-0.009181682084783822,0.02227602828029576
2015-12-22 00:00:00+00:00,437.4360046386719,443.68798828125,435.5159912109375,436.5719909667969,436.5719909667969,50840400,-0.004712341050152391,-0.004723479133980716,0.021707486744002132
2015-12-23 00:00:00+00:00,436.7200012207031,444.52899169921875,436.6189880371094,442.4010009765625,442.4010009765625,47161400,0.013351772743957158,0.013263423371260949,0.02082896406707878
2015-12-24 00:00:00+00:00,443.09100341796875,458.45599365234375,443.0769958496094,454.9849853515625,454.9849853515625,57157200,0.028444746614998406,0.028047706368313604,0.026934448499744752
2015-12-25 00:00:00+00:00,454.8550109863281,458.30499267578125,452.07501220703125,455.65301513671875,455.65301513671875,39078500,0.0014682457809900296,0.0014671689620477152,0.01503851508814982
2015-12-26 00:00:00+00:00,455.7560119628906,457.489013671875,405.760009765625,417.27398681640625,417.27398681640625,116166000,-0.08422862802476327,-0.0879885393752486,0.04536067641296134
2015-12-27 00:00:00+00:00,416.5140075683594,424.0069885253906,408.88299560546875,422.822998046875,422.822998046875,53591200,0.01329824385364864,0.01321059837446073,0.04657373821736267
2015-12-28 00:00:00+00:00,423.3429870605469,429.7690124511719,418.4809875488281,422.27899169921875,422.27899169921875,49638600,-0.0012866053884702522,-0.0012874337757977062,0.04547965774408321
2015-12-29 00:00:00+00:00,422.0979919433594,432.9830017089844,420.62701416015625,432.9830017089844,432.9830017089844,51596500,0.02534819448794612,0.025032256844190873,0.04487641436361246
2015-12-30 00:00:00+00:00,433.29998779296875,434.3869934082031,422.0840148925781,426.6199951171875,426.6199951171875,46889400,-0.014695742250116273,-0.014804794390454037,0.04443261790728456
2015-12-31 00:00:00+00:00,425.875,432.9209899902344,418.7349853515625,430.5669860839844,430.5669860839844,45996600,0.009251772096881439,0.00920923660459228,0.015083890777232057
2016-01-01 00:00:00+00:00,430.72100830078125,436.2460021972656,427.5150146484375,434.3340148925781,434.3340148925781,36278900,0.008748995929425352,0.00871094524036167,0.01469566032318164
2016-01-02 00:00:00+00:00,434.62200927734375,436.06201171875,431.8699951171875,433.43798828125,433.43798828125,30096600,-0.0020629897281927434,-0.0020651206226820714,0.014787592268532247
2016-01-03 00:00:00+00:00,433.5780029296875,433.7430114746094,424.70599365234375,430.010986328125,430.010986328125,39633800,-0.00790655652199379,-0.007937979079086463,0.010460170431326252
2016-01-04 00:00:00+00:00,430.0610046386719,434.5169982910156,429.0840148925781,433.09100341796875,433.09100341796875,38477500,0.007162647438718084,0.007137117514959161,0.007641653973765508
2016-01-05 00:00:00+00:00,433.0690002441406,434.1820068359375,429.6759948730469,431.9599914550781,431.9599914550781,34522600,-0.0026114880105212457,-0.002614903893657051,0.0070506438427092675
2016-01-06 00:00:00+00:00,431.8559875488281,431.8559875488281,426.34100341796875,429.1050109863281,429.1050109863281,34042500,-0.006609363193875617,-0.006631301754831982,0.005909432036451744
2016-01-07 00:00:00+00:00,430.010986328125,458.7659912109375,429.0769958496094,458.0480041503906,458.0480041503906,87562200,0.06744967414278147,0.06527232134918742,0.030883944206662097
2016-01-08 00:00:00+00:00,457.5379943847656,462.9339904785156,447.93798828125,453.2300109863281,453.2300109863281,56993000,-0.010518533255044149,-0.010574244034119464,0.031308627190985844
2016-01-09 00:00:00+00:00,453.38299560546875,454.6400146484375,446.8890075683594,447.6109924316406,447.6109924316406,32278000,-0.012397719520954253,-0.012475212401743629,0.033019847704661695
2016-01-10 00:00:00+00:00,448.2380065917969,448.3089904785156,440.35101318359375,447.9909973144531,447.9909973144531,35995900,0.0008489623562373261,0.0008486021915259452,0.03281401626656315
2016-01-11 00:00:00+00:00,448.697998046875,450.6619873046875,443.8550109863281,448.4280090332031,448.4280090332031,40450000,0.0009754921892843882,0.0009750167059737574,0.03217752993825922
2016-01-12 00:00:00+00:00,448.1820068359375,448.1820068359375,435.69000244140625,435.69000244140625,435.69000244140625,115607000,-0.028405912064368155,-0.028817166747445385,0.012234020070875068
2016-01-13 00:00:00+00:00,434.6650085449219,435.1860046386719,424.4429931640625,432.3710021972656,432.3710021972656,173888000,-0.007617802165628018,-0.007646965823602343,0.012270172825413247
2016-01-14 00:00:00+00:00,432.2879943847656,433.3240051269531,427.8450012207031,430.3059997558594,430.3059997558594,43945500,-0.004775996611502853,-0.0047874381276169385,0.012273781569799174
2016-01-15 00:00:00+00:00,430.2550048828125,430.2550048828125,364.33099365234375,364.33099365234375,364.33099365234375,153351008,-0.1533211392380016,-0.1664338052665779,0.07082928846450823
2016-01-16 00:00:00+00:00,365.072998046875,390.5570068359375,354.91400146484375,387.5360107421875,387.5360107421875,120352000,0.06369213021713627,0.06174599774960438,0.08391207317826362
2016-01-17 00:00:00+00:00,387.1520080566406,390.9649963378906,380.0920104980469,382.29901123046875,382.29901123046875,45319600,-0.01351358161965166,-0.01360572109487995,0.084204115991751
2016-01-18 00:00:00+00:00,381.7330017089844,388.10400390625,376.6650085449219,387.1679992675781,387.1679992675781,54403900,0.012736072796625919,0.012655651139036144,0.08579369211166783
2016-01-19 00:00:00+00:00,387.0260009765625,387.7300109863281,378.97198486328125,380.14898681640625,380.14898681640625,46819800,-0.018129113109683792,-0.018295459016986062,0.08532422042980413
2016-01-20 00:00:00+00:00,379.739990234375,425.2669982910156,376.5989990234375,420.2300109863281,420.2300109863281,121720000,0.10543504141779825,0.10023896012970848,0.051150546003871075
2016-01-21 00:00:00+00:00,419.6319885253906,422.87701416015625,406.29998779296875,410.2619934082031,410.2619934082031,68338000,-0.023720384830985597,-0.024006242647881867,0.05161067199724576
2016-01-22 00:00:00+00:00,409.7510070800781,410.4100036621094,375.2820129394531,382.49200439453125,382.49200439453125,91546600,-0.06768842705359068,-0.070088214427767,0.06330747388456193
2016-01-23 00:00:00+00:00,382.4339904785156,394.5429992675781,381.9809875488281,387.4909973144531,387.4909973144531,56247400,0.013069535735354965,0.012984866282223048,0.06332396486985047
2016-01-24 00:00:00+00:00,388.10198974609375,405.4849853515625,387.510009765625,402.97100830078125,402.97100830078125,54824800,0.0399493435811773,0.039172003871981685,0.06434234459465014
2016-01-25 00:00:00+00:00,402.3169860839844,402.3169860839844,388.5539855957031,391.72601318359375,391.72601318359375,59062400,-0.02790522118354022,-0.028301970204966494,0.04185090371746871
2016-01-26 00:00:00+00:00,392.00201416015625,397.7659912109375,390.57501220703125,392.15301513671875,392.15301513671875,58147000,0.0010900525845978226,0.0010894589086653844,0.04186288732409758
2016-01-27 00:00:00+00:00,392.4440002441406,396.8429870605469,391.7820129394531,394.97198486328125,394.97198486328125,47424400,0.007188443331437089,0.007162729626808593,0.024240321508923843
2016-01-28 00:00:00+00:00,395.14599609375,395.50201416015625,379.7349853515625,380.28900146484375,380.28900146484375,59247900,-0.037174746465929664,-0.0378833441545607,0.03062960514846129
2016-01-29 00:00:00+00:00,380.1080017089844,384.3789978027344,365.4519958496094,379.4739990234375,379.4739990234375,86125296,-0.0021431133644858047,-0.002145413118275195,0.01982017613062021
2016-01-30 00:00:00+00:00,378.864990234375,380.9169921875,376.4909973144531,378.2550048828125,378.2550048828125,30284400,-0.003212325860960319,-0.0032174964557383176,0.017731874843740374
2016-01-31 00:00:00+00:00,378.2929992675781,380.34698486328125,367.8349914550781,368.7669982910156,368.7669982910156,37894300,-0.025083624722259446,-0.02540358060856337,0.01864548631394737
2016-02-01 00:00:00+00:00,369.3500061035156,378.0719909667969,367.9570007324219,373.0559997558594,373.0559997558594,51656700,0.011630654274163321,0.011563538116676307,0.01985819178261959
2016-02-02 00:00:00+00:00,372.9200134277344,375.88299560546875,372.9200134277344,374.447998046875,374.447998046875,40378700,0.0037313387049842106,0.0037243945294053483,0.013783743761501353
2016-02-03 00:00:00+00:00,374.64599609375,374.95001220703125,368.0450134277344,369.9490051269531,369.9490051269531,45933400,-0.012015000596581338,-0.012087764139591044,0.014319132682170608
2016-02-04 00:00:00+00:00,370.17401123046875,391.6080017089844,369.9930114746094,389.593994140625,389.593994140625,69285504,0.053101883614825374,0.051739984040954964,0.029332518687434507
2016-02-05 00:00:00+00:00,388.89801025390625,391.093994140625,385.5719909667969,386.54901123046875,386.54901123046875,43825000,-0.007815785037633693,-0.007846488370578702,0.025439788017336536
2016-02-06 00:00:00+00:00,386.5889892578125,386.6310119628906,372.3869934082031,376.5220031738281,376.5220031738281,49249300,-0.025939810387103357,-0.026282180931773355,0.029884053529950477
2016-02-07 00:00:00+00:00,376.5140075683594,380.8710021972656,374.90301513671875,376.6199951171875,376.6199951171875,37076300,0.00026025555620479146,0.0002602216956023363,0.029869874939780185
2016-02-08 00:00:00+00:00,376.7569885253906,379.8789978027344,373.3340148925781,373.4469909667969,373.4469909667969,47671100,-0.00842494873221833,-0.008460639214485643,0.02950967424757052
2016-02-09 00:00:00+00:00,373.4230041503906,377.2460021972656,372.89801025390625,376.02899169921875,376.02899169921875,55318500,0.006913968501225387,0.00689017662225599,0.012452527938096291
2016-02-10 00:00:00+00:00,376.14599609375,385.4830017089844,375.7829895019531,381.64898681640625,381.64898681640625,85130896,0.014945643131907493,0.014835057495084155,0.015790872059522
2016-02-11 00:00:00+00:00,382.114013671875,383.1300048828125,376.39898681640625,379.65399169921875,379.65399169921875,74375600,-0.005227303585499055,-0.00524101373583598,0.009393449087299664
2016-02-12 00:00:00+00:00,379.6860046386719,384.9540100097656,379.6000061035156,384.26300048828125,384.26300048828125,67042800,0.012140024574571084,0.012066925497951821,0.010386157916035782
2016-02-13 00:00:00+00:00,384.6409912109375,391.8599853515625,384.6409912109375,391.8599853515625,391.8599853515625,61911700,0.019770274144603528,0.01957738050316613,0.009495198756922911
2016-02-14 00:00:00+00:00,392.9320068359375,407.2300109863281,392.9320068359375,407.2300109863281,407.2300109863281,74469800,0.03922325884072131,0.03847356761024338,0.015699117209900235
2016-02-15 00:00:00+00:00,407.5679931640625,410.3810119628906,397.7489929199219,400.18499755859375,400.18499755859375,74070496,-0.017299838513058163,-0.017451229283921166,0.021744398497634928
2016-02-16 00:00:00+00:00,401.4320068359375,408.94500732421875,401.4320068359375,407.4880065917969,407.4880065917969,73093104,0.018249082493738022,0.018084566484096332,0.020245679200614857
2016-02-17 00:00:00+00:00,407.656005859375,421.1669921875,406.78399658203125,416.3219909667969,416.3219909667969,83193600,0.021679127316867275,0.021447477040665734,0.020438080782412542
2016-02-18 00:00:00+00:00,416.5719909667969,425.9960021972656,415.63800048828125,422.37298583984375,422.37298583984375,76752600,0.014534410875089776,0.014429798757375453,0.02034391953619975
2016-02-19 00:00:00+00:00,422.7300109863281,423.10400390625,417.60400390625,420.7850036621094,420.7850036621094,55711300,-0.003759667949825962,-0.003766753265904786,0.016579857298528514
2016-02-20 00:00:00+00:00,421.60101318359375,441.9840087890625,421.60101318359375,437.16400146484375,437.16400146484375,93992096,0.03892486105775461,0.03818639098201341,0.015044904399557246
2016-02-21 00:00:00+00:00,437.77301025390625,448.0459899902344,429.0769958496094,438.7980041503906,438.7980041503906,89820704,0.003737733848330871,0.003730765878716895,0.016267309248680542
2016-02-22 00:00:00+00:00,438.989013671875,439.0450134277344,432.9169921875,437.74798583984375,437.74798583984375,85385200,-0.0023929423119869453,-0.002395809974121328,0.01729574984192826
2016-02-23 00:00:00+00:00,438.2550048828125,439.8580017089844,417.8210144042969,420.7359924316406,420.7359924316406,85244896,-0.03886252811778146,-0.03963782937665178,0.02765948761083892
2016-02-24 00:00:00+00:00,420.95599365234375,425.54998779296875,413.9070129394531,424.9549865722656,424.9549865722656,67743696,0.01002765205857803,0.00997770875420976,0.02796927961485097
2016-02-25 00:00:00+00:00,425.0369873046875,427.718994140625,420.4150085449219,424.54400634765625,424.54400634765625,70798000,-0.0009671147241367972,-0.0009675826813181336,0.01949162586444003
2016-02-26 00:00:00+00:00,424.6289978027344,432.1520080566406,421.6199951171875,432.1520080566406,432.1520080566406,61486000,0.017920407767467728,0.017761730167476383,0.02205834856213241
2016-02-27 00:00:00+00:00,432.8389892578125,434.2309875488281,428.1029968261719,432.5190124511719,432.5190124511719,41893600,0.0008492483841082699,0.0008488879767351332,0.02213010397690498
2016-02-28 00:00:00+00:00,432.5710144042969,435.6830139160156,423.82000732421875,433.5039978027344,433.5039978027344,53033400,0.0022773226683849845,0.002274733499287574,0.007796105638119131
2016-02-29 00:00:00+00:00,433.43798828125,441.5069885253906,431.6929931640625,437.6969909667969,437.6969909667969,60694700,0.009672328710496725,0.009625851196027416,0.007752454626033349
2016-03-01 00:00:00+00:00,437.9169921875,439.65301513671875,432.3190002441406,435.12298583984375,435.12298583984375,74895800,-0.005880792374806099,-0.005898152327929521,0.009050674600082463
2016-03-02 00:00:00+00:00,435.1310119628906,435.9169921875,423.989013671875,423.989013671875,423.989013671875,74955296,-0.02558810389315269,-0.0259211734527871,0.01353251278471229
2016-03-03 00:00:00+00:00,423.9119873046875,425.37298583984375,419.4110107421875,421.6510009765625,421.6510009765625,100484000,-0.005514323767648155,-0.0055295837758946205,0.013281375181802594
2016-03-04 00:00:00+00:00,421.83599853515625,425.1780090332031,410.9389953613281,410.9389953613281,410.9389953613281,90856096,-0.02540490972492626,-0.02573318626747075,0.015170791010730968
2016-03-05 00:00:00+00:00,410.781005859375,411.2569885253906,394.0350036621094,400.57000732421875,400.57000732421875,135384992,-0.025232426598970514,-0.0255562226581641,0.010968578100026964
2016-03-06 00:00:00+00:00,400.5249938964844,411.9070129394531,395.77801513671875,407.7070007324219,407.7070007324219,91212496,0.017817093835551523,0.017660229918133284,0.019252305203496512
2016-03-07 00:00:00+00:00,407.7569885253906,415.9169921875,406.3089904785156,414.3210144042969,414.3210144042969,85762400,0.016222467752560865,0.016092289510488238,0.021273967386017778
2016-03-08 00:00:00+00:00,414.4649963378906,416.2430114746094,411.093994140625,413.97198486328125,413.97198486328125,70311696,-0.0008424133193375427,-0.0008427683488395658,0.02132668978336999
2016-03-09 00:00:00+00:00,413.8940124511719,416.0320129394531,411.6059875488281,414.8599853515625,414.8599853515625,70012304,0.0021450738715436124,0.0021427764853751744,0.017401377870610794
2016-03-10 00:00:00+00:00,414.7439880371094,417.5119934082031,413.2510070800781,417.1310119628906,417.1310119628906,81022896,0.005474200191670997,0.005459271215821551,0.008332312495948907
2016-03-11 00:00:00+00:00,417.2380065917969,423.9259948730469,417.01300048828125,421.69000244140625,421.69000244140625,73969696,0.010929397114499917,0.010870102896019172,0.006796986118510172
2016-03-12 00:00:00+00:00,421.6050109863281,421.7950134277344,410.093994140625,411.6239929199219,411.6239929199219,92712896,-0.02387063829639413,-0.024160158622951636,0.013494884080729191
2016-03-13 00:00:00+00:00,411.64801025390625,416.60400390625,411.6419982910156,414.06500244140625,414.06500244140625,74322800,0.00593019251421345,0.005912678130918167,0.013885398826456286
2016-03-14 00:00:00+00:00,414.20098876953125,416.6839904785156,414.20098876953125,416.43798828125,416.43798828125,95259400,0.00573095003405788,0.0057145906134999196,0.014110365816635669
2016-03-15 00:00:00+00:00,416.38800048828125,418.1310119628906,414.9849853515625,416.8299865722656,416.8299865722656,66781700,0.0009413125172212933,0.0009408697604203162,0.013876866660263547
2016-03-16 00:00:00+00:00,416.88800048828125,417.6860046386719,415.9119873046875,417.010986328125,417.010986328125,65185800,0.0004342292102057499,0.00043413495998539736,0.012525010998748566
2016-03-17 00:00:00+00:00,417.8890075683594,420.99700927734375,417.8890075683594,420.6210021972656,420.6210021972656,83528600,0.008656884320788816,0.00861962835702918,0.0035173385877617746
2016-03-18 00:00:00+00:00,420.5469970703125,420.5469970703125,406.1369934082031,409.5480041503906,409.5480041503906,104940000,-0.026325357005549388,-0.026678073244245377,0.014103941894763428
2016-03-19 00:00:00+00:00,409.2650146484375,410.9840087890625,407.2300109863281,410.4440002441406,410.4440002441406,58423000,0.0021877681850965836,0.002185378505023388,0.013691497497795895
2016-03-20 00:00:00+00:00,410.4010009765625,414.625,410.4010009765625,413.7550048828125,413.7550048828125,45947900,0.008066885218695807,0.008034521831448932,0.014530746902644184
2016-03-21 00:00:00+00:00,413.4179992675781,413.4179992675781,410.3810119628906,413.3070068359375,413.3070068359375,61655400,-0.0010827616381386962,-0.0010833482479985395,0.014496556612803496
2016-03-22 00:00:00+00:00,413.1319885253906,418.375,412.531005859375,418.0889892578125,418.0889892578125,66813300,0.011570049243740943,0.011503628063921653,0.015060419016061106
2016-03-23 00:00:00+00:00,418.1610107421875,419.26800537109375,417.364013671875,418.0409851074219,418.0409851074219,61444200,-0.0001148180211008043,-0.00011482461319438798,0.005444989968296867
2016-03-24 00:00:00+00:00,418.42401123046875,418.67999267578125,415.4859924316406,416.3940124511719,416.3940124511719,68346704,-0.0039397396784595085,-0.0039475208968670706,0.006561786919537206
2016-03-25 00:00:00+00:00,416.50799560546875,418.0799865722656,415.5580139160156,417.177001953125,417.177001953125,52560000,0.001880405285714648,0.0018786395368977987,0.0058962756202250305
2016-03-26 00:00:00+00:00,417.364990234375,418.98699951171875,416.2590026855469,417.94500732421875,417.94500732421875,44650400,0.0018409580765432754,0.0018392655901028447,0.0056994792533451195
2016-03-27 00:00:00+00:00,418.1400146484375,428.7969970703125,417.71099853515625,426.7650146484375,426.7650146484375,71229400,0.0211032723675455,0.02088368232159591,0.00967295696479284
2016-03-28 00:00:00+00:00,426.5480041503906,426.85699462890625,423.2929992675781,424.2309875488281,424.2309875488281,68522800,-0.005937757343340011,-0.005955455919149955,0.010616978351447034
2016-03-29 00:00:00+00:00,424.3039855957031,426.2030029296875,412.6809997558594,416.5159912109375,416.5159912109375,75411504,-0.01818583876313995,-0.01835323371311265,0.014277008237344277
2016-03-30 00:00:00+00:00,416.8340148925781,416.8340148925781,412.4960021972656,414.8160095214844,414.8160095214844,66034100,-0.004081431986586503,-0.0040897837626671105,0.014336175758170021
2016-03-31 00:00:00+00:00,415.2569885253906,418.3689880371094,415.2569885253906,416.72900390625,416.72900390625,60215200,0.004611669609792424,0.004601068441725693,0.014531302732019991
2016-04-01 00:00:00+00:00,416.760009765625,418.1730041503906,415.83099365234375,417.9599914550781,417.9599914550781,51235700,0.0029539281818384833,0.0029495739086860765,0.009110136927545963
2016-04-02 00:00:00+00:00,418.4219970703125,422.08099365234375,418.4219970703125,420.87298583984375,420.87298583984375,45681200,0.006969553173317822,0.006945378098913718,0.010235290183855772
2016-04-03 00:00:00+00:00,421.1730041503906,421.5799865722656,419.6969909667969,420.90399169921875,420.90399169921875,38053700,7.367034810545903e-05,7.36676345786342e-05,0.004268318556950307
2016-04-04 00:00:00+00:00,421.29901123046875,422.3429870605469,419.60101318359375,421.4440002441406,421.4440002441406,50634300,0.001282973209025151,0.0012821509021542581,0.002715753670411644
2016-04-05 00:00:00+00:00,421.0169982910156,424.2569885253906,420.614013671875,424.0299987792969,424.0299987792969,60718000,0.006136043065408936,0.00611729420992552,0.0029865931604892357
2016-04-06 00:00:00+00:00,424.28399658203125,424.5270080566406,422.72900390625,423.4129943847656,423.4129943847656,59091000,-0.0014550960929827772,-0.0014561557733853048,0.0037358020148148333
2016-04-07 00:00:00+00:00,423.6199951171875,423.6570129394531,420.51800537109375,422.7449951171875,422.7449951171875,57858600,-0.0015776541495821084,-0.0015788999563638598,0.003152168737495468
2016-04-08 00:00:00+00:00,422.9070129394531,425.3609924316406,419.635009765625,420.3489990234375,420.3489990234375,63454700,-0.0056677101359551285,-0.005683832552027873,0.004348456062763473
2016-04-09 00:00:00+00:00,420.8110046386719,420.8909912109375,416.5150146484375,419.4110107421875,419.4110107421875,49792700,-0.0022314512070426007,-0.0022339446042406734,0.004320144016004388
2016-04-10 00:00:00+00:00,419.5920104980469,422.43499755859375,419.2569885253906,421.5639953613281,421.5639953613281,73478600,0.005133352639766775,0.0051202219024044345,0.003915436688145759
2016-04-11 00:00:00+00:00,421.87200927734375,422.739013671875,420.5329895019531,422.4830017089844,422.4830017089844,50747500,0.0021799924988104014,0.0021776197629015653,0.004176754444041357
2016-04-12 00:00:00+00:00,422.8429870605469,427.2770080566406,422.8429870605469,425.19000244140625,425.19000244140625,70728800,0.00640736011028098,0.0063869202424251,0.005059552566540202
2016-04-13 00:00:00+00:00,425.6319885253906,426.6579895019531,422.9159851074219,423.7340087890625,423.7340087890625,69060400,-0.0034243365177533125,-0.0034302129771983905,0.004348629127573315
2016-04-14 00:00:00+00:00,423.93499755859375,425.3710021972656,423.01300048828125,424.2820129394531,424.2820129394531,45281000,0.0012932739384234893,0.001292438380009947,0.003824971411325948
2016-04-15 00:00:00+00:00,424.427001953125,429.9280090332031,424.427001953125,429.7130126953125,429.7130126953125,54801500,0.012800447792337577,0.01271921454071168,0.006071166381805206
2016-04-16 00:00:00+00:00,429.57501220703125,432.625,428.9840087890625,430.5719909667969,430.5719909667969,39392800,0.0019989580164132548,0.001996962758353169,0.006083976744957601
2016-04-17 00:00:00+00:00,430.635986328125,431.3710021972656,426.0790100097656,427.39898681640625,427.39898681640625,52125900,-0.007369276722496543,-0.007396563983103657,0.007558801245578585
2016-04-18 00:00:00+00:00,427.6109924316406,429.27398681640625,427.08599853515625,428.59100341796875,428.59100341796875,55670900,0.0027890019357359463,0.0027851198861912063,0.007140091443374233
2016-04-19 00:00:00+00:00,428.7030029296875,436.0199890136719,428.10400390625,435.5090026855469,435.5090026855469,52810500,0.016141261044697153,0.016012375952933273,0.00933016393025673
2016-04-20 00:00:00+00:00,435.3240051269531,443.0539855957031,434.406005859375,441.3890075683594,441.3890075683594,72890096,0.013501454267428992,0.013411121805216768,0.009473167517389821
2016-04-21 00:00:00+00:00,441.4159851074219,450.5480041503906,440.9519958496094,449.42498779296875,449.42498779296875,68204704,0.018206117703021496,0.01804237081908121,0.010688162009139019
2016-04-22 00:00:00+00:00,449.68798828125,449.80999755859375,444.1499938964844,445.73699951171875,445.73699951171875,58804400,-0.008206015200358463,-0.00823986987830282,0.011005078917741785
2016-04-23 00:00:00+00:00,445.8609924316406,450.2820129394531,444.33099365234375,450.2820129394531,450.2820129394531,50485400,0.010196625886370603,0.010144991001068509,0.010548683445546159
2016-04-24 00:00:00+00:00,450.55999755859375,460.14599609375,448.9280090332031,458.55499267578125,458.55499267578125,68198400,0.018372885211030088,0.018206143015635057,0.01090734209577686
2016-04-25 00:00:00+00:00,459.1210021972656,466.6199951171875,453.5920104980469,461.4259948730469,461.4259948730469,87091800,0.006260976858004863,0.006241458369899468,0.01086942991347668
2016-04-26 00:00:00+00:00,461.64801025390625,467.9649963378906,461.6210021972656,466.0889892578125,466.0889892578125,78971904,0.010105617014595225,0.010054896687550094,0.009711253065482473
2016-04-27 00:00:00+00:00,466.2619934082031,467.0790100097656,444.1340026855469,444.68701171875,444.68701171875,93564896,-0.04591822169655291,-0.04700588971564477,0.02637651651156867
2016-04-28 00:00:00+00:00,445.0379943847656,449.5509948730469,436.6499938964844,449.010986328125,449.010986328125,74064704,0.00972363594039427,0.009676665628468313,0.026330181556243806
2016-04-29 00:00:00+00:00,449.4079895019531,455.3840026855469,446.0169982910156,455.09698486328125,455.09698486328125,49258500,0.013554230788261235,0.013463193902923071,0.025558980170322095
2016-04-30 00:00:00+00:00,455.1780090332031,455.5870056152344,447.6969909667969,448.3179931640625,448.3179931640625,69322600,-0.014895707782496714,-0.015007762991123413,0.025713212820221796
2016-05-01 00:00:00+00:00,448.4840087890625,452.47900390625,447.927001953125,451.875,451.875,40660100,0.007934115717358248,0.007902806121518367,0.025398307042430193
2016-05-02 00:00:00+00:00,451.9330139160156,452.44500732421875,441.7760009765625,444.66900634765625,444.66900634765625,92127000,-0.015946873919432947,-0.016075393468011404,0.014326554798653074
2016-05-03 00:00:00+00:00,444.72698974609375,451.09698486328125,442.61700439453125,450.3039855957031,450.3039855957031,59366400,0.01267230044731571,0.012592678802026256,0.014868464895922601
2016-05-04 00:00:00+00:00,450.1830139160156,450.37799072265625,445.6300048828125,446.72198486328125,446.72198486328125,50407300,-0.007954628089030247,-0.007986434929728583,0.013223698289852778
2016-05-05 00:00:00+00:00,446.71099853515625,448.5060119628906,445.88299560546875,447.97601318359375,447.97601318359375,50440800,0.002807178430442203,0.0028032456633388632,0.011736407506544843
2016-05-06 00:00:00+00:00,447.9419860839844,461.375,447.0679931640625,459.6029968261719,459.6029968261719,72796800,0.025954478142589776,0.02562337748220021,0.016490008000717638
2016-05-07 00:00:00+00:00,459.6390075683594,460.67498779296875,457.3240051269531,458.5360107421875,458.5360107421875,38364500,-0.0023215385699234536,-0.0023242375185406018,0.013262470141716928
2016-05-08 00:00:00+00:00,458.4289855957031,459.4169921875,455.9830017089844,458.5480041503906,458.5480041503906,40315000,2.615586981646878e-05,2.6155527757670403e-05,0.01292066526179413
2016-05-09 00:00:00+00:00,458.20599365234375,462.4809875488281,456.531005859375,460.4830017089844,460.4830017089844,55493100,0.004219836398980714,0.0042109578579271325,0.011218885305721094
2016-05-10 00:00:00+00:00,460.51800537109375,461.9289855957031,448.9540100097656,450.8949890136719,450.8949890136719,58956100,-0.020821643056809114,-0.021041470263289737,0.016688315022828984
2016-05-11 00:00:00+00:00,450.864013671875,454.57598876953125,450.864013671875,452.7279968261719,452.7279968261719,50605200,0.00406526543244512,0.004057024567579209,0.010451165078579091
2016-05-12 00:00:00+00:00,452.4469909667969,454.9490051269531,449.25,454.7659912109375,454.7659912109375,59849300,0.004501586822668102,0.004491484985559609,0.010994059802255164
2016-05-13 00:00:00+00:00,454.8500061035156,457.05499267578125,453.4530029296875,455.6700134277344,455.6700134277344,60845000,0.001987884393882755,0.001985911166300505,0.011103200120871962
2016-05-14 00:00:00+00:00,455.822998046875,456.83599853515625,454.7860107421875,455.6709899902344,455.6709899902344,37209000,2.1431353198764214e-06,2.143133023365203e-06,0.010738361054785884
2016-05-15 00:00:00+00:00,455.7590026855469,458.6919860839844,455.4590148925781,457.5679931640625,457.5679931640625,28514000,0.004163098409817101,0.004154456691545624,0.0019151388296898613
2016-05-16 00:00:00+00:00,457.58599853515625,458.20001220703125,452.94500732421875,454.1629943847656,454.1629943847656,59171500,-0.007441514332660049,-0.007469340532431954,0.0048776232609869415
2016-05-17 00:00:00+00:00,454.0090026855469,455.0719909667969,453.6050109863281,453.7829895019531,453.7829895019531,64100300,-0.0008367147643265627,-0.0008370650055065897,0.004380599161247721
2016-05-18 00:00:00+00:00,453.6910095214844,455.99798583984375,453.29901123046875,454.6189880371094,454.6189880371094,86850096,0.0018422870722276663,0.0018405921427778833,0.0043609782956626165
2016-05-19 00:00:00+00:00,454.52398681640625,454.63299560546875,438.7149963378906,438.7149963378906,438.7149963378906,96027400,-0.034983122389776966,-0.035609688044568585,0.016260287292385125
2016-05-20 00:00:00+00:00,437.7929992675781,444.0539855957031,437.3890075683594,442.6759948730469,442.6759948730469,81987904,0.009028637197771028,0.008988122730631124,0.01724645479608387
2016-05-21 00:00:00+00:00,442.96600341796875,443.77801513671875,441.70599365234375,443.18798828125,443.18798828125,42762300,0.001156587242436613,0.0011559189106849438,0.01756830799225799
2016-05-22 00:00:00+00:00,443.2179870605469,443.427001953125,439.0350036621094,439.322998046875,439.322998046875,39657600,-0.008720882191243562,-0.008759131625917297,0.017468081238016565
2016-05-23 00:00:00+00:00,439.3479919433594,444.3450012207031,438.822998046875,444.1549987792969,444.1549987792969,50582500,0.010998742961110253,0.010938696675652637,0.01896115460765784
2016-05-24 00:00:00+00:00,444.2909851074219,447.1000061035156,443.92999267578125,445.9809875488281,445.9809875488281,65783100,0.004111152130561901,0.004102724435104247,0.007768002437696421
2016-05-25 00:00:00+00:00,446.06201171875,450.2980041503906,446.06201171875,449.5989990234375,449.5989990234375,65231000,0.008112479176510368,0.0080797499085015,0.007610304210729624
2016-05-26 00:00:00+00:00,449.6719970703125,453.6440124511719,447.89599609375,453.3840026855469,453.3840026855469,65203800,0.008418621194288045,0.00838338224035434,0.007831066895790571
2016-05-27 00:00:00+00:00,453.52099609375,478.14898681640625,453.52099609375,473.4639892578125,473.4639892578125,164780992,0.04428913780222743,0.04333640303418643,0.016045723490010756
2016-05-28 00:00:00+00:00,473.02899169921875,533.4730224609375,472.6990051269531,530.0399780273438,530.0399780273438,181199008,0.11949375254117633,0.1128765764615354,0.04615574116142841
2016-05-29 00:00:00+00:00,527.4769897460938,553.9600219726562,512.1790161132812,526.2329711914062,526.2329711914062,148736992,-0.0071824899889741944,-0.007208408249862471,0.04829797556353297
2016-05-30 00:00:00+00:00,528.4710083007812,544.3489990234375,522.9630126953125,533.864013671875,533.864013671875,87958704,0.014501262555236538,0.014397124792801783,0.04755697153766439
2016-05-31 00:00:00+00:00,534.1909790039062,546.6179809570312,520.6619873046875,531.385986328125,531.385986328125,138450000,-0.004641682676279957,-0.0046524887371504585,0.04964823053516661
2016-06-01 00:00:00+00:00,531.1069946289062,543.0800170898438,525.635986328125,536.9199829101562,536.9199829101562,86061800,0.01041426895780817,0.010360414042520567,0.049913833771940516
2016-06-02 00:00:00+00:00,536.5150146484375,540.3519897460938,533.0780029296875,537.9719848632812,537.9719848632812,60378200,0.001959327249142495,0.0019574102710910157,0.009326374757564716
2016-06-03 00:00:00+00:00,537.6820068359375,574.6380004882812,536.9199829101562,569.1939697265625,569.1939697265625,122020000,0.058036451231221475,0.05641478580218467,0.023932117079492943
2016-06-04 00:00:00+00:00,569.7050170898438,590.1320190429688,564.2379760742188,572.7269897460938,572.7269897460938,94925296,0.006207058063578019,0.006187873623703142,0.0243218774887467
2016-06-05 00:00:00+00:00,573.3079833984375,582.8079833984375,569.177978515625,574.9769897460938,574.9769897460938,68874096,0.003928573369656352,0.003920876676725658,0.022936154443634407
2016-06-06 00:00:00+00:00,574.6019897460938,586.469970703125,574.6019897460938,585.5369873046875,585.5369873046875,72138896,0.018365948110822705,0.018199331047312053,0.02274117475959379
2016-06-07 00:00:00+00:00,585.4450073242188,590.2589721679688,567.5139770507812,576.5969848632812,576.5969848632812,107770000,-0.015268040508522596,-0.015385797185729206,0.026658505501853762
2016-06-08 00:00:00+00:00,577.1669921875,582.8389892578125,573.1300048828125,581.64501953125,581.64501953125,80265800,0.008754875243001337,0.008716773544990978,0.012287532673937417
2016-06-09 00:00:00+00:00,582.2030029296875,582.2030029296875,570.9509887695312,574.6300048828125,574.6300048828125,71301000,-0.012060645948779758,-0.012133965657505163,0.014180322241749511
2016-06-10 00:00:00+00:00,575.8369750976562,579.1270141601562,573.3250122070312,577.469970703125,577.469970703125,66991900,0.00494225118107372,0.004930078348693751,0.014245312909638144
2016-06-11 00:00:00+00:00,578.6740112304688,607.1160278320312,578.6740112304688,606.7269897460938,606.7269897460938,82357000,0.05066413930986835,0.04942247784544362,0.02585570858757819
2016-06-12 00:00:00+00:00,609.6840209960938,684.843994140625,607.0390014648438,672.7839965820312,672.7839965820312,277084992,0.10887435032943138,0.10334540197584181,0.04639467482107316
2016-06-13 00:00:00+00:00,671.6539916992188,716.0040283203125,664.4869995117188,704.3759765625,704.3759765625,243295008,0.04695709193584663,0.04588794913443161,0.0449147161427177
2016-06-14 00:00:00+00:00,704.5040283203125,704.5040283203125,662.8040161132812,685.5590209960938,685.5590209960938,186694000,-0.026714363056839163,-0.02707767672920061,0.04938378392527481
2016-06-15 00:00:00+00:00,685.6849975585938,696.302978515625,672.5609741210938,694.468994140625,694.468994140625,99223800,0.012996653638348121,0.012912921843862118,0.04827294829136782
2016-06-16 00:00:00+00:00,696.5230102539062,773.7219848632812,696.5230102539062,766.3079833984375,766.3079833984375,271633984,0.1034444876069811,0.09843663970118602,0.05583626309932402
2016-06-17 00:00:00+00:00,768.4869995117188,775.3560180664062,716.5560302734375,748.9089965820312,748.9089965820312,363320992,-0.02270495309111209,-0.02296667978803112,0.052260917423199105
2016-06-18 00:00:00+00:00,748.7559814453125,777.989990234375,733.9290161132812,756.2269897460938,756.2269897460938,252718000,0.009771538594757656,0.009724105855091677,0.05050423293528157
2016-06-19 00:00:00+00:00,756.68798828125,766.6209716796875,745.6279907226562,763.781005859375,763.781005859375,136184992,0.009989085573125944,0.00993952443153728,0.045394180778871224
2016-06-20 00:00:00+00:00,763.927001953125,764.083984375,732.7269897460938,737.2260131835938,737.2260131835938,174511008,-0.034767809715171794,-0.03538659489137982,0.052318407862537636
2016-06-21 00:00:00+00:00,735.8829956054688,735.8829956054688,639.0700073242188,666.6519775390625,666.6519775390625,309944000,-0.09572917176344398,-0.10062637470045903,0.045323582463377324
2016-06-22 00:00:00+00:00,665.9149780273438,678.6699829101562,587.4829711914062,596.1160278320312,596.1160278320312,266392992,-0.10580625586293746,-0.11183281125116834,0.058447390168002086
2016-06-23 00:00:00+00:00,597.4429931640625,629.3270263671875,558.1389770507812,623.9769897460938,623.9769897460938,253462000,0.046737481653341684,0.04567816659395928,0.06833633258018036
2016-06-24 00:00:00+00:00,625.5750122070312,681.7269897460938,625.27197265625,665.2990112304688,665.2990112304688,224316992,0.0662236302995558,0.06412308826311645,0.08104237036352044
2016-06-25 00:00:00+00:00,665.281005859375,691.7310180664062,646.5590209960938,665.1229858398438,665.1229858398438,126656000,-0.00026458086913350165,-0.0002646158768267041,0.08171898524215271
2016-06-26 00:00:00+00:00,665.9310302734375,665.97998046875,616.9340209960938,629.3670043945312,629.3670043945312,109225000,-0.0537584510031085,-0.05525740531723876,0.07262198535815619
2016-06-27 00:00:00+00:00,629.3489990234375,655.2750244140625,620.5239868164062,655.2750244140625,655.2750244140625,122134000,0.04116520224071096,0.04034047275833968,0.047666791871948576
2016-06-28 00:00:00+00:00,658.1019897460938,659.2479858398438,637.7730102539062,647.0009765625,647.0009765625,138384992,-0.012626832312067848,-0.012707228240071165,0.04661400979594416
2016-06-29 00:00:00+00:00,644.1220092773438,644.6820068359375,628.2839965820312,639.8900146484375,639.8900146484375,142456000,-0.010990650975278071,-0.01105149439629652,0.03413628876293245
2016-06-30 00:00:00+00:00,640.5910034179688,675.4030151367188,636.6079711914062,673.3369750976562,673.3369750976562,138980000,0.05226985838745257,0.05094960079975523,0.04338800420683872
2016-07-01 00:00:00+00:00,672.5150146484375,686.1539916992188,669.593994140625,676.2960205078125,676.2960205078125,134431008,0.004394598127820171,0.004384970078765935,0.02954514029117089
2016-07-02 00:00:00+00:00,676.7340087890625,703.7020263671875,676.3989868164062,703.7020263671875,703.7020263671875,112354000,0.04052368345860824,0.03972412820578125,0.02941074631659686
2016-07-03 00:00:00+00:00,704.968017578125,704.968017578125,649.0089721679688,658.6640014648438,658.6640014648438,129512000,-0.06400155636164562,-0.06614146528546334,0.0464383682303089
2016-07-04 00:00:00+00:00,658.8040161132812,683.6619873046875,650.5079956054688,683.6619873046875,683.6619873046875,92008400,0.037952561221273884,0.03725008160035872,0.04764382286789545
2016-07-05 00:00:00+00:00,683.208984375,683.4910278320312,665.0659790039062,670.6270141601562,670.6270141601562,130476000,-0.01906640033610929,-0.01925050808487774,0.043951182323429205
2016-07-06 00:00:00+00:00,670.4180297851562,681.8980102539062,670.4180297851562,677.3309936523438,677.3309936523438,134960992,0.009996584316817492,0.009946948982912429,0.04418519136836607
2016-07-07 00:00:00+00:00,678.0900268554688,682.4320068359375,611.833984375,640.56201171875,640.56201171875,258091008,-0.054285101786537004,-0.055814131448865864,0.043530052626283025
2016-07-08 00:00:00+00:00,640.68798828125,666.7069702148438,636.4669799804688,666.5230102539062,666.5230102539062,141970000,0.04052847040600782,0.039728728712684167,0.04038113531385235
2016-07-09 00:00:00+00:00,666.3839721679688,666.3839721679688,633.3989868164062,650.9600219726562,650.9600219726562,180536000,-0.023349513882981232,-0.023626432892050374,0.036196752468982234
2016-07-10 00:00:00+00:00,650.5989990234375,652.2940063476562,641.2639770507812,649.3599853515625,649.3599853515625,102532000,-0.0024579644941098433,-0.002460990247984299,0.035878595027121506
2016-07-11 00:00:00+00:00,648.4840087890625,659.6290283203125,644.97998046875,647.6589965820312,647.6589965820312,107910000,-0.0026194850435854455,-0.0026229218977028494,0.034869047428475505
2016-07-12 00:00:00+00:00,648.2830200195312,675.2589721679688,646.7789916992188,664.551025390625,664.551025390625,138172992,0.026081670906665577,0.025747344854117726,0.02520961332901116
2016-07-13 00:00:00+00:00,664.7969970703125,668.7000122070312,654.468017578125,654.468017578125,654.468017578125,131449000,-0.015172661582416813,-0.015288944121917827,0.018716272389943066
2016-07-14 00:00:00+00:00,652.9229736328125,662.9019775390625,652.9229736328125,658.0780029296875,658.0780029296875,98511400,0.0055159079658642085,0.005500751056055478,0.015134545470595975
2016-07-15 00:00:00+00:00,659.1710205078125,667.0770263671875,659.0399780273438,663.2550048828125,663.2550048828125,81673104,0.007866851543552045,0.007836069201630321,0.015046314263176732
2016-07-16 00:00:00+00:00,663.781005859375,666.4600219726562,659.333984375,660.7670288085938,660.7670288085938,50330200,-0.0037511606484723625,-0.0037582138956780797,0.015183606810804417
2016-07-17 00:00:00+00:00,661.9929809570312,682.364990234375,661.9929809570312,679.458984375,679.458984375,74407904,0.02828826916516869,0.02789554519918658,0.015962949154975592
2016-07-18 00:00:00+00:00,679.8090209960938,681.5549926757812,668.625,673.1060180664062,673.1060180664062,69465000,-0.00935003650652666,-0.009394022492954113,0.014269695032299096
2016-07-19 00:00:00+00:00,672.7379760742188,673.2769775390625,667.6320190429688,672.864013671875,672.864013671875,61203300,-0.0003595338446481522,-0.00035959849243671893,0.014520010704807662
2016-07-20 00:00:00+00:00,672.8060302734375,672.9290161132812,663.3599853515625,665.6849975585938,665.6849975585938,94636400,-0.010669341750207062,-0.01072666729204274,0.015756341435868657
2016-07-21 00:00:00+00:00,665.22802734375,666.218994140625,660.4149780273438,665.0120239257812,665.0120239257812,60491800,-0.0010109490754345307,-0.0010114604291151619,0.015607859663674043
2016-07-22 00:00:00+00:00,664.9219970703125,666.5830078125,646.7219848632812,650.6190185546875,650.6190185546875,134169000,-0.021643225766245777,-0.0218808756405852,0.008760668115431757
2016-07-23 00:00:00+00:00,650.7260131835938,656.3660278320312,648.5239868164062,655.5560302734375,655.5560302734375,69532200,0.007588176149103898,0.007559530760042644,0.011319667785374467
2016-07-24 00:00:00+00:00,655.4099731445312,663.1099853515625,652.7930297851562,661.2849731445312,661.2849731445312,118184000,0.008739059068229693,0.00870109451418649,0.01291752738804547
2016-07-25 00:00:00+00:00,661.2630004882812,661.8280029296875,653.39501953125,654.0969848632812,654.0969848632812,78176496,-0.010869728745036777,-0.010929235856856501,0.01294625572322819
2016-07-26 00:00:00+00:00,654.2260131835938,656.2249755859375,645.8790283203125,651.7839965820312,651.7839965820312,225135008,-0.0035361549353930544,-0.0035424219096129757,0.012873308284707884
2016-07-27 00:00:00+00:00,651.6270141601562,657.4559936523438,648.447021484375,654.3519897460938,654.3519897460938,147460992,0.003939945100722264,0.0039322038437801,0.008272973576647689
2016-07-28 00:00:00+00:00,654.4920043945312,657.594970703125,654.4920043945312,655.0349731445312,655.0349731445312,86428400,0.001043755362771126,0.0010432110288771566,0.007485486946017522
2016-07-29 00:00:00+00:00,655.1110229492188,657.7960205078125,654.7860107421875,656.9920043945312,656.9920043945312,60703500,0.002987674445236399,0.002983220215594417,0.006102523570082466
2016-07-30 00:00:00+00:00,657.0120239257812,658.2230224609375,654.208984375,655.0469970703125,655.0469970703125,38456100,-0.0029604733561579,-0.0029648642255801294,0.0034047029708794835
2016-07-31 00:00:00+00:00,655.0999755859375,655.2849731445312,624.364990234375,624.6810302734375,624.6810302734375,110818000,-0.04635692848404205,-0.04746581641342204,0.021945781691422753
2016-08-01 00:00:00+00:00,624.6019897460938,626.1190185546875,605.8839721679688,606.27197265625,606.27197265625,121887000,-0.02946953200920699,-0.029912482748605147,0.022370124848547925
2016-08-02 00:00:00+00:00,606.39697265625,612.8480224609375,531.333984375,547.4650268554688,547.4650268554688,330932992,-0.09699763217344737,-0.10203010339079038,0.04224758753906419
2016-08-03 00:00:00+00:00,548.656005859375,573.3599853515625,541.5469970703125,566.35498046875,566.35498046875,207982000,0.03450440244883124,0.033922473824015205,0.05076883742605741
2016-08-04 00:00:00+00:00,566.3289794921875,579.4959716796875,565.7769775390625,578.2890014648438,578.2890014648438,125292000,0.021071627173149254,0.020852690662256746,0.054856135668491936
2016-08-05 00:00:00+00:00,578.281005859375,578.281005859375,569.9819946289062,575.0430297851562,575.0430297851562,66127900,-0.005613061413004994,-0.005628873840730598,0.05373803697459434
2016-08-06 00:00:00+00:00,575.030029296875,588.39599609375,569.468994140625,587.7780151367188,587.7780151367188,80797296,0.022146143317866906,0.02190447893396618,0.05548706500063187
2016-08-07 00:00:00+00:00,587.77099609375,597.5130004882812,586.8159790039062,592.6900024414062,592.6900024414062,82398400,0.008356874837424755,0.008322149488365755,0.015052453887289131
2016-08-08 00:00:00+00:00,592.7360229492188,592.9940185546875,588.0469970703125,591.0540161132812,591.0540161132812,61194100,-0.002760273197432106,-0.002764089776312475,0.012833535188297511
2016-08-09 00:00:00+00:00,591.0380249023438,591.0910034179688,584.7930297851562,587.801025390625,587.801025390625,92228096,-0.0055037113934993664,-0.005518912614127954,0.011891309338254418
2016-08-10 00:00:00+00:00,587.6480102539062,599.9840087890625,586.3709716796875,592.10302734375,592.10302734375,102905000,0.007318806479226669,0.007292153979075189,0.010832731664886953
2016-08-11 00:00:00+00:00,592.1240234375,597.5419921875,589.1199951171875,589.1199951171875,589.1199951171875,74514400,-0.005038029006446343,-0.005050762660932431,0.006800777581622091
2016-08-12 00:00:00+00:00,588.7979736328125,589.9099731445312,583.8109741210938,587.5590209960938,587.5590209960938,69218000,-0.002649670922785896,-0.0026531875140320326,0.005213055757872436
2016-08-13 00:00:00+00:00,587.3569946289062,589.7739868164062,584.97900390625,585.5880126953125,585.5880126953125,43563000,-0.003354570741573859,-0.003360209928904319,0.005249054441093637
2016-08-14 00:00:00+00:00,585.5889892578125,585.666015625,564.781005859375,570.4730224609375,570.4730224609375,60851100,-0.02581164557109794,-0.0261506116650263,0.012265785821120551
2016-08-15 00:00:00+00:00,570.4940185546875,573.5800170898438,563.239990234375,567.239990234375,567.239990234375,57262300,-0.005667283288201208,-0.005683403271326991,0.009898806709033403
2016-08-16 00:00:00+00:00,567.2429809570312,581.7379760742188,566.7160034179688,577.4390258789062,577.4390258789062,58405200,0.017980106868553447,0.017820376550905882,0.015587137049120493
2016-08-17 00:00:00+00:00,577.760986328125,580.8939819335938,571.4299926757812,573.2160034179688,573.2160034179688,54443000,-0.007313365172209707,-0.00734023893252839,0.015626374181805913
2016-08-18 00:00:00+00:00,573.7069702148438,577.7919921875,573.4299926757812,574.3179931640625,574.3179931640625,59896600,0.0019224685625014448,0.001920622984812707,0.015935487198831776
2016-08-19 00:00:00+00:00,574.3389892578125,578.2379760742188,574.1820068359375,575.6300048828125,575.6300048828125,50631600,0.0022844691170509357,0.0022818636847428365,0.009955457039880185
2016-08-20 00:00:00+00:00,576.083984375,582.8179931640625,575.4569702148438,581.697021484375,581.697021484375,45301400,0.010539785192048123,0.010484628874761412,0.009534017238534134
2016-08-21 00:00:00+00:00,581.9390258789062,584.1580200195312,580.218017578125,581.3079833984375,581.3079833984375,38299400,-0.0006687984836930561,-0.0006690222291649347,0.006407633878149374
2016-08-22 00:00:00+00:00,581.3109741210938,588.447998046875,580.593994140625,586.7529907226562,586.7529907226562,72844000,0.009366820136180065,0.00932322350619505,0.004930258874179375
2016-08-23 00:00:00+00:00,586.77099609375,589.4739990234375,581.6339721679688,583.4149780273438,583.4149780273438,85349200,-0.005688957275192363,-0.005705201028606711,0.006812826281074854
2016-08-24 00:00:00+00:00,583.4119873046875,583.5900268554688,579.85498046875,580.1820068359375,580.1820068359375,56328200,-0.0055414607323549525,-0.00555687158466975,0.007879038784208914
2016-08-25 00:00:00+00:00,580.1799926757812,580.4509887695312,575.1669921875,577.760986328125,577.760986328125,136130000,-0.004172863824260409,-0.004181594516967547,0.00630604058155442
2016-08-26 00:00:00+00:00,577.7529907226562,580.6229858398438,576.8579711914062,579.6510009765625,579.6510009765625,48856800,0.0032712742693985497,0.0032659352920632904,0.006649681563890651
2016-08-27 00:00:00+00:00,579.4520263671875,579.844970703125,568.6300048828125,569.947021484375,569.947021484375,59698300,-0.016741072603754348,-0.016882788233942674,0.0072060040903626325
2016-08-28 00:00:00+00:00,569.8300170898438,574.0380249023438,569.739990234375,573.9119873046875,573.9119873046875,86301600,0.006956726977862093,0.006932640596471534,0.009194836303080267
2016-08-29 00:00:00+00:00,574.0709838867188,576.2780151367188,573.4650268554688,574.1069946289062,574.1069946289062,110398000,0.0003397861144782688,0.00033972840024976483,0.009208662498648225
2016-08-30 00:00:00+00:00,574.114013671875,578.3569946289062,574.114013671875,577.5029907226562,577.5029907226562,70342400,0.0059152668849560275,0.005897840381638802,0.009729034073105552
2016-08-31 00:00:00+00:00,577.5910034179688,577.8610229492188,573.6420288085938,575.4719848632812,575.4719848632812,75840896,-0.0035168750500036428,-0.0035230737927989374,0.009616796450028435
2016-09-01 00:00:00+00:00,575.5460205078125,576.3109741210938,571.8140258789062,572.302978515625,572.302978515625,76923400,-0.005506795171634882,-0.005522013463223132,0.005533145518729557
2016-09-02 00:00:00+00:00,572.4099731445312,575.6430053710938,570.8109741210938,575.5369873046875,575.5369873046875,79910800,0.0056508683520231084,0.005634962090118573,0.005195154676896102
2016-09-03 00:00:00+00:00,575.5549926757812,599.5,574.0560302734375,598.2119750976562,598.2119750976562,159014000,0.03939796797275985,0.03864166859006237,0.017778465270778934
2016-09-04 00:00:00+00:00,598.5900268554688,611.8369750976562,596.8480224609375,608.6339721679688,608.6339721679688,97942896,0.01742191314142638,0.017271891548303744,0.01813030702783083
2016-09-05 00:00:00+00:00,608.989990234375,609.0549926757812,602.2420043945312,606.5900268554688,606.5900268554688,82446800,-0.0033582504525986323,-0.003363902032143534,0.018099641065654544
2016-09-06 00:00:00+00:00,606.5059814453125,610.8300170898438,605.0910034179688,610.4359741210938,610.4359741210938,78529104,0.00634027447757779,0.006320259493133727,0.016142608238984543
2016-09-07 00:00:00+00:00,610.572998046875,614.5449829101562,608.5130004882812,614.5440063476562,614.5440063476562,75032400,0.006729669286737572,0.0067071261444615286,0.016028678313455686
2016-09-08 00:00:00+00:00,614.635009765625,628.77001953125,613.843994140625,626.3159790039062,626.3159790039062,86713000,0.019155621948398593,0.01897446284342963,0.009124868367922095
2016-09-09 00:00:00+00:00,626.3519897460938,626.8300170898438,620.2630004882812,622.8610229492188,622.8610229492188,64550200,-0.005516314720538151,-0.00553158577042357,0.009748012087494652
2016-09-10 00:00:00+00:00,622.927001953125,625.094970703125,622.39501953125,623.5089721679688,623.5089721679688,45016800,0.0010402789625236775,0.0010397382473276812,0.009017773111921938
2016-09-11 00:00:00+00:00,623.4240112304688,628.8179931640625,600.5059814453125,606.718994140625,606.718994140625,73610800,-0.02692820597106127,-0.027297413260301932,0.017134638293704183
2016-09-12 00:00:00+00:00,607.0050048828125,608.458984375,605.4110107421875,608.2429809570312,608.2429809570312,72812304,0.0025118495236247096,0.0025087001024223436,0.016747454682244867
2016-09-13 00:00:00+00:00,608.0250244140625,611.1929931640625,606.9249877929688,609.2410278320312,609.2410278320312,86920600,0.0016408687091293839,0.0016395239549115224,0.012579790342117286
2016-09-14 00:00:00+00:00,608.8410034179688,611.9520263671875,608.4099731445312,610.6840209960938,610.6840209960938,47877700,0.0023685095030407943,0.0023657090055393985,0.013065651066725826
2016-09-15 00:00:00+00:00,610.5880126953125,611.0859985351562,607.155029296875,607.155029296875,607.155029296875,59464600,-0.005778752313614799,-0.00579551390802684,0.012767403423678002
2016-09-16 00:00:00+00:00,607.2459716796875,609.260986328125,606.7349853515625,606.9730224609375,606.9730224609375,64963400,-0.00029976995520941685,-0.0002998148952037711,0.003472067778204609
2016-09-17 00:00:00+00:00,607.218017578125,607.8599853515625,605.1920166015625,605.9840087890625,605.9840087890625,37140300,-0.0016294194886373736,-0.001630748436377438,0.003234690570979367
2016-09-18 00:00:00+00:00,606.2830200195312,610.1580200195312,605.8560180664062,609.8740234375,609.8740234375,48679400,0.006419335480833732,0.006398819300182159,0.004545959808010599
2016-09-19 00:00:00+00:00,609.8709716796875,610.9320068359375,608.27001953125,609.2269897460938,609.2269897460938,54796400,-0.0010609300716880599,-0.0010614932563648425,0.0043951007043887234
2016-09-20 00:00:00+00:00,609.2540283203125,609.5250244140625,607.93798828125,608.31201171875,608.31201171875,72710896,-0.0015018671902981007,-0.0015029961233066263,0.003404225965820597
2016-09-21 00:00:00+00:00,603.5880126953125,603.5880126953125,595.8829956054688,597.1489868164062,597.1489868164062,82776200,-0.018350821103800485,-0.018521286090436524,0.009175708908569282
2016-09-22 00:00:00+00:00,597.2789916992188,598.4869995117188,596.2130126953125,596.2979736328125,596.2979736328125,67085300,-0.0014251270660791127,-0.0014261435254936741,0.009185262396313992
2016-09-23 00:00:00+00:00,596.198974609375,603.2050170898438,595.7860107421875,602.8419799804688,602.8419799804688,51067000,0.010974389712895327,0.010914608078408126,0.010496271176974254
2016-09-24 00:00:00+00:00,602.9609985351562,604.5800170898438,602.0449829101562,602.625,602.625,35359500,-0.0003599284516910828,-0.0003599932414831772,0.010521946668049967
2016-09-25 00:00:00+00:00,602.7490234375,603.3809814453125,599.7109985351562,600.8259887695312,600.8259887695312,33977800,-0.0029852914009023124,-0.0029897562714503566,0.010519068611776242
2016-09-26 00:00:00+00:00,600.8070068359375,608.1430053710938,600.3489990234375,608.0430297851562,608.0430297851562,59153800,0.012011865582587822,0.011940295680517948,0.007201238222850225
2016-09-27 00:00:00+00:00,608.02197265625,608.2479858398438,604.1099853515625,606.166015625,606.166015625,49422400,-0.0030869758688286675,-0.0030917504072912475,0.0075240701021215585
2016-09-28 00:00:00+00:00,606.2429809570312,606.5900268554688,604.6069946289062,604.72802734375,604.72802734375,48722600,-0.0023722680654858497,-0.0023750863514084876,0.006420423317394675
2016-09-29 00:00:00+00:00,605.0189819335938,606.823974609375,604.8480224609375,605.6929931640625,605.6929931640625,55658600,0.0015957021614345646,0.001594430381482155,0.006404958635347664
2016-09-30 00:00:00+00:00,605.7150268554688,609.7349853515625,604.1420288085938,609.7349853515625,609.7349853515625,56122400,0.006673334895926697,0.006651166765530886,0.006348636112753625
2016-10-01 00:00:00+00:00,609.9290161132812,615.2369995117188,609.9290161132812,613.9829711914062,613.9829711914062,56357000,0.006966938000768419,0.006942781023424133,0.004777047157950061
2016-10-02 00:00:00+00:00,613.947998046875,614.0050048828125,609.6820068359375,610.8920288085938,610.8920288085938,39249800,-0.005034247736243724,-0.005046962251341239,0.0053392912468751596
2016-10-03 00:00:00+00:00,610.968017578125,612.5679931640625,610.4550170898438,612.1329956054688,612.1329956054688,46798300,0.002031401194242388,0.002029340688839957,0.004872038183333274
2016-10-04 00:00:00+00:00,612.052001953125,612.0540161132812,609.47900390625,610.2039794921875,610.2039794921875,49801600,-0.003151302293994518,-0.003156278103337991,0.005499566981038131
2016-10-05 00:00:00+00:00,610.218017578125,613.8140258789062,609.6170043945312,612.510986328125,612.510986328125,68077504,0.003780714176687905,0.0037735852395111976,0.00494640011537122
2016-10-06 00:00:00+00:00,612.469970703125,613.8189697265625,611.468994140625,613.02099609375,613.02099609375,56812100,0.0008326540699006291,0.0008323076058103856,0.0036739997106749315
2016-10-07 00:00:00+00:00,612.6079711914062,617.9119873046875,611.8209838867188,617.1209716796875,617.1209716796875,64071400,0.0066881487127896655,0.0066658822718955795,0.0036353623157603537
2016-10-08 00:00:00+00:00,617.3410034179688,619.8489990234375,617.3410034179688,619.1079711914062,619.1079711914062,42345900,0.003219789316688537,0.003214616894831762,0.003673833998107005
2016-10-09 00:00:00+00:00,619.1719970703125,619.197998046875,616.6069946289062,616.7520141601562,616.7520141601562,39243400,-0.003805405746458379,-0.0038126647243284764,0.003919539233489788
2016-10-10 00:00:00+00:00,616.822021484375,621.3179931640625,616.197021484375,618.9940185546875,618.9940185546875,67481104,0.003635179688199708,0.0036285883913862423,0.0039048917166261397
2016-10-11 00:00:00+00:00,619.2379760742188,642.0800170898438,618.5,641.072021484375,641.072021484375,103590000,0.03566755456092818,0.035046199059068035,0.015085808231380924
2016-10-12 00:00:00+00:00,640.8709716796875,641.3369750976562,635.9650268554688,636.1920166015625,636.1920166015625,92370200,-0.007612256843642973,-0.007641377949793359,0.016877509481876083
2016-10-13 00:00:00+00:00,636.030029296875,638.8330078125,635.0289916992188,636.7860107421875,636.7860107421875,61620700,0.0009336711639325035,0.0009332355641282225,0.01700493603552796
2016-10-14 00:00:00+00:00,637.0079956054688,641.2849731445312,637.0079956054688,640.3779907226562,640.3779907226562,58144600,0.005640795997202019,0.005624946282864251,0.016199373293950096
2016-10-15 00:00:00+00:00,640.3109741210938,642.1019897460938,637.3900146484375,638.64599609375,638.64599609375,39035400,-0.002704644216381835,-0.0027083083748717296,0.016815925653534538
2016-10-16 00:00:00+00:00,639.0830078125,642.8980102539062,638.9010009765625,641.6309814453125,641.6309814453125,40298100,0.004673927919097709,0.004663039034061375,0.005473311590454826
2016-10-17 00:00:00+00:00,641.8179931640625,642.3280029296875,638.6630249023438,639.1929931640625,639.1929931640625,58063600,-0.0037996735690011274,-0.003806910666839414,0.004232407552231729
2016-10-18 00:00:00+00:00,639.4110107421875,640.7360229492188,635.9959716796875,637.9600219726562,637.9600219726562,65546700,-0.0019289497923044019,-0.0019308126118640864,0.004423260547365648
2016-10-19 00:00:00+00:00,638.1339721679688,638.8740234375,628.0130004882812,630.52001953125,630.52001953125,69381696,-0.011662176602227792,-0.011730713161854736,0.005847522794430595
2016-10-20 00:00:00+00:00,630.6630249023438,631.9169921875,628.2579956054688,630.8569946289062,630.8569946289062,56957300,0.0005344399657709609,0.0005342972035953977,0.00607749257404226
2016-10-21 00:00:00+00:00,630.8250122070312,634.093994140625,630.6939697265625,632.8280029296875,632.8280029296875,55951000,0.0031243345442188986,0.0031194639533134627,0.005649728216303692
2016-10-22 00:00:00+00:00,633.135986328125,658.197021484375,632.8499755859375,657.2940063476562,657.2940063476562,78556496,0.0386613792447601,0.037932748741517315,0.018935988731115173
2016-10-23 00:00:00+00:00,657.6209716796875,661.1290283203125,653.885986328125,657.0709838867188,657.0709838867188,54474600,-0.0003393039625855243,-0.00033936153919938793,0.01879089383273675
2016-10-24 00:00:00+00:00,657.1610107421875,657.2520141601562,652.594970703125,653.760986328125,653.760986328125,62218200,-0.005037503770162544,-0.0050502347652334224,0.0174103897331229
2016-10-25 00:00:00+00:00,654.0020141601562,664.4240112304688,653.697998046875,657.5880126953125,657.5880126953125,90378800,0.005853861651613945,0.00583679437741284,0.017057787588594685
2016-10-26 00:00:00+00:00,657.677978515625,679.72802734375,657.677978515625,678.3040161132812,678.3040161132812,88877104,0.031503012551975074,0.03101697407941272,0.019348435261419553
2016-10-27 00:00:00+00:00,678.2139892578125,688.593994140625,678.0399780273438,688.31298828125,688.31298828125,96105296,0.01475587926682298,0.014648070528238745,0.01423937386508075
2016-10-28 00:00:00+00:00,688.0,690.4439697265625,684.1619873046875,689.6510009765625,689.6510009765625,81145504,0.0019439015652655822,0.0019420146335618082,0.013888616226273775
2016-10-29 00:00:00+00:00,690.2890014648438,720.4019775390625,690.052001953125,714.47900390625,714.47900390625,134760992,0.03600082200204224,0.035367937275241255,0.014898342084226794
2016-10-30 00:00:00+00:00,714.1179809570312,714.1179809570312,696.4749755859375,701.864013671875,701.864013671875,100665000,-0.01765620846155791,-0.017813938679665752,0.02179119534804484
2016-10-31 00:00:00+00:00,702.6400146484375,709.2890014648438,691.6820068359375,700.9719848632812,700.9719848632812,97064400,-0.0012709425062655821,-0.0012717508386612868,0.01982463168206021
2016-11-01 00:00:00+00:00,701.3369750976562,736.4520263671875,701.3369750976562,729.7930297851562,729.7930297851562,130527000,0.04111582993933238,0.04029305139626144,0.025061379439685456
2016-11-02 00:00:00+00:00,730.0659790039062,740.8289794921875,722.3489990234375,740.8289794921875,740.8289794921875,84865200,0.015122026734456728,0.015008828651200042,0.024463146803836027
2016-11-03 00:00:00+00:00,742.3460083007812,745.7730102539062,678.156005859375,688.7000122070312,688.7000122070312,172808000,-0.07036572370709482,-0.07296402147635615,0.042489458998433996
2016-11-04 00:00:00+00:00,689.1240234375,706.9299926757812,685.56298828125,703.2349853515625,703.2349853515625,99907696,0.021104941029334467,0.020885316495602286,0.043616497860094625
2016-11-05 00:00:00+00:00,703.5250244140625,707.510009765625,697.739013671875,703.4180297851562,703.4180297851562,53752300,0.0002602891457430534,0.00026025527640044494,0.04360728344796405
2016-11-06 00:00:00+00:00,703.81201171875,714.2579956054688,699.5599975585938,711.52197265625,711.52197265625,59902200,0.011520806302859343,0.011454947164834677,0.038690830510491
2016-11-07 00:00:00+00:00,710.7360229492188,710.7360229492188,699.9030151367188,703.1309814453125,703.1309814453125,65047100,-0.011793017690813201,-0.011863106911188161,0.037035246661540636
2016-11-08 00:00:00+00:00,703.0889892578125,712.9869995117188,702.3900146484375,709.8480224609375,709.8480224609375,79660800,0.009553043732787758,0.009507701949810892,0.012406211252377997
2016-11-09 00:00:00+00:00,709.8250122070312,740.0460205078125,708.6099853515625,723.2730102539062,723.2730102539062,132429000,0.018912481782264123,0.018735864175560887,0.011785293960532678
2016-11-10 00:00:00+00:00,722.843994140625,723.0180053710938,711.2100219726562,715.5339965820312,715.5339965820312,68807800,-0.010699989578151436,-0.010757646118391773,0.01388141827958867
2016-11-11 00:00:00+00:00,715.5549926757812,718.3179931640625,714.4099731445312,716.4110107421875,716.4110107421875,63119700,0.0012256778354984288,0.0012249273056294976,0.013134033991403324
2016-11-12 00:00:00+00:00,716.7520141601562,717.1480102539062,704.0349731445312,705.0540161132812,705.0540161132812,64622500,-0.01585262434358825,-0.015979621136042624,0.014252304831588382
2016-11-13 00:00:00+00:00,705.1959838867188,705.2570190429688,687.3150024414062,702.031005859375,702.031005859375,80318096,-0.004287629294803641,-0.004296847536326436,0.013393538515791153
2016-11-14 00:00:00+00:00,701.9970092773438,706.2839965820312,699.8079833984375,705.02099609375,705.02099609375,62993000,0.004259057234537567,0.004250013120779194,0.008343364429350995
2016-11-15 00:00:00+00:00,705.7940063476562,715.718017578125,705.260009765625,711.6190185546875,711.6190185546875,72038496,0.009358618392210527,0.00931509784055172,0.009671157026089644
2016-11-16 00:00:00+00:00,711.1669921875,747.614990234375,709.0390014648438,744.197998046875,744.197998046875,141294000,0.045781490717260676,0.04476444393221426,0.022874072746653772
2016-11-17 00:00:00+00:00,744.8759765625,755.64501953125,739.510986328125,740.9769897460938,740.9769897460938,108579000,-0.004328160394457825,-0.00433755399513024,0.020322676495364723
2016-11-18 00:00:00+00:00,740.7050170898438,752.8820190429688,736.8900146484375,751.5850219726562,751.5850219726562,87363104,0.014316277527319121,0.014214767311386753,0.018702476028046464
2016-11-19 00:00:00+00:00,751.8330078125,756.2369995117188,744.4669799804688,751.6160278320312,751.6160278320312,110608000,4.125396125331804e-05,4.125311033206099e-05,0.019315493546885616
2016-11-20 00:00:00+00:00,751.8790283203125,755.47998046875,717.9439697265625,731.0260009765625,731.0260009765625,154116000,-0.027394342447511155,-0.02777656409281962,0.0266996177204961
2016-11-21 00:00:00+00:00,731.2650146484375,741.7219848632812,730.510009765625,739.2479858398438,739.2479858398438,60802400,0.011247185260575776,0.011184405960807617,0.01664779642700125
2016-11-22 00:00:00+00:00,739.6430053710938,753.8699951171875,736.5269775390625,751.3469848632812,751.3469848632812,129906000,0.01636663102935887,0.016234141375310433,0.018190699588344857
2016-11-23 00:00:00+00:00,751.7410278320312,752.25,738.9240112304688,744.593994140625,744.593994140625,76543800,-0.00898784564083277,-0.009028479985516568,0.01749445792710043
2016-11-24 00:00:00+00:00,744.6199951171875,746.8319702148438,733.489990234375,740.2890014648438,740.2890014648438,85919296,-0.0057816645173855985,-0.005798443042807149,0.017529936601474113
2016-11-25 00:00:00+00:00,740.4420166015625,741.6489868164062,734.5910034179688,741.6489868164062,741.6489868164062,67807600,0.0018371005767632287,0.0018354151713557891,0.010787892874467093
2016-11-26 00:00:00+00:00,741.510986328125,742.2139892578125,729.625,735.3820190429688,735.3820190429688,54962700,-0.00845004562109497,-0.00848594966017769,0.010589668979915964
2016-11-27 00:00:00+00:00,735.43701171875,739.0180053710938,731.0850219726562,732.0349731445312,732.0349731445312,52601800,-0.004551438316092282,-0.004561827647718748,0.004350772349937519
2016-11-28 00:00:00+00:00,732.4840087890625,738.0059814453125,732.4840087890625,735.81298828125,735.81298828125,61888600,0.005160976285722985,0.005147704093007552,0.005660488663682152
2016-11-29 00:00:00+00:00,736.3289794921875,737.4710083007812,734.5590209960938,735.60400390625,735.60400390625,68511104,-0.00028401832847246844,-0.0002840586693164628,0.005355106627103102
2016-11-30 00:00:00+00:00,736.2839965820312,747.9290161132812,736.2650146484375,745.6909790039062,745.6909790039062,84070800,0.013712507060988921,0.013619341360082256,0.008645509217976249
2016-12-01 00:00:00+00:00,746.0460205078125,758.2750244140625,746.0460205078125,756.7739868164062,756.7739868164062,80461904,0.0148627355359785,0.014753367423404079,0.008457133571353423
2016-12-02 00:00:00+00:00,757.5449829101562,781.2960205078125,757.5449829101562,777.9439697265625,777.9439697265625,127605000,0.027973983354282694,0.02758985869159421,0.010617939108767528
2016-12-03 00:00:00+00:00,778.2479858398438,778.2479858398438,764.8560180664062,771.155029296875,771.155029296875,69547296,-0.008726772998926546,-0.008765074276257324,0.014151693896488116
2016-12-04 00:00:00+00:00,771.6380004882812,773.8720092773438,768.1610107421875,773.8720092773438,773.8720092773438,60557900,0.0035232604045207783,0.0035170682626715884,0.01359367094846707
2016-12-05 00:00:00+00:00,773.3939819335938,773.468017578125,751.7130126953125,758.7000122070312,758.7000122070312,106363000,-0.019605305384388316,-0.019800038791605978,0.01871012644282485
2016-12-06 00:00:00+00:00,758.719970703125,765.6220092773438,758.719970703125,764.2239990234375,764.2239990234375,116218000,0.007280857687529396,0.007254480199637271,0.017859676245712882
2016-12-07 00:00:00+00:00,764.2109985351562,771.5430297851562,759.75,768.1320190429688,768.1320190429688,96426096,0.005113710148497264,0.005100679537056672,0.01148542969174372
2016-12-08 00:00:00+00:00,768.0759887695312,774.697998046875,765.9459838867188,770.8099975585938,770.8099975585938,80111904,0.0034863518890431155,0.0034802886525932436,0.011125736761135622
2016-12-09 00:00:00+00:00,769.9439697265625,774.5280151367188,769.6489868164062,772.7940063476562,772.7940063476562,68705296,0.0025739271614879655,0.00257062028419703,0.011056873632141945
2016-12-10 00:00:00+00:00,773.0230102539062,777.0919799804688,772.9099731445312,774.6500244140625,774.6500244140625,53843100,0.0024016983195536135,0.002398818851631832,0.0020341199174313423
2016-12-11 00:00:00+00:00,774.7520141601562,774.7979736328125,765.4119873046875,769.7310180664062,769.7310180664062,57313400,-0.006349972494194334,-0.006370219326260213,0.004493340508391691
2016-12-12 00:00:00+00:00,770.0399780273438,781.9219970703125,770.0399780273438,780.0869750976562,780.0869750976562,76571000,0.013453994691891902,0.013364293370413102,0.006999225996140375
2016-12-13 00:00:00+00:00,780.64697265625,788.4600219726562,777.9619750976562,780.5560302734375,780.5560302734375,81645600,0.0006012857421731077,0.0006011050423324342,0.007076967096521724
2016-12-14 00:00:00+00:00,780.0050048828125,782.0339965820312,776.8389892578125,781.4810180664062,781.4810180664062,75979000,0.0011850370211665684,0.0011843354190241068,0.007101255413060088
2016-12-15 00:00:00+00:00,780.0700073242188,781.4349975585938,777.802001953125,778.0880126953125,778.0880126953125,81580096,-0.004341763002112309,-0.004351215826299784,0.007680480495066302
2016-12-16 00:00:00+00:00,778.9630126953125,785.031982421875,778.9630126953125,784.906982421875,784.906982421875,83608200,0.008763751163498146,0.008725572393616902,0.007056893553966958
2016-12-17 00:00:00+00:00,785.166015625,792.5089721679688,784.864013671875,790.8289794921875,790.8289794921875,78989800,0.0075448393286550175,0.00751651938548553,0.005383363445846288
2016-12-18 00:00:00+00:00,791.0079956054688,794.7369995117188,788.0260009765625,790.530029296875,790.530029296875,60524400,-0.00037802129545694285,-0.00037809276351838595,0.005497021847499641
2016-12-19 00:00:00+00:00,790.6920166015625,793.6110229492188,790.3200073242188,792.7139892578125,792.7139892578125,74886400,0.002762652751951755,0.0027588436407261544,0.005444838434987055
2016-12-20 00:00:00+00:00,792.2470092773438,801.3369750976562,791.4970092773438,800.8759765625,800.8759765625,99629296,0.010296257433692224,0.010243612033812419,0.004434664470518268
2016-12-21 00:00:00+00:00,800.6439819335938,834.281005859375,799.405029296875,834.281005859375,834.281005859375,155576000,0.041710614719965955,0.04086418376144389,0.016543440702326218
2016-12-22 00:00:00+00:00,834.1799926757812,875.781982421875,834.1489868164062,864.5399780273438,864.5399780273438,200027008,0.03626952064766198,0.035627265068141116,0.01912814490585996
2016-12-23 00:00:00+00:00,864.8880004882812,925.1170043945312,864.677001953125,921.9840087890625,921.9840087890625,275564000,0.06644462051690336,0.06433033120214732,0.024787793119357002
2016-12-24 00:00:00+00:00,922.1799926757812,923.47900390625,886.3350219726562,898.822021484375,898.822021484375,137727008,-0.025121897000262017,-0.02544283836463343,0.03418201082142135
2016-12-25 00:00:00+00:00,899.6519775390625,899.6519775390625,862.4240112304688,896.1829833984375,896.1829833984375,143664992,-0.002936107508335395,-0.0029404263277360136,0.03607310365076826
2016-12-26 00:00:00+00:00,896.905029296875,913.1840209960938,896.8980102539062,907.6099853515625,907.6099853515625,123771000,0.012750746404258217,0.012670140107804989,0.03465827429446435
2016-12-27 00:00:00+00:00,908.35400390625,940.0479736328125,904.2550048828125,933.197998046875,933.197998046875,167308000,0.028192740393221838,0.027802640113682216,0.033763502100537496
2016-12-28 00:00:00+00:00,934.8309936523438,975.9210205078125,934.8309936523438,975.9210205078125,975.9210205078125,236630000,0.04578130530750624,0.04476426663918266,0.027142551635097656
2016-12-29 00:00:00+00:00,975.125,979.39697265625,954.5029907226562,973.4970092773438,973.4970092773438,199320000,-0.0024838190586441433,-0.0024869088545919683,0.020483356795152338
2016-12-30 00:00:00+00:00,972.5349731445312,972.5349731445312,934.8330078125,961.2379760742188,961.2379760742188,187474000,-0.012592779521968134,-0.01267274056710545,0.023032442109741872
2016-12-31 00:00:00+00:00,960.6270141601562,963.7429809570312,947.2360229492188,963.7429809570312,963.7429809570312,99135104,0.0026060194719346175,0.002602629691136565,0.023612209804411685
2017-01-01 00:00:00+00:00,963.6580200195312,1003.0800170898438,958.698974609375,998.3250122070312,998.3250122070312,147775008,0.03588304343929827,0.035254245031351175,0.025050187284541257
2017-01-02 00:00:00+00:00,998.6170043945312,1031.3900146484375,996.7020263671875,1021.75,1021.75,222184992,0.02346429019261209,0.0231932356156819,0.019577779757107408
2017-01-03 00:00:00+00:00,1021.5999755859375,1044.0799560546875,1021.5999755859375,1043.8399658203125,1043.8399658203125,185168000,0.02161973655034255,0.021389344804024595,0.0189221113017978
2017-01-04 00:00:00+00:00,1044.4000244140625,1159.4200439453125,1044.4000244140625,1154.72998046875,1154.72998046875,344945984,0.10623277348965399,0.10096034523200412,0.037785445866814954
2017-01-05 00:00:00+00:00,1156.72998046875,1191.0999755859375,910.4169921875,1013.3800048828125,1013.3800048828125,510199008,-0.12240954853233998,-0.1305752503587256,0.08511276505553833
2017-01-06 00:00:00+00:00,1014.239990234375,1046.81005859375,883.9439697265625,902.2009887695312,902.2009887695312,351876000,-0.10971108130965934,-0.1162092411941805,0.09961542848723448
2017-01-07 00:00:00+00:00,903.4869995117188,908.5850219726562,823.5560302734375,908.5850219726562,908.5850219726562,279550016,0.00707606540293404,0.007051147530085599,0.09810569983761756
2017-01-08 00:00:00+00:00,908.1749877929688,942.7239990234375,887.2490234375,911.198974609375,911.198974609375,158715008,0.002876948852891692,0.002872818355796807,0.09632195364100388
2017-01-09 00:00:00+00:00,913.2440185546875,913.6859741210938,879.8070068359375,902.8280029296875,902.8280029296875,141876992,-0.009186765912764683,-0.00922922448476417,0.06816450885652266
2017-01-10 00:00:00+00:00,902.4400024414062,914.8729858398438,901.0599975585938,907.6790161132812,907.6790161132812,115808000,0.005373131059129843,0.005358747291348979,0.05303205705279266
2017-01-11 00:00:00+00:00,908.114990234375,919.447998046875,762.7650146484375,777.7570190429688,777.7570190429688,310928992,-0.14313649953773722,-0.154476649076822,0.07005179285040956
2017-01-12 00:00:00+00:00,775.177978515625,826.2459716796875,755.7559814453125,804.833984375,804.833984375,222326000,0.03481417032449219,0.03422186501689435,0.07452497570603717
2017-01-13 00:00:00+00:00,803.7369995117188,829.0009765625,780.0029907226562,823.9840087890625,823.9840087890625,168968000,0.023793757204392474,0.0235150973517181,0.07693592252608542
2017-01-14 00:00:00+00:00,825.1420288085938,835.0850219726562,812.4559936523438,818.4119873046875,818.4119873046875,93063296,-0.00676229323013644,-0.006785261137378217,0.07703013422304752
2017-01-15 00:00:00+00:00,818.1420288085938,823.3070068359375,812.8709716796875,821.7979736328125,821.7979736328125,71013600,0.004137263848341455,0.00412872890504259,0.07693226803792624
2017-01-16 00:00:00+00:00,821.7830200195312,834.530029296875,820.27099609375,831.5339965820312,831.5339965820312,82755200,0.011847221898321436,0.011777592965049231,0.0160615586511393
2017-01-17 00:00:00+00:00,830.9459838867188,910.5609741210938,830.7960205078125,907.93798828125,907.93798828125,155095008,0.09188318458808964,0.08790389778017535,0.03733588053723891
2017-01-18 00:00:00+00:00,909.3729858398438,917.4990234375,858.3040161132812,886.6179809570312,886.6179809570312,225676992,-0.02348178796282996,-0.023761878519635897,0.04306978118366175
2017-01-19 00:00:00+00:00,888.3350219726562,904.614013671875,884.3380126953125,899.072998046875,899.072998046875,105625000,0.0140477831009016,0.013950027432390346,0.041457643508205064
2017-01-20 00:00:00+00:00,898.1719970703125,899.3980102539062,887.0079956054688,895.0260009765625,895.0260009765625,86728400,-0.004501299759979593,-0.00451146111407703,0.04239158710658745
2017-01-21 00:00:00+00:00,895.5490112304688,927.3670043945312,895.5349731445312,921.7890014648438,921.7890014648438,111158000,0.029901925149750097,0.029463579406780675,0.04257687513903557
2017-01-22 00:00:00+00:00,922.2050170898438,937.5250244140625,897.5640258789062,924.6729736328125,924.6729736328125,116573000,0.0031286684516584895,0.003123784353016916,0.019941971077402927
2017-01-23 00:00:00+00:00,925.4990234375,928.2659912109375,916.7379760742188,921.0120239257812,921.0120239257812,73588600,-0.0039591832046829145,-0.003967041519035664,0.014307853661847949
2017-01-24 00:00:00+00:00,910.677001953125,924.14501953125,892.2860107421875,892.68701171875,892.68701171875,111349000,-0.030754226298042142,-0.031237062820323513,0.021676848719920067
2017-01-25 00:00:00+00:00,891.9240112304688,903.2520141601562,891.68701171875,901.5419921875,901.5419921875,120831000,0.00991946824867651,0.00987059326696027,0.02211479701397955
2017-01-26 00:00:00+00:00,902.39501953125,919.3259887695312,902.2239990234375,917.5859985351562,917.5859985351562,131958000,0.01779618308042097,0.017639684998950036,0.018746063471949164
2017-01-27 00:00:00+00:00,918.3590087890625,923.2230224609375,915.8460083007812,919.75,919.75,125594000,0.0023583636501629535,0.0023555870752018566,0.018707806136122083
2017-01-28 00:00:00+00:00,919.8109741210938,923.9110107421875,919.8109741210938,921.5900268554688,921.5900268554688,68979600,0.002000572824646607,0.0019985743437936853,0.01866685271728515
2017-01-29 00:00:00+00:00,922.0670166015625,923.4180297851562,919.1480102539062,919.4959716796875,919.4959716796875,60851700,-0.002272219875171899,-0.0022748052839063494,0.00787711296198033
2017-01-30 00:00:00+00:00,920.1510009765625,923.0479736328125,919.4739990234375,920.3820190429688,920.3820190429688,78227296,0.0009636228875071762,0.0009631589010205876,0.0077661655794375945
2017-01-31 00:00:00+00:00,920.958984375,972.0189819335938,920.958984375,970.4030151367188,970.4030151367188,164582000,0.05434808053482265,0.052922642786310134,0.02339888803711908
2017-02-01 00:00:00+00:00,970.9409790039062,989.114013671875,970.7420043945312,989.0230102539062,989.0230102539062,150110000,0.019187899075688852,0.019006132801864053,0.023008301962225558
2017-02-02 00:00:00+00:00,990.0009765625,1013.52001953125,983.2210083007812,1011.7999877929688,1011.7999877929688,145820992,0.02302977514468041,0.022768592259201456,0.022036173763240328
2017-02-03 00:00:00+00:00,1011.4600219726562,1033.8699951171875,1008.7899780273438,1029.9100341796875,1029.9100341796875,201278000,0.01789884028979083,0.01774054215906327,0.018868903136712002
2017-02-04 00:00:00+00:00,1031.3299560546875,1045.9000244140625,1015.1599731445312,1042.9000244140625,1042.9000244140625,155064000,0.012612742670015331,0.012533864584718972,0.016036549704255103
2017-02-05 00:00:00+00:00,1043.52001953125,1043.6300048828125,1022.3699951171875,1027.3399658203125,1027.3399658203125,114208000,-0.014919990631405144,-0.015032413323470606,0.015225461307659643
2017-02-06 00:00:00+00:00,1028.4000244140625,1044.6400146484375,1028.1600341796875,1038.1500244140625,1038.1500244140625,111762000,0.010522377161797936,0.010467402259395613,0.014626604941492734
2017-02-07 00:00:00+00:00,1040.1400146484375,1061.9300537109375,1040.1400146484375,1061.3499755859375,1061.3499755859375,146007008,0.022347397414905545,0.022101353214739453,0.014479820698702836
2017-02-08 00:00:00+00:00,1062.3199462890625,1078.969970703125,1037.489990234375,1063.0699462890625,1063.0699462890625,201855008,0.0016205500001782447,0.0016192383259246404,0.013990043627843063
2017-02-09 00:00:00+00:00,1064.699951171875,1088.989990234375,953.343994140625,994.3829956054688,994.3829956054688,407220000,-0.06461188271135343,-0.06679373711864839,0.03476404835347468
2017-02-10 00:00:00+00:00,995.6320190429688,998.905029296875,946.6909790039062,988.6740112304688,988.6740112304688,190452000,-0.005741232905460025,-0.005757777136341599,0.03464412515934891
2017-02-11 00:00:00+00:00,988.8980102539062,1009.2899780273438,982.8300170898438,1004.4500122070312,1004.4500122070312,102261000,0.015956726683781453,0.015830756402559893,0.035420536823508354
2017-02-12 00:00:00+00:00,1003.52001953125,1004.760009765625,996.9210205078125,999.1810302734375,999.1810302734375,67530000,-0.005245638777002459,-0.005259445444450886,0.03180708507863605
2017-02-13 00:00:00+00:00,998.885009765625,1002.0999755859375,976.0020141601562,990.6420288085938,990.6420288085938,100607000,-0.008546000380438512,-0.008582726834247316,0.031026874273202408
2017-02-14 00:00:00+00:00,991.7349853515625,1011.510009765625,986.4710083007812,1004.5499877929688,1004.5499877929688,137946000,0.01403933871158447,0.013941699990017325,0.011819103509715411
2017-02-15 00:00:00+00:00,1006.2100219726562,1008.8400268554688,1001.5800170898438,1007.47998046875,1007.47998046875,89759400,0.0029167216279784025,0.0029124762485075646,0.010997515713407225
2017-02-16 00:00:00+00:00,1007.6500244140625,1033.3699951171875,1007.6500244140625,1027.43994140625,1027.43994140625,122277000,0.019811769290158265,0.019618070354985556,0.012110151883426233
2017-02-17 00:00:00+00:00,1026.1199951171875,1053.1700439453125,1025.6400146484375,1046.2099609375,1046.2099609375,136474000,0.01826872673993929,0.018103858479592574,0.011895975415648605
2017-02-18 00:00:00+00:00,1049.2099609375,1061.0999755859375,1046.9599609375,1054.4200439453125,1054.4200439453125,99073504,0.007847452532812271,0.007816821423608265,0.007035608264674452
2017-02-19 00:00:00+00:00,1054.760009765625,1056.81005859375,1043.4599609375,1047.8699951171875,1047.8699951171875,77423296,-0.0062119919530519985,-0.006231366653728313,0.010776481435762805
2017-02-20 00:00:00+00:00,1048.68994140625,1080.489990234375,1041.68994140625,1079.97998046875,1079.97998046875,109478000,0.030643100290290715,0.03018297661805735,0.01376391158609407
2017-02-21 00:00:00+00:00,1079.280029296875,1117.25,1076.9300537109375,1115.300048828125,1115.300048828125,186868992,0.03270437322740438,0.03218096643729992,0.016029360746069164
2017-02-22 00:00:00+00:00,1114.800048828125,1125.3900146484375,1100.550048828125,1117.43994140625,1117.43994140625,136100000,0.0019186698506590272,0.0019168315546742576,0.017194196074331057
2017-02-23 00:00:00+00:00,1117.27001953125,1176.6199951171875,1116.9599609375,1166.719970703125,1166.719970703125,189454000,0.04410083036306922,0.043156065604358626,0.02123126983170783
2017-02-24 00:00:00+00:00,1172.7099609375,1200.3900146484375,1131.9599609375,1173.6800537109375,1173.6800537109375,330759008,0.005965512875911516,0.005947789654449995,0.01786692659424336
2017-02-25 00:00:00+00:00,1170.4100341796875,1174.8499755859375,1124.5899658203125,1143.8399658203125,1143.8399658203125,139960992,-0.025424380176076733,-0.025753164457221128,0.027112131744372218
2017-02-26 00:00:00+00:00,1144.27001953125,1167.469970703125,1130.199951171875,1165.199951171875,1165.199951171875,116486000,0.01867392816288249,0.01850171104290626,0.02511914646258898
2017-02-27 00:00:00+00:00,1163.780029296875,1181.97998046875,1163.3800048828125,1179.969970703125,1179.969970703125,131570000,0.012675952755057507,0.012596285399297639,0.0248449969241459
2017-02-28 00:00:00+00:00,1180.719970703125,1193.25,1171.8199462890625,1179.969970703125,1179.969970703125,184956000,0.0,0.0,0.0171324015976434
2017-03-01 00:00:00+00:00,1180.0400390625,1222.5,1179.68994140625,1222.5,1222.5,229056992,0.03604331495955959,0.03540895276981042,0.022835416236753236
2017-03-02 00:00:00+00:00,1224.6800537109375,1262.1300048828125,1215.6199951171875,1251.010009765625,1251.010009765625,368275008,0.023321071382924385,0.02305329049724388,0.013057761571425401
2017-03-03 00:00:00+00:00,1250.7099609375,1280.31005859375,1250.7099609375,1274.989990234375,1274.989990234375,315739008,0.019168496080413044,0.018987094918869202,0.013065043560522637
2017-03-04 00:00:00+00:00,1277.4300537109375,1279.4000244140625,1230.510009765625,1255.1500244140625,1255.1500244140625,183270000,-0.015560879671428163,-0.015683220977968794,0.020178643944264222
2017-03-05 00:00:00+00:00,1254.2900390625,1267.2900390625,1238.06005859375,1267.1199951171875,1267.1199951171875,134127000,0.00953668523307627,0.00949149811352054,0.019146019957717187
2017-03-06 00:00:00+00:00,1267.469970703125,1276.0,1264.5999755859375,1272.8299560546875,1272.8299560546875,153656992,0.004506251151827012,0.00449612840115088,0.01518791190458368
2017-03-07 00:00:00+00:00,1273.2099609375,1275.550048828125,1204.800048828125,1223.5400390625,1223.5400390625,291256000,-0.03872466762564919,-0.039494404934135224,0.023334476255024165
2017-03-08 00:00:00+00:00,1223.22998046875,1232.1600341796875,1148.0799560546875,1150.0,1150.0,332603008,-0.06010431756597667,-0.06198638601041199,0.0301218936068519
2017-03-09 00:00:00+00:00,1150.3499755859375,1197.4599609375,1141.22998046875,1188.489990234375,1188.489990234375,212283008,0.033469556725543415,0.032921643223535656,0.038731925416750204
2017-03-10 00:00:00+00:00,1189.3599853515625,1270.469970703125,1077.25,1116.719970703125,1116.719970703125,563795968,-0.06038756751926588,-0.062287794611083476,0.04240587682203008
2017-03-11 00:00:00+00:00,1116.3199462890625,1193.8299560546875,1116.3199462890625,1175.8299560546875,1175.8299560546875,283320000,0.052931788543501,0.05157845284233942,0.05424334552319635
2017-03-12 00:00:00+00:00,1176.6199951171875,1226.97998046875,1175.3599853515625,1221.3800048828125,1221.3800048828125,227176000,0.03873863613830775,0.03800712718862541,0.056811464705102684
2017-03-13 00:00:00+00:00,1221.780029296875,1237.3699951171875,1217.030029296875,1231.9200439453125,1231.9200439453125,380276992,0.008629614878549852,0.008592592591656786,0.04526393779529962
2017-03-14 00:00:00+00:00,1232.1600341796875,1244.81005859375,1220.719970703125,1240.0,1240.0,245306000,0.006558831552744948,0.006537416006712844,0.043992029922175366
2017-03-15 00:00:00+00:00,1240.1600341796875,1251.6099853515625,1239.75,1249.6099853515625,1249.6099853515625,297804992,0.007749988186743995,0.0077201112927306964,0.02093258085623945
2017-03-16 00:00:00+00:00,1251.3299560546875,1257.97998046875,1152.43994140625,1187.81005859375,1187.81005859375,638568000,-0.049455372061888436,-0.05072016609052072,0.03229820218312926
2017-03-17 00:00:00+00:00,1180.1600341796875,1180.1600341796875,1099.5699462890625,1100.22998046875,1100.22998046875,706598976,-0.07373239306348878,-0.07659209371416738,0.04010170478473382
2017-03-18 00:00:00+00:00,1099.68994140625,1114.0699462890625,957.655029296875,973.8179931640625,973.8179931640625,621302016,-0.11489596679671465,-0.12205008924073008,0.055638545173772404
2017-03-19 00:00:00+00:00,976.72998046875,1069.9100341796875,976.72998046875,1036.739990234375,1036.739990234375,406648000,0.0646137137658247,0.06261202328713968,0.0722921337207677
2017-03-20 00:00:00+00:00,1037.239990234375,1063.030029296875,1036.6800537109375,1054.22998046875,1054.22998046875,286529984,0.016870179986421707,0.016729458954285712,0.07374589747690413
2017-03-21 00:00:00+00:00,1055.3599853515625,1122.4300537109375,1055.3599853515625,1120.5400390625,1120.5400390625,337391008,0.06289904463186113,0.061000122725365626,0.08367188424728261
2017-03-22 00:00:00+00:00,1120.6500244140625,1120.6500244140625,1014.2100219726562,1049.1400146484375,1049.1400146484375,380840992,-0.06371929777163454,-0.06583995192109933,0.08170083846761647
2017-03-23 00:00:00+00:00,1050.050048828125,1058.010009765625,1028.9300537109375,1038.5899658203125,1038.5899658203125,248540000,-0.01005590167262882,-0.010106803783773714,0.05368627072847737
2017-03-24 00:00:00+00:00,1038.449951171875,1040.469970703125,934.3579711914062,937.52001953125,937.52001953125,491038016,-0.09731457997404602,-0.10238115832507738,0.064991986442102
2017-03-25 00:00:00+00:00,936.5399780273438,975.760986328125,903.7130126953125,972.7789916992188,972.7789916992188,435803008,0.037608767208616944,0.036918803491548365,0.06839195912388889
2017-03-26 00:00:00+00:00,974.0150146484375,1007.9600219726562,954.1859741210938,966.7249755859375,966.7249755859375,303668000,-0.006223423989354715,-0.006242870215820875,0.05468248880430323
2017-03-27 00:00:00+00:00,972.0549926757812,1046.4000244140625,971.9840087890625,1045.77001953125,1045.77001953125,372535008,0.08176580303762493,0.0785947087867763,0.06738152299055998
2017-03-28 00:00:00+00:00,1044.5799560546875,1064.6500244140625,1027.72998046875,1047.1500244140625,1047.1500244140625,326332000,0.0013196064689549036,0.0013187365535516804,0.06717377724802757
2017-03-29 00:00:00+00:00,1046.0799560546875,1055.1300048828125,1015.8800048828125,1039.969970703125,1039.969970703125,298457984,-0.006856757430679705,-0.006880373004662187,0.03700360373955987
2017-03-30 00:00:00+00:00,1042.2099609375,1049.2900390625,1020.0399780273438,1026.4300537109375,1026.4300537109375,352968992,-0.013019526884062937,-0.013105023821427681,0.03827695864408616
2017-03-31 00:00:00+00:00,1026.6400146484375,1074.9200439453125,1026.6400146484375,1071.7900390625,1071.7900390625,447287008,0.044191988716200115,0.043243369791162264,0.03917610629352074
2017-04-01 00:00:00+00:00,1071.7099609375,1091.719970703125,1061.0899658203125,1080.5,1080.5,289633984,0.008126555220758114,0.008093712582577179,0.022038864344332634
2017-04-02 00:00:00+00:00,1080.6099853515625,1107.5899658203125,1075.449951171875,1102.1700439453125,1102.1700439453125,514187008,0.020055570518567878,0.019857106712706095,0.02249674977832903
2017-04-03 00:00:00+00:00,1102.949951171875,1151.739990234375,1102.949951171875,1143.81005859375,1143.81005859375,580444032,0.03778002757122989,0.03708384279737139,0.02272209637399238
2017-04-04 00:00:00+00:00,1145.52001953125,1156.43994140625,1120.52001953125,1133.25,1133.25,436310016,-0.009232353321610876,-0.00927523563605931,0.021393530336377094
2017-04-05 00:00:00+00:00,1134.1400146484375,1135.0899658203125,1113.6300048828125,1124.780029296875,1124.780029296875,414784000,-0.007474053124310598,-0.007502123814714591,0.019439538788066944
2017-04-06 00:00:00+00:00,1125.81005859375,1188.3699951171875,1125.81005859375,1182.6800537109375,1182.6800537109375,511222016,0.05147675359266213,0.05019560806332238,0.026450283898427088
2017-04-07 00:00:00+00:00,1178.93994140625,1186.5799560546875,1163.3900146484375,1176.9000244140625,1176.9000244140625,317022016,-0.004887229879914523,-0.00489921144156862,0.028285937424908588
2017-04-08 00:00:00+00:00,1172.6500244140625,1184.97998046875,1162.5799560546875,1175.949951171875,1175.949951171875,209312000,-0.0008072675864378986,-0.0008075936023825001,0.02516436262816476
2017-04-09 00:00:00+00:00,1176.5699462890625,1197.2099609375,1171.8599853515625,1187.8699951171875,1187.8699951171875,242343008,0.010136523185730661,0.010085493189348422,0.023764967393455405
2017-04-10 00:00:00+00:00,1187.300048828125,1190.3399658203125,1179.0400390625,1187.1300048828125,1187.1300048828125,215883008,-0.0006229555737722325,-0.0006231496912175624,0.022716809829517997
2017-04-11 00:00:00+00:00,1187.4599609375,1208.0699462890625,1187.4599609375,1205.010009765625,1205.010009765625,216182000,0.015061539013646152,0.014949240225947288,0.008370573499235829
2017-04-12 00:00:00+00:00,1204.81005859375,1207.1400146484375,1196.760009765625,1200.3699951171875,1200.3699951171875,288702016,-0.0038506025766043006,-0.0038580352329780727,0.008110816360502699
2017-04-13 00:00:00+00:00,1201.02001953125,1205.8900146484375,1156.43994140625,1169.280029296875,1169.280029296875,351968992,-0.02590031902395007,-0.026241638711645643,0.01598923415773222
2017-04-14 00:00:00+00:00,1170.3299560546875,1190.800048828125,1159.7900390625,1167.5400390625,1167.5400390625,254827008,-0.001488086848982828,-0.001489195149852973,0.014747823012871735
2017-04-15 00:00:00+00:00,1167.300048828125,1188.0,1164.9599609375,1172.52001953125,1172.52001953125,203559008,0.004265361616847763,0.004256290746533749,0.01513813167112407
2017-04-16 00:00:00+00:00,1172.6099853515625,1187.219970703125,1172.6099853515625,1182.93994140625,1182.93994140625,183231008,0.008886775237463063,0.008847520245841664,0.01354419516931311
2017-04-17 00:00:00+00:00,1183.25,1194.9000244140625,1172.6500244140625,1193.9100341796875,1193.9100341796875,253206000,0.009273583881525216,0.009230848207914503,0.014719211496622319
2017-04-18 00:00:00+00:00,1193.77001953125,1217.5699462890625,1193.77001953125,1211.6700439453125,1211.6700439453125,270524000,0.014875500881293524,0.014765945740239381,0.006087272344804948
2017-04-19 00:00:00+00:00,1212.1300048828125,1215.510009765625,1205.0799560546875,1210.2900390625,1210.2900390625,288060992,-0.0011389279529591123,-0.001139577024277243,0.005964391580379911
2017-04-20 00:00:00+00:00,1211.0799560546875,1240.7900390625,1208.4100341796875,1229.0799560546875,1229.0799560546875,315108000,0.015525135616866192,0.015405853693441088,0.006638481307208062
2017-04-21 00:00:00+00:00,1229.4200439453125,1235.93994140625,1215.56005859375,1222.050048828125,1222.050048828125,272167008,-0.005719650045492797,-0.005736069884235737,0.00952866751490046
2017-04-22 00:00:00+00:00,1222.7099609375,1235.56005859375,1208.469970703125,1231.7099609375,1231.7099609375,249320000,0.00790467797831873,0.007873599679878615,0.009450628240396131
2017-04-23 00:00:00+00:00,1231.9200439453125,1232.199951171875,1203.93994140625,1207.2099609375,1207.2099609375,258951008,-0.019891046412705893,-0.020091536367346584,0.013550691833697876
2017-04-24 00:00:00+00:00,1209.6300048828125,1250.93994140625,1209.6300048828125,1250.1500244140625,1250.1500244140625,235806000,0.03556967293677382,0.03495168393262307,0.020901726459958664
2017-04-25 00:00:00+00:00,1250.449951171875,1267.5799560546875,1249.969970703125,1265.489990234375,1265.489990234375,242556000,0.012270499956597014,0.012195827596242196,0.020606262260431364
2017-04-26 00:00:00+00:00,1265.989990234375,1294.8299560546875,1265.9300537109375,1281.0799560546875,1281.0799560546875,329631008,0.01231931184017121,0.012244046631326971,0.01962694825579345
2017-04-27 00:00:00+00:00,1281.8800048828125,1319.699951171875,1281.300048828125,1317.72998046875,1317.72998046875,449196992,0.028608693970150645,0.02820710655915428,0.021261134240478388
2017-04-28 00:00:00+00:00,1317.739990234375,1331.280029296875,1292.3699951171875,1316.47998046875,1316.47998046875,527488992,-0.0009486010173004322,-0.0009490512239789706,0.01427572724311496
2017-04-29 00:00:00+00:00,1317.8399658203125,1327.199951171875,1315.2099609375,1321.7900390625,1321.7900390625,422705984,0.004033527795735514,0.004025414930823013,0.011072287347112676
2017-04-30 00:00:00+00:00,1321.8699951171875,1347.9100341796875,1314.9200439453125,1347.8900146484375,1347.8900146484375,413115008,0.019745931513033055,0.019553509516993917,0.011717068294532843
2017-05-01 00:00:00+00:00,1348.300048828125,1434.3199462890625,1348.300048828125,1421.5999755859375,1421.5999755859375,713624000,0.0546854417915732,0.05324256303039975,0.021583243095390215
2017-05-02 00:00:00+00:00,1421.030029296875,1473.9000244140625,1415.68994140625,1452.8199462890625,1452.8199462890625,477337984,0.021961150280870756,0.021723477635178665,0.02121987226076258
2017-05-03 00:00:00+00:00,1453.780029296875,1492.77001953125,1447.489990234375,1490.0899658203125,1490.0899658203125,583795968,0.025653570923533042,0.025330039559928564,0.017873382765672862
2017-05-04 00:00:00+00:00,1490.719970703125,1608.9100341796875,1490.719970703125,1537.6700439453125,1537.6700439453125,933548992,0.031931010352657774,0.03143181439131002,0.013614119010619067
2017-05-05 00:00:00+00:00,1540.8699951171875,1618.030029296875,1530.31005859375,1555.449951171875,1555.449951171875,946035968,0.011562888473097388,0.01149654917107177,0.01553843816011088
2017-05-06 00:00:00+00:00,1556.81005859375,1578.800048828125,1542.5,1578.800048828125,1578.800048828125,582529984,0.01501179619354387,0.014900234291777762,0.007993987646266318
2017-05-07 00:00:00+00:00,1579.469970703125,1596.719970703125,1559.760009765625,1596.7099609375,1596.7099609375,1080029952,0.011344002758720828,0.011280142062885478,0.009045198670687688
2017-05-08 00:00:00+00:00,1596.9200439453125,1723.3499755859375,1596.9200439453125,1723.3499755859375,1723.3499755859375,1340320000,0.07931309865072889,0.07632481902191007,0.0276797858160003
2017-05-09 00:00:00+00:00,1723.8900146484375,1833.489990234375,1716.300048828125,1755.3599853515625,1755.3599853515625,1167920000,0.018574294379609002,0.018403898923351595,0.02801499526800849
2017-05-10 00:00:00+00:00,1756.52001953125,1788.43994140625,1719.0999755859375,1787.1300048828125,1787.1300048828125,915723008,0.018098862795306925,0.01793702814316485,0.027292526066349247
2017-05-11 00:00:00+00:00,1780.3699951171875,1873.9300537109375,1755.3499755859375,1848.5699462890625,1848.5699462890625,799489984,0.034379111334029044,0.03380135427898459,0.026357414185086112
2017-05-12 00:00:00+00:00,1845.760009765625,1856.1500244140625,1694.010009765625,1724.239990234375,1724.239990234375,740984000,-0.06725737173444557,-0.06962597013852297,0.05313970710017673
2017-05-13 00:00:00+00:00,1723.1199951171875,1812.989990234375,1651.0799560546875,1804.9100341796875,1804.9100341796875,579635008,0.04678585603060226,0.045724379957238714,0.045590093116867486
2017-05-14 00:00:00+00:00,1800.8599853515625,1831.4200439453125,1776.6199951171875,1808.9100341796875,1808.9100341796875,437196000,0.002216176941925996,0.0022137248439940134,0.0453515629063045
2017-05-15 00:00:00+00:00,1808.43994140625,1812.800048828125,1708.5400390625,1738.4300537109375,1738.4300537109375,731529024,-0.03896267870541803,-0.03974203487147224,0.048766506935265824
2017-05-16 00:00:00+00:00,1741.699951171875,1785.93994140625,1686.5400390625,1734.449951171875,1734.449951171875,959044992,-0.0022894809777168623,-0.002292105846447192,0.04392032414408488
2017-05-17 00:00:00+00:00,1726.72998046875,1864.050048828125,1661.9100341796875,1839.0899658203125,1839.0899658203125,1064729984,0.06033037423636123,0.05858053337167216,0.03962427094850035
2017-05-18 00:00:00+00:00,1818.699951171875,1904.47998046875,1807.1199951171875,1888.6500244140625,1888.6500244140625,894321024,0.02694814256769873,0.026591435579729535,0.036458930063889096
2017-05-19 00:00:00+00:00,1897.3699951171875,2004.52001953125,1890.25,1987.7099609375,1987.7099609375,1157289984,0.05245012852721076,0.05112090162962312,0.04049651643531072
2017-05-20 00:00:00+00:00,1984.239990234375,2084.72998046875,1974.9200439453125,2084.72998046875,2084.72998046875,961336000,0.048809947848473145,0.0476561384037526,0.024640642772324913
2017-05-21 00:00:00+00:00,2067.030029296875,2119.080078125,2037.5,2041.199951171875,2041.199951171875,1147859968,-0.020880416027349136,-0.02110149480738968,0.03226704183698564
2017-05-22 00:00:00+00:00,2043.18994140625,2303.89990234375,2017.8699951171875,2173.39990234375,2173.39990234375,1942220032,0.06476580165308032,0.06275487042773906,0.03315020982132955
2017-05-23 00:00:00+00:00,2191.56005859375,2320.820068359375,2178.5,2320.419921875,2320.419921875,1378749952,0.06764517628472633,0.06545545339360417,0.03561782952672484
2017-05-24 00:00:00+00:00,2321.3701171875,2523.719970703125,2321.3701171875,2443.639892578125,2443.639892578125,1725379968,0.05310244475213688,0.05174051688319059,0.03566212567310968
2017-05-25 00:00:00+00:00,2446.239990234375,2763.7099609375,2285.300048828125,2304.97998046875,2304.97998046875,2406700032,-0.05674318565944014,-0.05841669584304932,0.05643605059191402
2017-05-26 00:00:00+00:00,2320.889892578125,2573.7900390625,2071.989990234375,2202.419921875,2202.419921875,1763480064,-0.04449498887747083,-0.04551527081265308,0.061700987870419076
2017-05-27 00:00:00+00:00,2196.27001953125,2260.199951171875,1855.8299560546875,2038.8699951171875,2038.8699951171875,1700480000,-0.07425919332339515,-0.07716098991381969,0.06630026600567394
2017-05-28 00:00:00+00:00,2054.080078125,2267.340087890625,2054.080078125,2155.800048828125,2155.800048828125,1147139968,0.0573504215526095,0.05576617659363846,0.0635254447266453
2017-05-29 00:00:00+00:00,2159.429931640625,2307.050048828125,2107.169921875,2255.610107421875,2255.610107421875,994625024,0.046298384049117125,0.045258586960507545,0.06187485683586319
2017-05-30 00:00:00+00:00,2255.360107421875,2301.9599609375,2124.570068359375,2175.469970703125,2175.469970703125,1443970048,-0.03552925058061074,-0.03617577429230326,0.05878680202180439
2017-05-31 00:00:00+00:00,2187.18994140625,2311.080078125,2145.570068359375,2286.409912109375,2286.409912109375,1544829952,0.050995850505991314,0.04973814374809657,0.060445121518942754
2017-06-01 00:00:00+00:00,2288.330078125,2448.389892578125,2288.330078125,2407.8798828125,2407.8798828125,1653180032,0.05312694371196991,0.05176378021810398,0.03900557463618522
2017-06-02 00:00:00+00:00,2404.030029296875,2488.550048828125,2373.320068359375,2488.550048828125,2488.550048828125,1317030016,0.033502570701906764,0.0329535875114417,0.036998942739754785
2017-06-03 00:00:00+00:00,2493.719970703125,2581.909912109375,2423.570068359375,2515.35009765625,2515.35009765625,1514950016,0.010769342911445712,0.010711766542318386,0.03635556981739646
2017-06-04 00:00:00+00:00,2547.7900390625,2585.889892578125,2452.5400390625,2511.81005859375,2511.81005859375,1355120000,-0.0014073742918723209,-0.0014083655732494782,0.023572819466079763
2017-06-05 00:00:00+00:00,2512.39990234375,2686.81005859375,2510.219970703125,2686.81005859375,2686.81005859375,1369309952,0.06967087316227039,0.06735100598126734,0.028329054795427185
2017-06-06 00:00:00+00:00,2690.840087890625,2999.909912109375,2690.840087890625,2863.199951171875,2863.199951171875,2089609984,0.06565030230326219,0.06358522530476088,0.030751930732252762
2017-06-07 00:00:00+00:00,2869.3798828125,2869.3798828125,2700.56005859375,2732.159912109375,2732.159912109375,1517709952,-0.045766988438535994,-0.046847390437499754,0.04781793634257754
2017-06-08 00:00:00+00:00,2720.489990234375,2815.300048828125,2670.949951171875,2805.6201171875,2805.6201171875,1281170048,0.026887227483478382,0.026532117208718432,0.04768221770298497
2017-06-09 00:00:00+00:00,2807.43994140625,2901.7099609375,2795.6201171875,2823.81005859375,2823.81005859375,1348950016,0.006483394275232257,0.006462467476989901,0.04684529831544344
2017-06-10 00:00:00+00:00,2828.139892578125,2950.989990234375,2746.550048828125,2947.7099609375,2947.7099609375,2018889984,0.043876854240490815,0.04294152679478317,0.042159691218220906
2017-06-11 00:00:00+00:00,2942.409912109375,2996.60009765625,2840.530029296875,2958.110107421875,2958.110107421875,1752400000,0.003528212280786036,0.0035220027412663424,0.033852924858503025
2017-06-12 00:00:00+00:00,2953.219970703125,2997.260009765625,2518.56005859375,2659.6298828125,2659.6298828125,2569530112,-0.10090233756359857,-0.10636361588756964,0.058673958314028794
2017-06-13 00:00:00+00:00,2680.909912109375,2789.0400390625,2650.3798828125,2717.02001953125,2717.02001953125,1781200000,0.021578241803352327,0.021348727352915563,0.05801118483774943
2017-06-14 00:00:00+00:00,2716.8798828125,2786.830078125,2412.93994140625,2506.3701171875,2506.3701171875,1696560000,-0.07752975717127475,-0.08070016068395891,0.0657527511138142
2017-06-15 00:00:00+00:00,2499.580078125,2534.7099609375,2212.9599609375,2464.580078125,2464.580078125,2026259968,-0.016673530687237204,-0.0168140987006463,0.05515412426136854
2017-06-16 00:00:00+00:00,2469.570068359375,2539.919921875,2385.14990234375,2518.56005859375,2518.56005859375,1195190016,0.021902303336727824,0.02166589360816841,0.05886049273946189
2017-06-17 00:00:00+00:00,2514.010009765625,2685.18994140625,2484.9599609375,2655.8798828125,2655.8798828125,1534509952,0.05452314855474327,0.053088672857665754,0.05132839851384445
2017-06-18 00:00:00+00:00,2655.35009765625,2662.10009765625,2516.330078125,2548.2900390625,2548.2900390625,1178659968,-0.04051005636447136,-0.041353444427734504,0.05237140553564499
2017-06-19 00:00:00+00:00,2549.030029296875,2662.85009765625,2549.030029296875,2589.60009765625,2589.60009765625,1446840064,0.01621089356412031,0.0160809000217493,0.036489026141329414
2017-06-20 00:00:00+00:00,2591.260009765625,2763.449951171875,2589.820068359375,2721.7900390625,2721.7900390625,1854189952,0.05104646911540134,0.04978630510902381,0.03796168088942946
2017-06-21 00:00:00+00:00,2709.429931640625,2772.010009765625,2660.39990234375,2689.10009765625,2689.10009765625,1626579968,-0.012010456698382854,-0.012083164993093668,0.04047602388843203
2017-06-22 00:00:00+00:00,2691.030029296875,2723.739990234375,2642.360107421875,2705.409912109375,2705.409912109375,1097939968,0.006065157064008231,0.006046838033450255,0.03377004183762893
2017-06-23 00:00:00+00:00,2707.340087890625,2765.169921875,2706.3701171875,2744.909912109375,2744.909912109375,961318976,0.014600375278880584,0.01449481602903642,0.022500425420532107
2017-06-24 00:00:00+00:00,2738.52001953125,2757.93994140625,2583.18994140625,2608.719970703125,2608.719970703125,982750016,-0.04961545033060577,-0.05088858716688844,0.03691262840174161
2017-06-25 00:00:00+00:00,2607.25,2682.260009765625,2552.1201171875,2589.409912109375,2589.409912109375,1161100032,-0.007402120124278988,-0.007429651761239913,0.02520077338152983
2017-06-26 00:00:00+00:00,2590.570068359375,2615.25,2376.2900390625,2478.449951171875,2478.449951171875,1663280000,-0.042851446740276966,-0.04379667150922624,0.02949076624649138
2017-06-27 00:00:00+00:00,2478.449951171875,2552.449951171875,2332.989990234375,2552.449951171875,2552.449951171875,1489789952,0.029857371122225418,0.029420318014430347,0.03521792325559704
2017-06-28 00:00:00+00:00,2553.030029296875,2603.97998046875,2484.419921875,2574.7900390625,2574.7900390625,1183869952,0.008752409770216296,0.008714329466792743,0.03422643826401331
2017-06-29 00:00:00+00:00,2567.56005859375,2588.830078125,2510.47998046875,2539.320068359375,2539.320068359375,949979008,-0.013775869164089127,-0.013871636990232392,0.02721149148928821
2017-06-30 00:00:00+00:00,2539.239990234375,2559.25,2478.429931640625,2480.840087890625,2480.840087890625,860273024,-0.02302977919066862,-0.023299107639985044,0.028407677663070986
2017-07-01 00:00:00+00:00,2492.60009765625,2515.27001953125,2419.22998046875,2434.550048828125,2434.550048828125,779913984,-0.01865901768052247,-0.01883529334869347,0.022179136229808386
2017-07-02 00:00:00+00:00,2436.39990234375,2514.280029296875,2394.840087890625,2506.469970703125,2506.469970703125,803747008,0.029541361004107758,0.029113422496172298,0.02206513027460225
2017-07-03 00:00:00+00:00,2498.56005859375,2595.0,2480.469970703125,2564.06005859375,2564.06005859375,964112000,0.022976572057023192,0.022716585492221508,0.024749675683276327
2017-07-04 00:00:00+00:00,2561.0,2631.590087890625,2559.35009765625,2601.639892578125,2601.639892578125,985516032,0.01465637821486343,0.014550011544242314,0.02426615003682475
2017-07-05 00:00:00+00:00,2602.8701171875,2622.64990234375,2538.550048828125,2601.989990234375,2601.989990234375,941566016,0.00013456806887401918,0.00013455901540363518,0.019205864963855936
2017-07-06 00:00:00+00:00,2608.10009765625,2616.719970703125,2581.68994140625,2608.56005859375,2608.56005859375,761956992,0.0025250167694854664,0.0025218342707584,0.012535050429135972
2017-07-07 00:00:00+00:00,2608.590087890625,2916.139892578125,2498.8701171875,2518.659912109375,2518.659912109375,917411968,-0.03446351414766324,-0.035071388234270806,0.022132659751456684
2017-07-08 00:00:00+00:00,2520.27001953125,2571.340087890625,2492.31005859375,2571.340087890625,2571.340087890625,733329984,0.020915954364450373,0.02070021881530923,0.02165048619470451
2017-07-09 00:00:00+00:00,2572.610107421875,2635.489990234375,2517.590087890625,2518.43994140625,2518.43994140625,527856000,-0.02057298711030131,-0.02078755903474558,0.021712446535643918
2017-07-10 00:00:00+00:00,2525.25,2537.159912109375,2321.1298828125,2372.56005859375,2372.56005859375,1111200000,-0.05792470188153198,-0.059670073291998124,0.031437978577594214
2017-07-11 00:00:00+00:00,2385.889892578125,2413.469970703125,2296.81005859375,2337.7900390625,2337.7900390625,1329760000,-0.014655064012102925,-0.01476351029164194,0.029440651544969505
2017-07-12 00:00:00+00:00,2332.77001953125,2423.7099609375,2275.139892578125,2398.840087890625,2398.840087890625,1117410048,0.026114427646636518,0.02577926845049998,0.034743781605381
2017-07-13 00:00:00+00:00,2402.699951171875,2425.219970703125,2340.830078125,2357.89990234375,2357.89990234375,835769984,-0.01706665890466874,-0.017213972837918482,0.030288801033037598
2017-07-14 00:00:00+00:00,2360.590087890625,2363.25,2183.219970703125,2233.340087890625,2233.340087890625,882502976,-0.052826591293936076,-0.054273088825368215,0.03463433452677235
2017-07-15 00:00:00+00:00,2230.1201171875,2231.139892578125,1990.4100341796875,1998.8599853515625,1998.8599853515625,993608000,-0.10499077315203142,-0.11092125143308323,0.05136356537314397
2017-07-16 00:00:00+00:00,1991.97998046875,2058.77001953125,1843.030029296875,1929.8199462890625,1929.8199462890625,1182870016,-0.03453970741745427,-0.03515030423318027,0.05022365948740136
2017-07-17 00:00:00+00:00,1932.6199951171875,2230.489990234375,1932.6199951171875,2228.409912109375,2228.409912109375,1201760000,0.1547242613977975,0.1438615807515655,0.09538194367245452
2017-07-18 00:00:00+00:00,2233.52001953125,2387.610107421875,2164.77001953125,2318.8798828125,2318.8798828125,1512450048,0.0405984420601897,0.039795972717640425,0.0983727835040477
2017-07-19 00:00:00+00:00,2323.080078125,2397.169921875,2260.22998046875,2273.429931640625,2273.429931640625,1245100032,-0.019599959234089415,-0.019794585747284255,0.09506242754680806
2017-07-20 00:00:00+00:00,2269.889892578125,2900.699951171875,2269.889892578125,2817.60009765625,2817.60009765625,2249260032,0.2393608698654388,0.21459581921064388,0.10768758765230402
2017-07-21 00:00:00+00:00,2838.409912109375,2838.409912109375,2621.85009765625,2667.760009765625,2667.760009765625,1489449984,-0.05318004070743243,-0.05464632077387589,0.11262591046762192
2017-07-22 00:00:00+00:00,2668.6298828125,2862.419921875,2657.7099609375,2810.1201171875,2810.1201171875,1177129984,0.05336316119169271,0.0519880561168258,0.10363005660281992
2017-07-23 00:00:00+00:00,2808.10009765625,2832.179931640625,2653.93994140625,2730.39990234375,2730.39990234375,1072840000,-0.02836897054903753,-0.028779145918047342,0.1091133139384927
2017-07-24 00:00:00+00:00,2732.699951171875,2777.260009765625,2699.18994140625,2754.860107421875,2754.860107421875,866473984,0.008958469804049018,0.008918580766257985,0.10638304649559918
2017-07-25 00:00:00+00:00,2757.5,2768.080078125,2480.9599609375,2576.47998046875,2576.47998046875,1460089984,-0.06475106538896502,-0.06694254490338364,0.04867595782479647
2017-07-26 00:00:00+00:00,2577.77001953125,2610.760009765625,2450.800048828125,2529.449951171875,2529.449951171875,937404032,-0.018253597797534105,-0.018422250208638885,0.044340669288437204
2017-07-27 00:00:00+00:00,2538.7099609375,2693.320068359375,2529.340087890625,2671.780029296875,2671.780029296875,789104000,0.05626918139220716,0.0547430594223052,0.045319901695643906
2017-07-28 00:00:00+00:00,2679.72998046875,2897.449951171875,2679.72998046875,2809.010009765625,2809.010009765625,1380099968,0.05136275403063939,0.050087183657445335,0.05060786156317474
2017-07-29 00:00:00+00:00,2807.02001953125,2808.760009765625,2692.800048828125,2726.449951171875,2726.449951171875,803745984,-0.029391158560036046,-0.029831732800538295,0.052902392318721375
2017-07-30 00:00:00+00:00,2724.389892578125,2758.530029296875,2644.85009765625,2757.179931640625,2757.179931640625,705942976,0.01127105981004406,0.01120801469662751,0.038540621811855344
2017-07-31 00:00:00+00:00,2763.239990234375,2889.6201171875,2720.610107421875,2875.340087890625,2875.340087890625,860574976,0.042855438955589076,0.0419625652194951,0.0353428710650098
2017-08-01 00:00:00+00:00,2871.300048828125,2921.35009765625,2685.610107421875,2718.260009765625,2718.260009765625,1324669952,-0.05463008664141544,-0.05617898537460666,0.04577586974756126
2017-08-02 00:00:00+00:00,2727.1298828125,2762.530029296875,2668.590087890625,2710.669921875,2710.669921875,1094950016,-0.0027922597041331043,-0.002796165333308995,0.03770383424357994
2017-08-03 00:00:00+00:00,2709.56005859375,2813.31005859375,2685.139892578125,2804.72998046875,2804.72998046875,804796992,0.03469993075685429,0.03411146270777818,0.03890279319537077
2017-08-04 00:00:00+00:00,2806.929931640625,2899.330078125,2743.719970703125,2895.889892578125,2895.889892578125,1002120000,0.03250220618176569,0.031985182588555545,0.04071102008650072
2017-08-05 00:00:00+00:00,2897.6298828125,3290.010009765625,2874.830078125,3252.909912109375,3252.909912109375,1945699968,0.12328508084725742,0.11625750003820046,0.06289251104800951
2017-08-06 00:00:00+00:00,3257.610107421875,3293.2900390625,3155.60009765625,3213.93994140625,3213.93994140625,1105030016,-0.011980033802367007,-0.01205237273640462,0.05060608324237494
2017-08-07 00:00:00+00:00,3212.780029296875,3397.679931640625,3180.889892578125,3378.93994140625,3378.93994140625,1482279936,0.05133885604838184,0.05006445291700739,0.046480922358851706
2017-08-08 00:00:00+00:00,3370.219970703125,3484.85009765625,3345.830078125,3419.93994140625,3419.93994140625,1752760064,0.012133983057105446,0.01206095642712161,0.04865749974477463
2017-08-09 00:00:00+00:00,3420.39990234375,3422.760009765625,3247.669921875,3342.469970703125,3342.469970703125,1468960000,-0.022652436016542987,-0.022912944057223775,0.05640093960234023
2017-08-10 00:00:00+00:00,3341.840087890625,3453.449951171875,3319.469970703125,3381.280029296875,3381.280029296875,1515110016,0.011611191404536703,0.011544298825368856,0.028088448082694888
2017-08-11 00:00:00+00:00,3373.820068359375,3679.719970703125,3372.1201171875,3650.6201171875,3650.6201171875,2021190016,0.07965625016471445,0.07664270358758349,0.03852975829059867
2017-08-12 00:00:00+00:00,3650.6298828125,3949.919921875,3613.699951171875,3884.7099609375,3884.7099609375,2219589888,0.06412330952976464,0.062151276619637826,0.04077174454048039
2017-08-13 00:00:00+00:00,3880.0400390625,4208.39013671875,3857.800048828125,4073.260009765625,4073.260009765625,3159089920,0.04853645464502643,0.04739533913409287,0.040401186838452924
2017-08-14 00:00:00+00:00,4066.10009765625,4325.1298828125,3989.159912109375,4325.1298828125,4325.1298828125,2463089920,0.06183496080363593,0.05999850660357008,0.024653221760100614
2017-08-15 00:00:00+00:00,4326.990234375,4455.97021484375,3906.179931640625,4181.93017578125,4181.93017578125,3258050048,-0.033108764571511906,-0.03366926614382545,0.04382868922190051
2017-08-16 00:00:00+00:00,4200.33984375,4381.22998046875,3994.419921875,4376.6298828125,4376.6298828125,2272039936,0.04655737873358379,0.0455060905777128,0.039791524819123014
2017-08-17 00:00:00+00:00,4384.43994140625,4484.7001953125,4243.7099609375,4331.68994140625,4331.68994140625,2553359872,-0.010268161258673913,-0.010321242503651034,0.0411850643087223
2017-08-18 00:00:00+00:00,4324.33984375,4370.1298828125,4015.39990234375,4160.6201171875,4160.6201171875,2941710080,-0.03949262909690476,-0.04029362277580252,0.04594640085689496
2017-08-19 00:00:00+00:00,4137.75,4243.259765625,3970.550048828125,4193.7001953125,4193.7001953125,2975820032,0.007950756664456327,0.007919315940433566,0.034665513229861694
2017-08-20 00:00:00+00:00,4189.31005859375,4196.2900390625,4069.8798828125,4087.659912109375,4087.659912109375,2109769984,-0.025285613721660716,-0.025610788049179205,0.03322486321049872
2017-08-21 00:00:00+00:00,4090.47998046875,4109.14013671875,3988.60009765625,4001.739990234375,4001.739990234375,2800890112,-0.02101934204958411,-0.021243393592236003,0.018001270929181717
2017-08-22 00:00:00+00:00,3998.35009765625,4128.759765625,3674.580078125,4100.52001953125,4100.52001953125,3764239872,0.024684269727151875,0.024384535605044045,0.02639374727341607
2017-08-23 00:00:00+00:00,4089.010009765625,4255.77978515625,4078.409912109375,4151.52001953125,4151.52001953125,2369819904,0.01243744689870585,0.012360737249258057,0.021888035198659582
2017-08-24 00:00:00+00:00,4137.60009765625,4376.39013671875,4130.259765625,4334.68017578125,4334.68017578125,2037750016,0.044118818020461026,0.04317329334896507,0.02957985036785375
2017-08-25 00:00:00+00:00,4332.81982421875,4455.7001953125,4307.35009765625,4371.60009765625,4371.60009765625,1727970048,0.008517334700095969,0.008481266861428458,0.02362489601554066
2017-08-26 00:00:00+00:00,4372.06005859375,4379.27978515625,4269.52001953125,4352.39990234375,4352.39990234375,1511609984,-0.0043920292075192435,-0.0044017025017839126,0.017968697403337473
2017-08-27 00:00:00+00:00,4345.10009765625,4416.58984375,4317.2900390625,4382.8798828125,4382.8798828125,1537459968,0.007003028479147133,0.006978621159059976,0.017817298197530668
2017-08-28 00:00:00+00:00,4384.4501953125,4403.93017578125,4224.64013671875,4382.66015625,4382.66015625,1959330048,-5.0132919079404203e-05,-5.013417577619334e-05,0.018820335911439452
2017-08-29 00:00:00+00:00,4389.2099609375,4625.68017578125,4352.1298828125,4579.02001953125,4579.02001953125,2486080000,0.0448038077972408,0.04382912405601541,0.01910222168739095
2017-08-30 00:00:00+00:00,4570.35986328125,4626.52001953125,4471.41015625,4565.2998046875,4565.2998046875,1937849984,-0.002996321218345477,-0.0030008191758980583,0.02013791776825952
2017-08-31 00:00:00+00:00,4555.58984375,4736.0498046875,4549.39990234375,4703.39013671875,4703.39013671875,1944930048,0.030247812397657503,0.029799367864147074,0.020394309504902654
2017-09-01 00:00:00+00:00,4701.759765625,4892.009765625,4678.52978515625,4892.009765625,4892.009765625,2599079936,0.040102909480912885,0.03931965968186678,0.022071240736672576
2017-09-02 00:00:00+00:00,4901.419921875,4975.0400390625,4469.240234375,4578.77001953125,4578.77001953125,2722139904,-0.06403089141293461,-0.06617280669547498,0.045715515744691446
2017-09-03 00:00:00+00:00,4585.27001953125,4714.080078125,4417.58984375,4582.9599609375,4582.9599609375,1933190016,0.0009150801172317369,0.0009146616866667978,0.041299430651304606
2017-09-04 00:00:00+00:00,4591.6298828125,4591.6298828125,4108.39990234375,4236.31005859375,4236.31005859375,2987330048,-0.07563886774014905,-0.07865244791780196,0.054500382630778096
2017-09-05 00:00:00+00:00,4228.2900390625,4427.83984375,3998.110107421875,4376.52978515625,4376.52978515625,2697969920,0.03309949569863302,0.032563502729336564,0.05507883376032773
2017-09-06 00:00:00+00:00,4376.58984375,4617.25,4376.58984375,4597.1201171875,4597.1201171875,2172100096,0.050403023139341974,0.04917392208622048,0.057600434616790076
2017-09-07 00:00:00+00:00,4589.14013671875,4655.0400390625,4491.330078125,4599.8798828125,4599.8798828125,1844620032,0.0006003248892021418,0.0006001447663004128,0.0491467930418013
2017-09-08 00:00:00+00:00,4605.16015625,4661.0,4075.179931640625,4228.75,4228.75,2700890112,-0.0806825161237863,-0.08412374960926737,0.06214449842047427
2017-09-09 00:00:00+00:00,4229.81005859375,4308.81982421875,4114.10986328125,4226.06005859375,4226.06005859375,1386230016,-0.0006361079293526473,-0.0006363103318393091,0.05136840698410525
2017-09-10 00:00:00+00:00,4229.33984375,4245.43994140625,3951.0400390625,4122.93994140625,4122.93994140625,1679090048,-0.024401006080782994,-0.024703643884018568,0.04845963370426839
2017-09-11 00:00:00+00:00,4122.47021484375,4261.669921875,4099.39990234375,4161.27001953125,4161.27001953125,1557330048,0.009296783040678047,0.009253833940325928,0.03804291757018834
2017-09-12 00:00:00+00:00,4168.8798828125,4344.64990234375,4085.219970703125,4130.81005859375,4130.81005859375,1864530048,-0.007319871287980284,-0.007346793001922602,0.03712614248764661
2017-09-13 00:00:00+00:00,4131.97998046875,4131.97998046875,3789.919921875,3882.590087890625,3882.590087890625,2219409920,-0.06008990178251539,-0.06197104848606778,0.027981812108388186
2017-09-14 00:00:00+00:00,3875.3701171875,3920.60009765625,3153.860107421875,3154.949951171875,3154.949951171875,2716310016,-0.1874110117851947,-0.2075298468188717,0.08742333999793322
2017-09-15 00:00:00+00:00,3166.300048828125,3733.449951171875,2946.6201171875,3637.52001953125,3637.52001953125,4148069888,0.15295648927176453,0.1423295036032813,0.126657128759758
2017-09-16 00:00:00+00:00,3637.75,3808.840087890625,3487.7900390625,3625.0400390625,3625.0400390625,1818400000,-0.0034309035831391332,-0.003436802629408275,0.12592280079556775
2017-09-17 00:00:00+00:00,3606.280029296875,3664.81005859375,3445.639892578125,3582.8798828125,3582.8798828125,1239149952,-0.011630259471810844,-0.011698419937503098,0.12576283822687284
2017-09-18 00:00:00+00:00,3591.090087890625,4079.22998046875,3591.090087890625,4065.199951171875,4065.199951171875,1943209984,0.13461798445242934,0.12629601670346902,0.14053754016575046
2017-09-19 00:00:00+00:00,4073.7900390625,4094.070068359375,3868.8701171875,3924.969970703125,3924.969970703125,1563980032,-0.03449522339690225,-0.0351042298413958,0.08374193706679457
2017-09-20 00:00:00+00:00,3916.360107421875,4031.389892578125,3857.72998046875,3905.949951171875,3905.949951171875,1213830016,-0.004845901923637541,-0.004857681376487073,0.0639167355077099
2017-09-21 00:00:00+00:00,3901.469970703125,3916.419921875,3613.6298828125,3631.0400390625,3631.0400390625,1411480064,-0.07038234374377883,-0.07298189967391884,0.0752815574423453
2017-09-22 00:00:00+00:00,3628.02001953125,3758.27001953125,3553.530029296875,3630.699951171875,3630.699951171875,1194829952,-9.366128904286786e-05,-9.366567553529894e-05,0.07499632746381714
2017-09-23 00:00:00+00:00,3629.919921875,3819.2099609375,3594.580078125,3792.39990234375,3792.39990234375,928113984,0.04453685331933954,0.043573584608263244,0.04334709128874402
2017-09-24 00:00:00+00:00,3796.14990234375,3796.14990234375,3666.89990234375,3682.840087890625,3682.840087890625,768014976,-0.028889309480631398,-0.029314820772494088,0.042711507699620455
2017-09-25 00:00:00+00:00,3681.580078125,3950.25,3681.580078125,3926.070068359375,3926.070068359375,1374210048,0.06604413296914613,0.06395472542058253,0.055157297107946514
2017-09-26 00:00:00+00:00,3928.409912109375,3969.889892578125,3869.89990234375,3892.35009765625,3892.35009765625,1043740032,-0.00858873380148717,-0.008625829531936302,0.03859000376638576
2017-09-27 00:00:00+00:00,3892.93994140625,4210.0498046875,3884.820068359375,4200.669921875,4200.669921875,1686880000,0.0792117400755914,0.07623090435074809,0.046046628225141106
2017-09-28 00:00:00+00:00,4197.1298828125,4279.31005859375,4109.7001953125,4174.72998046875,4174.72998046875,1712320000,-0.006175191550082948,-0.006194336903600101,0.04750880433167944
2017-09-29 00:00:00+00:00,4171.6201171875,4214.6298828125,4039.2900390625,4163.06982421875,4163.06982421875,1367049984,-0.0027930324367207993,-0.002796940229908634,0.04188480252407314
2017-09-30 00:00:00+00:00,4166.10986328125,4358.43017578125,4160.85986328125,4338.7099609375,4338.7099609375,1207449984,0.042190053046182285,0.04132431925839092,0.03755636535958664
2017-10-01 00:00:00+00:00,4341.0498046875,4403.740234375,4269.81005859375,4403.740234375,4403.740234375,1208210048,0.014988389180881967,0.014877173197663997,0.034419584184520895
2017-10-02 00:00:00+00:00,4395.81005859375,4470.22998046875,4377.4599609375,4409.31982421875,4409.31982421875,1431730048,0.0012670115735247123,0.0012662095917030135,0.019408972545477784
2017-10-03 00:00:00+00:00,4408.4599609375,4432.47021484375,4258.89013671875,4317.47998046875,4317.47998046875,1288019968,-0.02082857388696502,-0.021048548498460898,0.02321317812200473
2017-10-04 00:00:00+00:00,4319.3701171875,4352.31005859375,4210.419921875,4229.35986328125,4229.35986328125,1116770048,-0.02041008124788868,-0.020621245145205476,0.026215431021131108
2017-10-05 00:00:00+00:00,4229.8798828125,4362.64013671875,4164.0498046875,4328.41015625,4328.41015625,1161769984,0.023419689071315863,0.023149656085278497,0.020161767646553128
2017-10-06 00:00:00+00:00,4324.4599609375,4413.27001953125,4320.52978515625,4370.81005859375,4370.81005859375,1069939968,0.00979572194250733,0.009748054894297626,0.019297305232428105
2017-10-07 00:00:00+00:00,4369.35009765625,4443.8798828125,4321.0498046875,4426.89013671875,4426.89013671875,906928000,0.012830591440306849,0.012748976770246745,0.020362843414302438
2017-10-08 00:00:00+00:00,4429.669921875,4624.14013671875,4405.64013671875,4610.47998046875,4610.47998046875,1313869952,0.04147151568709995,0.04063463202861561,0.022403278504766363
2017-10-09 00:00:00+00:00,4614.52001953125,4878.7099609375,4564.25,4772.02001953125,4772.02001953125,1968739968,0.03503757520840067,0.03443773060751759,0.01337890451472716
2017-10-10 00:00:00+00:00,4776.2099609375,4922.169921875,4765.10009765625,4781.990234375,4781.990234375,1597139968,0.0020893070026830607,0.0020871274361351166,0.01667905294378385
2017-10-11 00:00:00+00:00,4789.25,4873.72998046875,4751.6298828125,4826.47998046875,4826.47998046875,1222279936,0.009303604548152045,0.009260592591038536,0.016754709968169874
2017-10-12 00:00:00+00:00,4829.580078125,5446.91015625,4822.0,5446.91015625,5446.91015625,2791610112,0.12854713544693785,0.12093108463263826,0.04730927816030627
2017-10-13 00:00:00+00:00,5464.16015625,5840.2998046875,5436.85009765625,5647.2099609375,5647.2099609375,3615480064,0.03677310602556361,0.03611310687508494,0.04737241533250512
2017-10-14 00:00:00+00:00,5643.52978515625,5837.7001953125,5591.64013671875,5831.7900390625,5831.7900390625,1669030016,0.0326851807178703,0.03216238155630449,0.04745685484358532
2017-10-15 00:00:00+00:00,5835.9599609375,5852.47998046875,5478.60986328125,5678.18994140625,5678.18994140625,1976039936,-0.02633841352782007,-0.026691482867168537,0.05445116917777524
2017-10-16 00:00:00+00:00,5687.56982421875,5776.22998046875,5544.2099609375,5725.58984375,5725.58984375,2008070016,0.008347713414463831,0.008313063950489405,0.054561875760429465
2017-10-17 00:00:00+00:00,5741.580078125,5800.35009765625,5472.72021484375,5605.509765625,5605.509765625,1821570048,-0.02097252534707461,-0.021195572848553824,0.02917453809249074
2017-10-18 00:00:00+00:00,5603.81982421875,5603.81982421875,5151.43994140625,5590.68994140625,5590.68994140625,2399269888,-0.002643795986161823,-0.002647296986752327,0.02372754329985907
2017-10-19 00:00:00+00:00,5583.740234375,5744.35009765625,5531.06005859375,5708.52001953125,5708.52001953125,1780540032,0.021076124657229967,0.020857095323062205,0.019884261695806756
2017-10-20 00:00:00+00:00,5708.10986328125,6060.10986328125,5627.22998046875,6011.4501953125,6011.4501953125,2354429952,0.05306632450176196,0.0517062173997819,0.02731004707346499
2017-10-21 00:00:00+00:00,5996.7900390625,6194.8798828125,5965.06982421875,6031.60009765625,6031.60009765625,2207099904,0.003351920366813088,0.0033463152036217036,0.027540062629924034
2017-10-22 00:00:00+00:00,6036.66015625,6076.259765625,5792.33984375,6008.419921875,6008.419921875,2034630016,-0.0038431221244686897,-0.0038505258934469068,0.02333443894540209
2017-10-23 00:00:00+00:00,6006.0,6075.58984375,5732.47021484375,5930.31982421875,5930.31982421875,2401840128,-0.012998441965067942,-0.013083660993739222,0.02554475178021157
2017-10-24 00:00:00+00:00,5935.52001953125,5935.52001953125,5504.18017578125,5526.64013671875,5526.64013671875,2735699968,-0.06807047502757235,-0.07049808413802779,0.04367788299863607
2017-10-25 00:00:00+00:00,5524.60009765625,5754.330078125,5397.8798828125,5750.7998046875,5750.7998046875,1966989952,0.040559845118093296,0.039758880928574096,0.039859055201446746
2017-10-26 00:00:00+00:00,5747.9501953125,5976.7998046875,5721.22021484375,5904.830078125,5904.830078125,1905040000,0.026784148060926993,0.026431731700242787,0.0428519312425588
2017-10-27 00:00:00+00:00,5899.740234375,5988.39013671875,5728.81982421875,5780.89990234375,5780.89990234375,1710130048,-0.02098793261475229,-0.021211310291386017,0.04350993298040445
2017-10-28 00:00:00+00:00,5787.81982421875,5876.72021484375,5689.18994140625,5753.08984375,5753.08984375,1403920000,-0.004810679835932641,-0.004822288401198703,0.043412103617546376
2017-10-29 00:00:00+00:00,5754.43994140625,6255.7099609375,5724.580078125,6153.85009765625,6153.85009765625,2859040000,0.06966000267519279,0.06734084346998825,0.03527113030841154
2017-10-30 00:00:00+00:00,6114.85009765625,6214.990234375,6040.85009765625,6130.52978515625,6130.52978515625,1772150016,-0.0037895483526454443,-0.003796746882877619,0.035011759922230025
2017-10-31 00:00:00+00:00,6132.02001953125,6470.43017578125,6103.330078125,6468.39990234375,6468.39990234375,2311379968,0.0551127111404921,0.05364759642581373,0.039492035925258684
2017-11-01 00:00:00+00:00,6440.97021484375,6767.31005859375,6377.8798828125,6767.31005859375,6767.31005859375,2870320128,0.04621083432731066,0.04517490778615678,0.03364243515835646
2017-11-02 00:00:00+00:00,6777.77001953125,7367.330078125,6758.72021484375,7078.5,7078.5,4653770240,0.04598428898807039,0.04495834544204169,0.026891297570059314
2017-11-03 00:00:00+00:00,7087.52978515625,7461.2900390625,7002.93994140625,7207.759765625,7207.759765625,3369860096,0.01826089787737506,0.018096170044845903,0.023896139055872394
2017-11-04 00:00:00+00:00,7164.47998046875,7492.85986328125,7031.27978515625,7379.9501953125,7379.9501953125,2483800064,0.023889590564422525,0.023608699089706,0.01536181457981862
2017-11-05 00:00:00+00:00,7404.52001953125,7617.47998046875,7333.18994140625,7407.41015625,7407.41015625,2380410112,0.0037208870264384686,0.003713981650421861,0.017928930814427292
2017-11-06 00:00:00+00:00,7403.22021484375,7445.77001953125,7007.31005859375,7022.759765625,7022.759765625,3111899904,-0.05192778346429916,-0.053324601848219855,0.03704329473675751
2017-11-07 00:00:00+00:00,7023.10009765625,7253.31982421875,7023.10009765625,7144.3798828125,7144.3798828125,2326340096,0.01731799481206897,0.017169747457020566,0.03170088629231128
2017-11-08 00:00:00+00:00,7141.3798828125,7776.419921875,7114.02001953125,7459.68994140625,7459.68994140625,4602200064,0.04413399955849262,0.043187833291546796,0.036532876963664494
2017-11-09 00:00:00+00:00,7446.830078125,7446.830078125,7101.52001953125,7143.580078125,7143.580078125,3226249984,-0.0423757375660655,-0.04329978834888477,0.04086633805974854
2017-11-10 00:00:00+00:00,7173.72998046875,7312.0,6436.8701171875,6618.14013671875,6618.14013671875,5208249856,-0.07355414731266852,-0.07639967782768012,0.0504394124336976
2017-11-11 00:00:00+00:00,6618.60986328125,6873.14990234375,6204.22021484375,6357.60009765625,6357.60009765625,4908680192,-0.03936756153242693,-0.040163421356786085,0.048745796779834746
2017-11-12 00:00:00+00:00,6295.4501953125,6625.0498046875,5519.009765625,5950.06982421875,5950.06982421875,8957349888,-0.06410127519466624,-0.0662480083528882,0.04713465033192858
2017-11-13 00:00:00+00:00,5938.25,6811.18994140625,5844.2900390625,6559.490234375,6559.490234375,6263249920,0.1024223964020905,0.0975099371105213,0.07055889027034379
2017-11-14 00:00:00+00:00,6561.47998046875,6764.97998046875,6461.75,6635.75,6635.75,3197110016,0.011625867697059977,0.01155880655935634,0.07140205948815863
2017-11-15 00:00:00+00:00,6634.759765625,7342.25,6634.759765625,7315.5400390625,7315.5400390625,4200880128,0.10244358799871911,0.09752915968167002,0.07607260340989301
2017-11-16 00:00:00+00:00,7323.240234375,7967.3798828125,7176.580078125,7871.68994140625,7871.68994140625,5123809792,0.07602308228430132,0.07327191344658618,0.07032859897430074
2017-11-17 00:00:00+00:00,7853.56982421875,8004.58984375,7561.08984375,7708.990234375,7708.990234375,4651670016,-0.020668967939835303,-0.02088556075564038,0.05372183402773017
2017-11-18 00:00:00+00:00,7697.2099609375,7884.990234375,7463.43994140625,7790.14990234375,7790.14990234375,3667190016,0.01052792460507379,0.010472891923132355,0.04910966235516831
2017-11-19 00:00:00+00:00,7766.02978515625,8101.91015625,7694.10009765625,8036.490234375,8036.490234375,3149319936,0.03162202719066243,0.031132347250235382,0.047591443013448975
2017-11-20 00:00:00+00:00,8039.06982421875,8336.8603515625,7949.35986328125,8200.6396484375,8200.6396484375,3488450048,0.020425510300550398,0.020219707267558867,0.03421942741649906
2017-11-21 00:00:00+00:00,8205.740234375,8348.66015625,7762.7099609375,8071.259765625,8071.259765625,4277609984,-0.015776803805438666,-0.01590258224989855,0.022646586594719513
2017-11-22 00:00:00+00:00,8077.9501953125,8302.259765625,8075.47021484375,8253.5498046875,8253.5498046875,3633530112,0.02258507895370454,0.02233381227401497,0.018080730352428697
2017-11-23 00:00:00+00:00,8232.3798828125,8267.400390625,8038.77001953125,8038.77001953125,8038.77001953125,4225179904,-0.026022716314653915,-0.02636729831656395,0.025630023812967834
2017-11-24 00:00:00+00:00,8074.02001953125,8374.16015625,7940.93017578125,8253.6904296875,8253.6904296875,5058610176,0.026735484363164197,0.02638433629480957,0.024544140319658642
2017-11-25 00:00:00+00:00,8241.7099609375,8790.919921875,8191.14990234375,8790.919921875,8790.919921875,4342060032,0.06508961012823455,0.06305893658721441,0.0358930289216336
2017-11-26 00:00:00+00:00,8789.0400390625,9522.9296875,8775.58984375,9330.5498046875,9330.5498046875,5475579904,0.06138491620992981,0.05957458008958222,0.036095822260061174
2017-11-27 00:00:00+00:00,9352.7197265625,9818.349609375,9352.7197265625,9818.349609375,9818.349609375,5653320192,0.052279856482030373,0.05095910220949361,0.037032739586971924
2017-11-28 00:00:00+00:00,9823.4296875,10125.7001953125,9736.2998046875,10058.7998046875,10058.7998046875,6348819968,0.024489879142509663,0.024194809821774188,0.018393722798054513
2017-11-29 00:00:00+00:00,10077.400390625,11517.400390625,9601.0302734375,9888.6103515625,9888.6103515625,11568799744,-0.016919459222728528,-0.017064228542038876,0.03341703112469334
2017-11-30 00:00:00+00:00,9906.7900390625,10801.0,9202.0498046875,10233.599609375,10233.599609375,8310689792,0.034887536827456156,0.03429276074330862,0.029917985393929775
2017-12-01 00:00:00+00:00,10198.599609375,11046.7001953125,9694.650390625,10975.599609375,10975.599609375,6783119872,0.07250625667631683,0.06999820553385039,0.03269424242007486
2017-12-02 00:00:00+00:00,10978.2998046875,11320.2001953125,10905.099609375,11074.599609375,11074.599609375,5138500096,0.009020008338809893,0.008979571044842705,0.03214679517247096
2017-12-03 00:00:00+00:00,11082.7001953125,11858.7001953125,10862.0,11323.2001953125,11323.2001953125,6608309760,0.022447817050383678,0.022199572962955286,0.03215739915911768
2017-12-04 00:00:00+00:00,11315.400390625,11657.2001953125,11081.7998046875,11657.2001953125,11657.2001953125,6132409856,0.02949696148075409,0.029070296029922785,0.02280114581801832
2017-12-05 00:00:00+00:00,11685.7001953125,12032.0,11604.599609375,11916.7001953125,11916.7001953125,6895260160,0.02226091991663215,0.022016762442421917,0.023270864100786864
2017-12-06 00:00:00+00:00,11923.400390625,14369.099609375,11923.400390625,14291.5,14291.5,12656300032,0.19928333899191664,0.18172416088180857,0.07243749363106579
2017-12-07 00:00:00+00:00,14266.099609375,17899.69921875,14057.2998046875,17899.69921875,17899.69921875,17950699520,0.2524716942763181,0.22511895434132784,0.0992722777341721
2017-12-08 00:00:00+00:00,17802.900390625,18353.400390625,14336.900390625,16569.400390625,16569.400390625,21135998976,-0.07431961911021989,-0.07722626494389065,0.12450786818619117
2017-12-09 00:00:00+00:00,16523.30078125,16783.0,13674.900390625,15178.2001953125,15178.2001953125,13911300096,-0.08396201205323306,-0.08769744361032222,0.14483544923490885
2017-12-10 00:00:00+00:00,15168.400390625,15850.599609375,13226.599609375,15455.400390625,15455.400390625,13433299968,0.01826304777546084,0.01809828138568269,0.14505400721262648
2017-12-11 00:00:00+00:00,15427.400390625,17513.900390625,15404.7998046875,16936.80078125,16936.80078125,12153900032,0.09585001702858453,0.09153033338474723,0.12968288458043253
2017-12-12 00:00:00+00:00,16919.80078125,17781.80078125,16571.599609375,17415.400390625,17415.400390625,14603799552,0.028257970059188287,0.027866079189228038,0.07580589609763651
2017-12-13 00:00:00+00:00,17500.0,17653.099609375,16039.7001953125,16408.19921875,16408.19921875,12976900096,-0.05783393716386753,-0.05957373243077356,0.0719420311416768
2017-12-14 00:00:00+00:00,16384.599609375,17085.80078125,16185.900390625,16564.0,16564.0,13777399808,0.009495300439305021,0.009450503424906668,0.05383645400911434
2017-12-15 00:00:00+00:00,16601.30078125,18154.099609375,16601.30078125,17706.900390625,17706.900390625,14309999616,0.06899905763251635,0.06672275050137494,0.05819280137483367
2017-12-16 00:00:00+00:00,17760.30078125,19716.69921875,17515.30078125,19497.400390625,19497.400390625,12740599808,0.10111877067699493,0.09632672719671541,0.059542270423921226
2017-12-17 00:00:00+00:00,19475.80078125,20089.0,18974.099609375,19140.80078125,19140.80078125,13314599936,-0.01828959770177696,-0.01845892013095586,0.06309719073959882
2017-12-18 00:00:00+00:00,19106.400390625,19371.0,18355.900390625,19114.19921875,19114.19921875,14839499776,-0.0013897831550526707,-0.0013907497993828459,0.048739917515948264
2017-12-19 00:00:00+00:00,19118.30078125,19177.80078125,17275.400390625,17776.69921875,17776.69921875,16894499840,-0.0699741582000456,-0.07254290633921227,0.06770787147841072
2017-12-20 00:00:00+00:00,17760.30078125,17934.69921875,16077.7001953125,16624.599609375,16624.599609375,22149699584,-0.06480953495347552,-0.06700506450657447,0.06815069367137357
2017-12-21 00:00:00+00:00,16642.400390625,17567.69921875,15342.7001953125,15802.900390625,15802.900390625,16516599808,-0.04942670729264509,-0.05069001039219793,0.030971481906553716
2017-12-22 00:00:00+00:00,15898.0,15943.400390625,11833.0,13831.7998046875,13831.7998046875,22197999616,-0.12473030502089644,-0.1332232172821606,0.047345092738969925
2017-12-23 00:00:00+00:00,13948.7001953125,15603.2001953125,13828.7998046875,14699.2001953125,14699.2001953125,13086000128,0.06271059463505568,0.06082280889142556,0.07066414233246288
2017-12-24 00:00:00+00:00,14608.2001953125,14626.0,12747.7001953125,13925.7998046875,13925.7998046875,11572299776,-0.05261513418067698,-0.05404986305608948,0.06983371892482121
2017-12-25 00:00:00+00:00,13995.900390625,14593.0,13448.900390625,14026.599609375,14026.599609375,10664699904,0.007238349401918809,0.007212278283202518,0.07282790714062987
2017-12-26 00:00:00+00:00,14036.599609375,16461.19921875,14028.900390625,16099.7998046875,16099.7998046875,13454300160,0.14780490304484273,0.1378513383721832,0.10410925094089932
2017-12-27 00:00:00+00:00,16163.5,16930.900390625,15114.2998046875,15838.5,15838.5,12487600128,-0.016230003345223065,-0.016363152489107035,0.07462063056345421
2017-12-28 00:00:00+00:00,15864.099609375,15888.400390625,13937.2998046875,14606.5,14606.5,12336499712,-0.07778514379518264,-0.08097704981335378,0.08484312982003306
2017-12-29 00:00:00+00:00,14695.7998046875,15279.0,14307.0,14656.2001953125,14656.2001953125,13025500160,0.0034026081068359026,0.003396832333957667,0.07963812898124262
2017-12-30 00:00:00+00:00,14681.900390625,14681.900390625,12350.099609375,12952.2001953125,12952.2001953125,14452599808,-0.11626478741365665,-0.12359779448691187,0.09980717214027893
2017-12-31 00:00:00+00:00,12897.7001953125,14377.400390625,12755.599609375,14156.400390625,14156.400390625,12136299520,0.09297263608914186,0.08890117328095244,0.0817110117619511
2018-01-01 00:00:00+00:00,14112.2001953125,14112.2001953125,13154.7001953125,13657.2001953125,13657.2001953125,10291200000,-0.03526321533283927,-0.0358999768524143,0.08161830230493536
2018-01-02 00:00:00+00:00,13625.0,15444.599609375,13163.599609375,14982.099609375,14982.099609375,16846600192,0.0970110560814097,0.0925892597121414,0.09072489453523709
2018-01-03 00:00:00+00:00,14978.2001953125,15572.7998046875,14844.5,15201.0,15201.0,16871900160,0.014610795304552893,0.014505086054969111,0.09080940640801624
2018-01-04 00:00:00+00:00,15270.7001953125,15739.7001953125,14522.2001953125,15599.2001953125,15599.2001953125,21783199744,0.026195657872015055,0.02585842824803167,0.054148587172111524
2018-01-05 00:00:00+00:00,15477.2001953125,17705.19921875,15202.7998046875,17429.5,17429.5,23840899072,0.11733292616101543,0.11094452953729485,0.05999322094276034
2018-01-06 00:00:00+00:00,17462.099609375,17712.400390625,16764.599609375,17527.0,17527.0,18314600448,0.005593964256002781,0.005578376143830052,0.048332211850984824
2018-01-07 00:00:00+00:00,17527.30078125,17579.599609375,16087.7001953125,16477.599609375,16477.599609375,15866000384,-0.05987336056512804,-0.061740689989334026,0.061685155346900764
2018-01-08 00:00:00+00:00,16476.19921875,16537.900390625,14208.2001953125,15170.099609375,15170.099609375,18413899776,-0.07935014996092593,-0.08267549955484522,0.07690056587184492
2018-01-09 00:00:00+00:00,15123.7001953125,15497.5,14424.0,14595.400390625,14595.400390625,16659999744,-0.03788368129071751,-0.03861992220665626,0.07680113120353413
2018-01-10 00:00:00+00:00,14588.5,14973.2998046875,13691.2001953125,14973.2998046875,14973.2998046875,18500800512,0.025891678470515656,0.025562164635524225,0.045301045968486504
2018-01-11 00:00:00+00:00,14968.2001953125,15018.7998046875,13105.900390625,13405.7998046875,13405.7998046875,16534099968,-0.10468634305373903,-0.11058116741362263,0.05159835118644726
2018-01-12 00:00:00+00:00,13453.900390625,14229.900390625,13158.099609375,13980.599609375,13980.599609375,12065699840,0.042876949757709726,0.04198319183702074,0.06627592521764397
2018-01-13 00:00:00+00:00,13952.400390625,14659.5,13952.400390625,14360.2001953125,14360.2001953125,12763599872,0.02715195317395036,0.02678987830152579,0.06374039301984084
2018-01-14 00:00:00+00:00,14370.7998046875,14511.7998046875,13268.0,13772.0,13772.0,11084099584,-0.04096044534981502,-0.04182295922437423,0.0641027797787872
2018-01-15 00:00:00+00:00,13767.2998046875,14445.5,13641.7001953125,13819.7998046875,13819.7998046875,12750799872,0.0034707961579654167,0.0034647868456980165,0.06161233454212816
2018-01-16 00:00:00+00:00,13836.099609375,13843.099609375,10194.900390625,11490.5,11490.5,18853799936,-0.16854801354629112,-0.18458172530715175,0.09159473486037645
2018-01-17 00:00:00+00:00,11431.099609375,11678.0,9402.2900390625,11188.599609375,11188.599609375,18830600192,-0.02627391241677912,-0.02662523913776235,0.08266259093473555
2018-01-18 00:00:00+00:00,11198.7998046875,12107.2998046875,10942.5,11474.900390625,11474.900390625,15020399616,0.02558861620270214,0.025266707476315743,0.08233609592372065
2018-01-19 00:00:00+00:00,11429.7998046875,11992.7998046875,11172.099609375,11607.400390625,11607.400390625,10740400128,0.01154694119247024,0.011480784055017625,0.08618831098373332
2018-01-20 00:00:00+00:00,11656.2001953125,13103.0,11656.2001953125,12899.2001953125,12899.2001953125,11801700352,0.11129105236439107,0.10552244967375776,0.10692761142033975
2018-01-21 00:00:00+00:00,12889.2001953125,12895.900390625,11288.2001953125,11600.099609375,11600.099609375,9935179776,-0.10071171594108497,-0.10615162399161542,0.07724028939499844
2018-01-22 00:00:00+00:00,11633.099609375,11966.400390625,10240.2001953125,10931.400390625,10931.400390625,10537400320,-0.05764598936801968,-0.05937426753876515,0.08153297702628996
2018-01-23 00:00:00+00:00,10944.5,11377.599609375,10129.7001953125,10868.400390625,10868.400390625,9660609536,-0.005763214020962026,-0.005779885423653502,0.07984973472851242
2018-01-24 00:00:00+00:00,10903.400390625,11501.400390625,10639.7998046875,11359.400390625,11359.400390625,9940989952,0.04517684133384825,0.04418609725643604,0.08339812423594756
2018-01-25 00:00:00+00:00,11421.7001953125,11785.7001953125,11057.400390625,11259.400390625,11259.400390625,8873169920,-0.008803281560753051,-0.008842259367552611,0.05735927336521073
2018-01-26 00:00:00+00:00,11256.0,11656.7001953125,10470.2998046875,11171.400390625,11171.400390625,9746199552,-0.007815691506385392,-0.007846394102556208,0.036630819721826524
2018-01-27 00:00:00+00:00,11174.900390625,11614.900390625,10989.2001953125,11440.7001953125,11440.7001953125,7583269888,0.024106181433931617,0.02382021404816243,0.023865427774678368
2018-01-28 00:00:00+00:00,11475.2998046875,12040.2998046875,11475.2998046875,11786.2998046875,11786.2998046875,8350360064,0.03020790716258781,0.02976063348641126,0.023614204835227602
2018-01-29 00:00:00+00:00,11755.5,11875.599609375,11179.2001953125,11296.400390625,11296.400390625,7107359744,-0.041565158037780714,-0.04245369798060674,0.029107472240883513
2018-01-30 00:00:00+00:00,11306.7998046875,11307.2001953125,10036.2001953125,10106.2998046875,10106.2998046875,8637859840,-0.10535219581320587,-0.11132515302966894,0.05782635991250759
2018-01-31 00:00:00+00:00,10108.2001953125,10381.599609375,9777.419921875,10221.099609375,10221.099609375,8041160192,0.011359232053877344,0.011295200421318582,0.0595725271129508
2018-02-01 00:00:00+00:00,10237.2998046875,10288.7998046875,8812.2802734375,9170.5400390625,9170.5400390625,9959400448,-0.1027834196380305,-0.10845799638872773,0.06555114770587535
2018-02-02 00:00:00+00:00,9142.2802734375,9142.2802734375,7796.490234375,8830.75,8830.75,12726899712,-0.037052347802326024,-0.03775622775012468,0.05206381867950937
2018-02-03 00:00:00+00:00,8852.1201171875,9430.75,8251.6298828125,9174.91015625,9174.91015625,7263790080,0.03897292486481896,0.03823265293714762,0.06803954347890222
2018-02-04 00:00:00+00:00,9175.7001953125,9334.8701171875,8031.22021484375,8277.009765625,8277.009765625,7073549824,-0.09786476110758924,-0.10299083790500331,0.06597518885240812
2018-02-05 00:00:00+00:00,8270.5400390625,8364.83984375,6756.68017578125,6955.27001953125,6955.27001953125,9285289984,-0.15968807377551097,-0.17398211533124852,0.08045075735449732
2018-02-06 00:00:00+00:00,7051.75,7850.7001953125,6048.259765625,7754.0,7754.0,13999800320,0.11483809805022926,0.10870919082663183,0.11174896833502912
2018-02-07 00:00:00+00:00,7755.490234375,8509.1103515625,7236.7900390625,7621.2998046875,7621.2998046875,9169280000,-0.01711377293171268,-0.017261906053983648,0.11193216694090351
2018-02-08 00:00:00+00:00,7637.85986328125,8558.76953125,7637.85986328125,8265.58984375,8265.58984375,9346750464,0.08453807822469184,0.08115416198669995,0.11979134615365587
2018-02-09 00:00:00+00:00,8271.83984375,8736.98046875,7884.7099609375,8736.98046875,8736.98046875,6784820224,0.057030488314931294,0.05546355066788704,0.11342690361993557
2018-02-10 00:00:00+00:00,8720.080078125,9122.5498046875,8295.4697265625,8621.900390625,8621.900390625,7780960256,-0.013171607575021227,-0.013259122522587949,0.05640336112017002
2018-02-11 00:00:00+00:00,8616.1298828125,8616.1298828125,7931.10009765625,8129.97021484375,8129.97021484375,6122189824,-0.05705588715872301,-0.05874826338459948,0.057312662330004566
2018-02-12 00:00:00+00:00,8141.43017578125,8985.919921875,8141.43017578125,8926.5703125,8926.5703125,6256439808,0.09798315081177211,0.09347499762512804,0.06524712151860096
2018-02-13 00:00:00+00:00,8926.7197265625,8958.4697265625,8455.41015625,8598.3095703125,8598.3095703125,5696719872,-0.03677344497335466,-0.03746663522015054,0.06429075047843191
2018-02-14 00:00:00+00:00,8599.919921875,9518.5400390625,8599.919921875,9494.6298828125,9494.6298828125,7909819904,0.10424378247495736,0.09916074093751738,0.07452879478837733
2018-02-15 00:00:00+00:00,9488.3203125,10234.7998046875,9395.580078125,10166.400390625,10166.400390625,9062540288,0.07075267978887334,0.06836184023155013,0.07527982762912286
2018-02-16 00:00:00+00:00,10135.7001953125,10324.099609375,9824.8203125,10233.900390625,10233.900390625,7296159744,0.006639518158486624,0.006617573638271057,0.05936674566773753
2018-02-17 00:00:00+00:00,10207.5,11139.5,10149.400390625,11112.7001953125,11112.7001953125,8660880384,0.0858714440383399,0.08238283884948888,0.05732261613292887
2018-02-18 00:00:00+00:00,11123.400390625,11349.7998046875,10326.0,10551.7998046875,10551.7998046875,8744009728,-0.050473816513253555,-0.05179217303128765,0.06252280696950047
2018-02-19 00:00:00+00:00,10552.599609375,11273.7998046875,10513.2001953125,11225.2998046875,11225.2998046875,7652089856,0.06382797366007709,0.06187369895710683,0.05569417749223992
2018-02-20 00:00:00+00:00,11231.7998046875,11958.5,11231.7998046875,11403.7001953125,11403.7001953125,9926540288,0.01589270609507487,0.015767739342639062,0.05232599768645671
2018-02-21 00:00:00+00:00,11372.2001953125,11418.5,10479.099609375,10690.400390625,10690.400390625,9405339648,-0.06254985596523333,-0.06459170224791023,0.06583602474144154
2018-02-22 00:00:00+00:00,10660.400390625,11039.099609375,9939.08984375,10005.0,10005.0,8040079872,-0.06411363144322124,-0.06626121098880938,0.05726449222156043
2018-02-23 00:00:00+00:00,9937.0703125,10487.2998046875,9734.5595703125,10301.099609375,10301.099609375,7739500032,0.02959516335582202,0.02916567969339066,0.057824322576655596
2018-02-24 00:00:00+00:00,10287.7001953125,10597.2001953125,9546.9697265625,9813.0703125,9813.0703125,6917929984,-0.04737642731178393,-0.048535445290413405,0.045831097127846866
2018-02-25 00:00:00+00:00,9796.419921875,9923.2197265625,9407.0595703125,9664.73046875,9664.73046875,5706939904,-0.015116557715992629,-0.01523197751850677,0.04039160457291373
2018-02-26 00:00:00+00:00,9669.4296875,10475.0,9501.73046875,10366.7001953125,10366.7001953125,7287690240,0.07263210586495439,0.07011553986619887,0.05602676988861251
2018-02-27 00:00:00+00:00,10393.900390625,10878.5,10246.099609375,10725.599609375,10725.599609375,6966179840,0.03462041028492213,0.0340346060989737,0.046220900942901474
2018-02-28 00:00:00+00:00,10687.2001953125,11089.7998046875,10393.099609375,10397.900390625,10397.900390625,6936189952,-0.030552997565149287,-0.03102947063646394,0.049009124949194974
2018-03-01 00:00:00+00:00,10385.0,11052.2998046875,10352.7001953125,10951.0,10951.0,7317279744,0.05319339372337972,0.05182687604474616,0.043439349043918885
2018-03-02 00:00:00+00:00,10977.400390625,11189.0,10850.099609375,11086.400390625,11086.400390625,7620590080,0.012364203326180156,0.012288390831968733,0.039075760562702504
2018-03-03 00:00:00+00:00,11101.900390625,11528.2001953125,11002.400390625,11489.7001953125,11489.7001953125,6690570240,0.036377885560451295,0.03573183173255637,0.03209072871695425
2018-03-04 00:00:00+00:00,11497.400390625,11512.599609375,11136.099609375,11512.599609375,11512.599609375,6084149760,0.0019930384320943073,0.0019910549659772955,0.03192887353443617
2018-03-05 00:00:00+00:00,11532.400390625,11704.099609375,11443.900390625,11573.2998046875,11573.2998046875,6468539904,0.005272501204946822,0.005258650235306609,0.021514332743824194
2018-03-06 00:00:00+00:00,11500.099609375,11500.099609375,10694.2998046875,10779.900390625,10779.900390625,6832169984,-0.06855429544313296,-0.07101737882303372,0.04016608551474772
2018-03-07 00:00:00+00:00,10803.900390625,10929.5,9692.1201171875,9965.5703125,9965.5703125,8797910016,-0.0755415215926486,-0.0785471416488412,0.05061994809672903
2018-03-08 00:00:00+00:00,9951.4404296875,10147.400390625,9335.8701171875,9395.009765625,9395.009765625,7186089984,-0.0572531755818666,-0.05895751127349285,0.040677443096090136
2018-03-09 00:00:00+00:00,9414.6904296875,9466.349609375,8513.0302734375,9337.5498046875,9337.5498046875,8704190464,-0.006116008644050375,-0.006134788034011313,0.038681003207321776
2018-03-10 00:00:00+00:00,9350.58984375,9531.3203125,8828.4697265625,8866.0,8866.0,5386319872,-0.050500379066334866,-0.05182014795719041,0.028328775932668932
2018-03-11 00:00:00+00:00,8852.7802734375,9711.8896484375,8607.1201171875,9578.6298828125,9578.6298828125,6296370176,0.08037783474086391,0.0773108269362234,0.0623573229971887
2018-03-12 00:00:00+00:00,9602.9296875,9937.5,8956.4296875,9205.1201171875,9205.1201171875,6457399808,-0.03899407015352063,-0.039774699535065794,0.05589682939966973
2018-03-13 00:00:00+00:00,9173.0400390625,9470.3798828125,8958.1904296875,9194.849609375,9194.849609375,5991139840,-0.001115738597840088,-0.0011163614975213596,0.05047387342984455
2018-03-14 00:00:00+00:00,9214.650390625,9355.849609375,8068.58984375,8269.8095703125,8269.8095703125,6438230016,-0.10060415105858134,-0.10603202002040293,0.06807934396144434
2018-03-15 00:00:00+00:00,8290.759765625,8428.349609375,7783.0498046875,8300.8603515625,8300.8603515625,6834429952,0.0037547153880626016,0.0037476840392196608,0.06698776573865096
2018-03-16 00:00:00+00:00,8322.91015625,8585.150390625,8005.31005859375,8338.349609375,8338.349609375,5289379840,0.0045163099033997955,0.00450614197866649,0.04747257168222672
2018-03-17 00:00:00+00:00,8321.91015625,8346.5302734375,7812.81982421875,7916.8798828125,7916.8798828125,4426149888,-0.05054594090041897,-0.05186813420832641,0.04853558387519107
2018-03-18 00:00:00+00:00,7890.52001953125,8245.509765625,7397.990234375,8223.6796875,8223.6796875,6639190016,0.038752615832098325,0.03802058543426426,0.05683517109530286
2018-03-19 00:00:00+00:00,8344.1201171875,8675.8701171875,8182.39990234375,8630.650390625,8630.650390625,6729110016,0.04948766471821564,0.048302106725166924,0.039174325188979724
2018-03-20 00:00:00+00:00,8619.669921875,9051.01953125,8389.8896484375,8913.4697265625,8913.4697265625,6361789952,0.03276917997335538,0.03224371887087316,0.04035749821258388
2018-03-21 00:00:00+00:00,8937.48046875,9177.3701171875,8846.330078125,8929.2802734375,8929.2802734375,6043129856,0.0017737814072429359,0.0017722101148143986,0.0405404686583333
2018-03-22 00:00:00+00:00,8939.4404296875,9100.7099609375,8564.900390625,8728.4697265625,8728.4697265625,5530390016,-0.022488995834565095,-0.022745729727735496,0.029299958600545437
2018-03-23 00:00:00+00:00,8736.25,8879.6201171875,8360.6201171875,8879.6201171875,8879.6201171875,5954120192,0.017316940467241304,0.017168711059965366,0.027432589060963304
2018-03-24 00:00:00+00:00,8901.9501953125,8996.1796875,8665.7001953125,8668.1201171875,8668.1201171875,5664600064,-0.023818586517076135,-0.02410683537135471,0.02465926363750438
2018-03-25 00:00:00+00:00,8612.8095703125,8682.009765625,8449.099609375,8495.7802734375,8495.7802734375,4569880064,-0.019882032253830673,-0.02008233931084544,0.01829637236900427
2018-03-26 00:00:00+00:00,8498.4697265625,8530.080078125,7921.43017578125,8209.400390625,8209.400390625,5921039872,-0.033708485106174635,-0.03428971504220468,0.019743847995477872
2018-03-27 00:00:00+00:00,8200.0,8232.7802734375,7797.27978515625,7833.0400390625,7833.0400390625,5378250240,-0.04584504758621555,-0.04692919680936608,0.024052994062767
2018-03-28 00:00:00+00:00,7836.830078125,8122.89013671875,7809.169921875,7954.47998046875,7954.47998046875,4935289856,0.015503551724572073,0.01538459954530477,0.023335736007326236
2018-03-29 00:00:00+00:00,7979.06982421875,7994.330078125,7081.3798828125,7165.7001953125,7165.7001953125,6361229824,-0.09916170347942321,-0.10442950860100436,0.04381013139361788
2018-03-30 00:00:00+00:00,7171.4501953125,7276.66015625,6683.93017578125,6890.52001953125,6890.52001953125,6289509888,-0.03840241264367461,-0.03915922419318774,0.042667858852557514
2018-03-31 00:00:00+00:00,6892.47998046875,7207.85009765625,6863.52001953125,6973.52978515625,6973.52978515625,4553269760,0.012046952245941878,0.01197496528897845,0.049237363651084796
2018-04-01 00:00:00+00:00,7003.06005859375,7060.9501953125,6526.8701171875,6844.22998046875,6844.22998046875,4532100096,-0.01854151465198095,-0.018715563309412864,0.0488039675984954
2018-04-02 00:00:00+00:00,6844.85986328125,7135.47021484375,6816.580078125,7083.7998046875,7083.7998046875,4333440000,0.03500318149775872,0.03440450062348593,0.05345230495942842
2018-04-03 00:00:00+00:00,7102.259765625,7530.93994140625,7072.490234375,7456.10986328125,7456.10986328125,5499700224,0.052557958843978625,0.051223352843477454,0.037144835405809616
2018-04-04 00:00:00+00:00,7456.41015625,7469.8798828125,6803.8798828125,6853.83984375,6853.83984375,4936000000,-0.08077536819799569,-0.08422475580705478,0.053360297394406425
2018-04-05 00:00:00+00:00,6848.64990234375,6933.81982421875,6644.7998046875,6811.47021484375,6811.47021484375,5639320064,-0.006181881962836755,-0.006201068910304803,0.0528664811921428
2018-04-06 00:00:00+00:00,6815.9599609375,6857.490234375,6575.0,6636.31982421875,6636.31982421875,3766810112,-0.025714036045156208,-0.026050420941338085,0.0534510618629908
2018-04-07 00:00:00+00:00,6630.509765625,7050.5400390625,6630.509765625,6911.08984375,6911.08984375,3976610048,0.041403974915207975,0.040569778635102284,0.05467809151642022
2018-04-08 00:00:00+00:00,6919.97998046875,7111.56005859375,6919.97998046875,7023.52001953125,7023.52001953125,3652499968,0.016268081926749334,0.0161371745154427,0.047441355514116816
2018-04-09 00:00:00+00:00,7044.31982421875,7178.10986328125,6661.990234375,6770.72998046875,6770.72998046875,4894060032,-0.03599192973886778,-0.03665561276645477,0.031373787803564854
2018-04-10 00:00:00+00:00,6795.43994140625,6872.41015625,6704.14990234375,6834.759765625,6834.759765625,4272750080,0.009456851084145068,0.009412414998555812,0.03168137111952239
2018-04-11 00:00:00+00:00,6843.47021484375,6968.31982421875,6817.58984375,6968.31982421875,6968.31982421875,4641889792,0.019541295257440083,0.019352815614150316,0.028444959108120615
2018-04-12 00:00:00+00:00,6955.3798828125,7899.22998046875,6806.509765625,7889.25,7889.25,8906250240,0.13215957347142848,0.12412693581038273,0.059097594681523126
2018-04-13 00:00:00+00:00,7901.08984375,8183.9599609375,7758.93017578125,7895.9599609375,7895.9599609375,7764460032,0.0008505194964667506,0.0008501580097129826,0.06015213696979789
2018-04-14 00:00:00+00:00,7874.669921875,8140.7099609375,7846.0,7986.240234375,7986.240234375,5191430144,0.011433729892771805,0.01136885881377853,0.051352347499231094
2018-04-15 00:00:00+00:00,7999.330078125,8338.419921875,7999.330078125,8329.1103515625,8329.1103515625,5244480000,0.04293260747550409,0.04203655981360764,0.0496468069302398
2018-04-16 00:00:00+00:00,8337.5703125,8371.150390625,7925.72998046875,8058.669921875,8058.669921875,5631309824,-0.03246930563679795,-0.03300812914143919,0.059513310694126374
2018-04-17 00:00:00+00:00,8071.66015625,8285.9599609375,7881.72021484375,7902.08984375,7902.08984375,6900879872,-0.01943001508226172,-0.01962125912828721,0.02903036161421435
2018-04-18 00:00:00+00:00,7944.43017578125,8197.7998046875,7886.009765625,8163.419921875,8163.419921875,6529909760,0.03307100821331388,0.03253592757494634,0.03243263397331986
2018-04-19 00:00:00+00:00,8159.27001953125,8298.6904296875,8138.77978515625,8294.3095703125,8294.3095703125,7063209984,0.016033678248838168,0.015906496489625957,0.03265994334177675
2018-04-20 00:00:00+00:00,8286.8798828125,8880.23046875,8244.5400390625,8845.830078125,8845.830078125,8438110208,0.06649384172813311,0.06437648463049019,0.03938879825695149
2018-04-21 00:00:00+00:00,8848.7900390625,8997.5703125,8652.150390625,8895.580078125,8895.580078125,7548550144,0.0056241188854653235,0.005608362578138261,0.03130438036644178
2018-04-22 00:00:00+00:00,8925.0595703125,9001.6396484375,8779.6103515625,8802.4599609375,8802.4599609375,6629899776,-0.010468133204319163,-0.010523309510453865,0.028589664951507256
2018-04-23 00:00:00+00:00,8794.3896484375,8958.5498046875,8788.8095703125,8930.8798828125,8930.8798828125,6925190144,0.014589094689994253,0.014483697709083162,0.027993985658392284
2018-04-24 00:00:00+00:00,8934.33984375,9732.6103515625,8927.830078125,9697.5,9697.5,10678800384,0.08583925965266448,0.08235319918742609,0.03997659418842057
2018-04-25 00:00:00+00:00,9701.0302734375,9745.3203125,8799.83984375,8845.740234375,8845.740234375,11083100160,-0.0878329224671307,-0.09193210663750347,0.06242101589162569
2018-04-26 00:00:00+00:00,8867.3203125,9281.509765625,8727.08984375,9281.509765625,9281.509765625,8970559488,0.049263206888732425,0.04808821013231678,0.06615478103398997
2018-04-27 00:00:00+00:00,9290.6298828125,9375.4697265625,8987.0498046875,8987.0498046875,8987.0498046875,7566289920,-0.031725437819185576,-0.0322395933068439,0.0683905433808999
2018-04-28 00:00:00+00:00,8939.26953125,9412.08984375,8931.990234375,9348.48046875,9348.48046875,7805479936,0.040216831097785066,0.03942918286213941,0.07021825205806927
2018-04-29 00:00:00+00:00,9346.41015625,9531.490234375,9193.7099609375,9419.080078125,9419.080078125,8853000192,0.0075519876851644074,0.007523614187495628,0.057543299654661685
2018-04-30 00:00:00+00:00,9426.1103515625,9477.1396484375,9166.8095703125,9240.5498046875,9240.5498046875,8673920000,-0.01895410931393615,-0.019136041014403197,0.03517096696933034
2018-05-01 00:00:00+00:00,9251.4697265625,9255.8798828125,8891.0498046875,9119.009765625,9119.009765625,7713019904,-0.013152901248456694,-0.01324016669459219,0.02797208584550178
2018-05-02 00:00:00+00:00,9104.599609375,9256.51953125,9015.1396484375,9235.919921875,9235.919921875,7558159872,0.012820488107240013,0.012739001376982891,0.02326912744526563
2018-05-03 00:00:00+00:00,9233.9697265625,9798.330078125,9188.150390625,9743.8603515625,9743.8603515625,10207299584,0.05499619247287524,0.05353715789106724,0.028650575568179557
2018-05-04 00:00:00+00:00,9695.5,9779.2001953125,9585.9599609375,9700.759765625,9700.759765625,8217829888,-0.004423358338729533,-0.004433170333562973,0.02922325388705681
2018-05-05 00:00:00+00:00,9700.2802734375,9964.5,9695.1201171875,9858.150390625,9858.150390625,7651939840,0.016224566817716557,0.016094355065083252,0.025716472148981737
2018-05-06 00:00:00+00:00,9845.3095703125,9940.1396484375,9465.25,9654.7998046875,9654.7998046875,7222280192,-0.020627661161558675,-0.020843383079432266,0.027792504559633942
2018-05-07 00:00:00+00:00,9645.669921875,9665.849609375,9231.5302734375,9373.009765625,9373.009765625,7394019840,-0.02918652325920712,-0.02962092312799005,0.033216471360433465
2018-05-08 00:00:00+00:00,9380.8701171875,9462.75,9127.76953125,9234.8203125,9234.8203125,7415869952,-0.014743338221176572,-0.014853101418770562,0.017573727123246608
2018-05-09 00:00:00+00:00,9223.73046875,9374.759765625,9031.6201171875,9325.1796875,9325.1796875,7226890240,0.009784638135047707,0.009737078547251641,0.01983980129523884
2018-05-10 00:00:00+00:00,9325.9599609375,9396.0400390625,9040.51953125,9043.9404296875,9043.9404296875,6906699776,-0.030159124782280555,-0.03062326710905233,0.016422876687914034
2018-05-11 00:00:00+00:00,9052.9599609375,9052.9599609375,8394.4599609375,8441.490234375,8441.490234375,8488520192,-0.06661368459868511,-0.0689361065966995,0.028616845525032467
2018-05-12 00:00:00+00:00,8441.4404296875,8664.8603515625,8223.5,8504.8896484375,8504.8896484375,6821380096,0.007510452811321011,0.007482389783710855,0.032295845880299746
2018-05-13 00:00:00+00:00,8515.490234375,8773.5498046875,8395.1201171875,8723.9404296875,8723.9404296875,5866379776,0.025755864015265972,0.025429769131291063,0.03820892753426437
2018-05-14 00:00:00+00:00,8713.099609375,8881.1201171875,8367.9697265625,8716.7900390625,8716.7900390625,7364149760,-0.0008196285477451992,-0.0008199646268759205,0.037023434735196196
2018-05-15 00:00:00+00:00,8705.1904296875,8836.1904296875,8456.4501953125,8510.3798828125,8510.3798828125,6705710080,-0.023679606291423294,-0.023964474196194036,0.036367164101990396
2018-05-16 00:00:00+00:00,8504.41015625,8508.4296875,8175.490234375,8368.830078125,8368.830078125,6760220160,-0.016632607079429262,-0.016772482047846687,0.019646866497141282
2018-05-17 00:00:00+00:00,8370.0498046875,8445.5400390625,8054.1201171875,8094.31982421875,8094.31982421875,5862530048,-0.03280150885412081,-0.03335153970564195,0.023052411462335613
2018-05-18 00:00:00+00:00,8091.830078125,8274.1201171875,7974.81982421875,8250.9697265625,8250.9697265625,5764190208,0.019353065575076878,0.019168176638719434,0.020704062797134087
2018-05-19 00:00:00+00:00,8255.73046875,8372.0595703125,8183.35009765625,8247.1796875,8247.1796875,4712399872,-0.0004593446816679725,-0.0004594502127542603,0.020749600562020052
2018-05-20 00:00:00+00:00,8246.990234375,8562.41015625,8205.240234375,8513.25,8513.25,5191059968,0.03226197592169289,0.031752487481541386,0.02631287311606807
2018-05-21 00:00:00+00:00,8522.330078125,8557.51953125,8365.1201171875,8418.990234375,8418.990234375,5154990080,-0.011072124702669384,-0.011133876917273966,0.025519585305825893
2018-05-22 00:00:00+00:00,8419.8701171875,8423.25,8004.580078125,8041.77978515625,8041.77978515625,5137010176,-0.04480471395234409,-0.045839471398213046,0.029969106283736856
2018-05-23 00:00:00+00:00,8037.080078125,8054.66015625,7507.8798828125,7557.81982421875,7557.81982421875,6491120128,-0.060180703011888936,-0.06206765944472573,0.037236087982338004
2018-05-24 00:00:00+00:00,7561.1201171875,7738.60009765625,7331.14013671875,7587.33984375,7587.33984375,6049220096,0.0039058908809461723,0.0038982826938899168,0.03778308294250454
2018-05-25 00:00:00+00:00,7592.2998046875,7659.14013671875,7392.64990234375,7480.14013671875,7480.14013671875,4867829760,-0.014128760440268784,-0.014229521588760126,0.027147076057619877
2018-05-26 00:00:00+00:00,7486.47998046875,7595.16015625,7349.1201171875,7355.8798828125,7355.8798828125,4051539968,-0.016612022186092146,-0.016751549202161684,0.026492858175407318
2018-05-27 00:00:00+00:00,7362.080078125,7381.740234375,7270.9599609375,7368.22021484375,7368.22021484375,4056519936,0.0016776146739541087,0.0016762090503006405,0.026566641860957956
2018-05-28 00:00:00+00:00,7371.31005859375,7419.0498046875,7100.89013671875,7135.990234375,7135.990234375,5040600064,-0.03151778498705937,-0.032025159738966816,0.014722685746627814
2018-05-29 00:00:00+00:00,7129.4599609375,7526.419921875,7090.68017578125,7472.58984375,7472.58984375,5662660096,0.047169292322396306,0.046090611580090195,0.029955845720884944
2018-05-30 00:00:00+00:00,7469.72998046875,7573.77001953125,7313.60009765625,7406.52001953125,7406.52001953125,4922540032,-0.008841623265862797,-0.008880942351451794,0.029549470555316315
2018-05-31 00:00:00+00:00,7406.14990234375,7608.89990234375,7361.1298828125,7494.169921875,7494.169921875,5127130112,0.011834154516914053,0.011764678499798073,0.02872569722038525
2018-06-01 00:00:00+00:00,7500.7001953125,7604.72998046875,7407.33984375,7541.4501953125,7541.4501953125,4921460224,0.006308940673935393,0.006289122618005123,0.0287175180713485
2018-06-02 00:00:00+00:00,7536.72021484375,7695.830078125,7497.259765625,7643.4501953125,7643.4501953125,4939299840,0.013525250098900043,0.01343460036267325,0.02011081698650192
2018-06-03 00:00:00+00:00,7632.08984375,7754.89013671875,7613.0400390625,7720.25,7720.25,4851760128,0.010047792910929054,0.009997649447416887,0.009009088756355822
2018-06-04 00:00:00+00:00,7722.52978515625,7753.81982421875,7474.0400390625,7514.47021484375,7514.47021484375,4993169920,-0.026654549419546036,-0.02701622323891649,0.016929289266765755
2018-06-05 00:00:00+00:00,7500.89990234375,7643.22998046875,7397.0,7633.759765625,7633.759765625,4961739776,0.015874645500039364,0.015749961130953748,0.01753435142098466
2018-06-06 00:00:00+00:00,7625.97021484375,7680.43017578125,7502.009765625,7653.97998046875,7653.97998046875,4692259840,0.002648788469189478,0.002645286611436144,0.017474995329026657
2018-06-07 00:00:00+00:00,7650.81982421875,7741.27001953125,7650.81982421875,7678.240234375,7678.240234375,4485799936,0.0031696259943396754,0.0031646133192780724,0.016513466087545888
2018-06-08 00:00:00+00:00,7685.14013671875,7698.18994140625,7558.39990234375,7624.919921875,7624.919921875,4227579904,-0.006944340222814094,-0.006968564365645907,0.015910963530201442
2018-06-09 00:00:00+00:00,7632.52001953125,7683.580078125,7531.97998046875,7531.97998046875,7531.97998046875,3845220096,-0.012188972783781837,-0.012263867528105044,0.010758177646591335
2018-06-10 00:00:00+00:00,7499.5498046875,7499.5498046875,6709.06982421875,6786.02001953125,6786.02001953125,5804839936,-0.09903902597615177,-0.1042933363808614,0.045611595390432705
2018-06-11 00:00:00+00:00,6799.2900390625,6910.18017578125,6706.6298828125,6906.919921875,6906.919921875,4745269760,0.017816025003725366,0.017659179795872778,0.04818813551515857
2018-06-12 00:00:00+00:00,6905.81982421875,6907.9599609375,6542.080078125,6582.35986328125,6582.35986328125,4654380032,-0.04699056341537011,-0.04813047339938324,0.047332423973449174
2018-06-13 00:00:00+00:00,6596.8798828125,6631.66015625,6285.6298828125,6349.89990234375,6349.89990234375,5052349952,-0.03531559589050193,-0.035954273506747965,0.0454204316534237
2018-06-14 00:00:00+00:00,6342.75,6707.14013671875,6334.4599609375,6675.35009765625,6675.35009765625,5138710016,0.05125280718084646,0.049982602628063255,0.05996042151664966
2018-06-15 00:00:00+00:00,6674.080078125,6681.080078125,6433.8701171875,6456.580078125,6456.580078125,3955389952,-0.03277281585696323,-0.033321874056011454,0.041935661760733385
2018-06-16 00:00:00+00:00,6455.4501953125,6592.490234375,6402.2900390625,6550.16015625,6550.16015625,3194170112,0.014493753193281167,0.014389722742134216,0.041419792756407746
2018-06-17 00:00:00+00:00,6545.52978515625,6589.10986328125,6499.27001953125,6499.27001953125,6499.27001953125,3104019968,-0.007769296552266991,-0.007799634776661505,0.035836226429859425
2018-06-18 00:00:00+00:00,6510.06982421875,6781.14013671875,6446.68017578125,6734.81982421875,6734.81982421875,4039200000,0.036242501693211526,0.035601191439461784,0.03335880446991814
2018-06-19 00:00:00+00:00,6742.39013671875,6822.5,6709.919921875,6769.93994140625,6769.93994140625,4057029888,0.005214707758210091,0.00520115825376602,0.02565709668356862
2018-06-20 00:00:00+00:00,6770.759765625,6821.56005859375,6611.8798828125,6776.5498046875,6776.5498046875,3888640000,0.0009763547887364776,0.0009758784644155417,0.016548782736162945
2018-06-21 00:00:00+00:00,6780.08984375,6810.93994140625,6715.169921875,6729.740234375,6729.740234375,3529129984,-0.006907581536569007,-0.006931549314601128,0.017734298533290938
2018-06-22 00:00:00+00:00,6737.8798828125,6747.080078125,6006.60009765625,6083.68994140625,6083.68994140625,5079810048,-0.09599929127557916,-0.10092513460307667,0.051614208134221524
2018-06-23 00:00:00+00:00,6090.10009765625,6224.81982421875,6071.81005859375,6162.47998046875,6162.47998046875,3431360000,0.012951028047344604,0.012867880610642049,0.04703724569687045
2018-06-24 00:00:00+00:00,6164.27978515625,6223.77978515625,5826.41015625,6173.22998046875,6173.22998046875,4566909952,0.0017444275736506754,0.0017429078270061015,0.04663890645270864
2018-06-25 00:00:00+00:00,6171.97021484375,6327.3701171875,6119.68017578125,6249.18017578125,6249.18017578125,5500810240,0.012303153382069887,0.012228084684466036,0.048060634024850286
2018-06-26 00:00:00+00:00,6253.5498046875,6290.16015625,6093.669921875,6093.669921875,6093.669921875,3279759872,-0.02488490482462502,-0.025199768617492124,0.047873568157793714
2018-06-27 00:00:00+00:00,6084.39990234375,6180.0,6052.85009765625,6157.1298828125,6157.1298828125,3296219904,0.010414079159373646,0.010360226200307545,0.016060136767607806
2018-06-28 00:00:00+00:00,6153.16015625,6170.41015625,5873.0498046875,5903.43994140625,5903.43994140625,3467800064,-0.041202629509963784,-0.04207551892667362,0.023960577473285755
2018-06-29 00:00:00+00:00,5898.1298828125,6261.66015625,5835.75,6218.2998046875,6218.2998046875,3966230016,0.053334982045442514,0.051961304162501123,0.03657742451102688
2018-06-30 00:00:00+00:00,6214.22021484375,6465.509765625,6214.22021484375,6404.0,6404.0,4543860224,0.029863499854496434,0.029426269046298203,0.03859667599386861
2018-07-01 00:00:00+00:00,6411.68017578125,6432.85009765625,6289.2900390625,6385.81982421875,6385.81982421875,4788259840,-0.00283887816696593,-0.002842915424254111,0.035401448776436084
2018-07-02 00:00:00+00:00,6380.3798828125,6683.85986328125,6305.7001953125,6614.18017578125,6614.18017578125,4396930048,0.03576053785551925,0.03513597605397694,0.037260542864635135
2018-07-03 00:00:00+00:00,6596.66015625,6671.3701171875,6447.75,6529.58984375,6529.58984375,4672309760,-0.012789239147277698,-0.012871725512867362,0.027118699912351676
2018-07-04 00:00:00+00:00,6550.8701171875,6771.919921875,6450.4599609375,6597.5498046875,6597.5498046875,4176689920,0.010407998444580624,0.010354208139776208,0.020496611422686245
2018-07-05 00:00:00+00:00,6599.7099609375,6749.5400390625,6546.64990234375,6639.14013671875,6639.14013671875,4999240192,0.006303905732049309,0.0062841192296037365,0.017992638967249508
2018-07-06 00:00:00+00:00,6638.68994140625,6700.93994140625,6533.5498046875,6673.5,6673.5,4313959936,0.005175348399594437,0.005162002311365564,0.017213561031021483
2018-07-07 00:00:00+00:00,6668.7099609375,6863.990234375,6579.240234375,6856.93017578125,6856.93017578125,3961080064,0.02748635285551071,0.027115385407600508,0.014269177053478738
2018-07-08 00:00:00+00:00,6857.7998046875,6885.91015625,6747.97998046875,6773.8798828125,6773.8798828125,3386210048,-0.012111876720297454,-0.012185823192757565,0.014029143501224193
2018-07-09 00:00:00+00:00,6775.080078125,6838.68017578125,6724.33984375,6741.75,6741.75,3718129920,-0.004743202325453666,-0.004754487007430659,0.014823838504075629
2018-07-10 00:00:00+00:00,6739.2099609375,6767.740234375,6320.72021484375,6329.9501953125,6329.9501953125,4052430080,-0.06108203429191239,-0.06302716705344925,0.03335620139521523
2018-07-11 00:00:00+00:00,6330.77001953125,6444.9599609375,6330.47021484375,6394.7099609375,6394.7099609375,3644859904,0.010230691178732654,0.010178711879892067,0.033978559600731845
2018-07-12 00:00:00+00:00,6396.77978515625,6397.10009765625,6136.419921875,6228.81005859375,6228.81005859375,3770170112,-0.025943303661489003,-0.026285767240593776,0.027802912580879698
2018-07-13 00:00:00+00:00,6235.02978515625,6310.5498046875,6192.240234375,6238.0498046875,6238.0498046875,3805400064,0.0014833886419449716,0.001482289507841217,0.0292985078205054
2018-07-14 00:00:00+00:00,6247.5,6298.18994140625,6212.22021484375,6276.1201171875,6276.1201171875,2923670016,0.006102918971790272,0.006084371585678029,0.030748191470577217
2018-07-15 00:00:00+00:00,6272.7001953125,6403.4599609375,6256.509765625,6359.64013671875,6359.64013671875,3285459968,0.013307587804530119,0.013219819655417867,0.015844152881009037
2018-07-16 00:00:00+00:00,6357.009765625,6741.75,6357.009765625,6741.75,6741.75,4725799936,0.06008356684760452,0.05834774166521402,0.030621842961807328
2018-07-17 00:00:00+00:00,6739.64990234375,7387.240234375,6684.169921875,7321.0400390625,7321.0400390625,5961950208,0.08592576690955611,0.08243286458020968,0.036030652893961346
2018-07-18 00:00:00+00:00,7315.31982421875,7534.990234375,7280.47021484375,7370.77978515625,7370.77978515625,6103410176,0.006794081964906162,0.006771106197490973,0.03496100931731038
2018-07-19 00:00:00+00:00,7378.2001953125,7494.4599609375,7295.4599609375,7466.85986328125,7466.85986328125,5111629824,0.013035266406750123,0.012951038487558252,0.033734517644771
2018-07-20 00:00:00+00:00,7467.39990234375,7594.669921875,7323.259765625,7354.1298828125,7354.1298828125,4936869888,-0.015097374603627811,-0.015212500162381477,0.04007113102007832
2018-07-21 00:00:00+00:00,7352.72021484375,7437.64013671875,7262.41015625,7419.2900390625,7419.2900390625,3726609920,0.008860348850009636,0.00882132629206077,0.03702650390184981
2018-07-22 00:00:00+00:00,7417.7998046875,7537.9501953125,7383.81982421875,7418.490234375,7418.490234375,3695460096,-0.00010780070374505346,-0.00010780651465853488,0.011043713632748801
2018-07-23 00:00:00+00:00,7414.7099609375,7771.5,7409.10009765625,7711.10986328125,7711.10986328125,5132480000,0.03944463356578143,0.03868656433444906,0.01978716877040034
2018-07-24 00:00:00+00:00,7716.509765625,8424.26953125,7705.5,8424.26953125,8424.26953125,7277689856,0.09248469813206439,0.0884546416030793,0.040985400281271823
2018-07-25 00:00:00+00:00,8379.66015625,8416.8701171875,8086.35986328125,8181.39013671875,8181.39013671875,5845400064,-0.028830914494162863,-0.029254690417220935,0.04467052917540021
2018-07-26 00:00:00+00:00,8176.85009765625,8290.330078125,7878.7099609375,7951.580078125,7951.580078125,4899089920,-0.02808936559110453,-0.028491418656974198,0.05007079395990086
2018-07-27 00:00:00+00:00,7950.39990234375,8262.66015625,7839.759765625,8165.009765625,8165.009765625,5195879936,0.026841166837664243,0.02648726157352419,0.04962701236073097
2018-07-28 00:00:00+00:00,8169.06005859375,8222.849609375,8110.77001953125,8192.150390625,8192.150390625,3988750080,0.0033240162325662848,0.0033185039026142372,0.04866213340686843
2018-07-29 00:00:00+00:00,8205.8203125,8272.259765625,8141.18017578125,8218.4599609375,8218.4599609375,4107190016,0.0032115585112559852,0.00320641247214717,0.023812354742148375
2018-07-30 00:00:00+00:00,8221.580078125,8235.5,7917.5,8180.47998046875,8180.47998046875,5551400000,-0.004621301393359478,-0.004632012619252318,0.019723606270715247
2018-07-31 00:00:00+00:00,8181.2001953125,8181.52978515625,7696.93017578125,7780.43994140625,7780.43994140625,5287530000,-0.04890178082675012,-0.05013794188199755,0.02812230948783914
2018-08-01 00:00:00+00:00,7769.0400390625,7769.0400390625,7504.9501953125,7624.91015625,7624.91015625,4797620000,-0.01998984457531061,-0.02019234469295715,0.022514206720006855
2018-08-02 00:00:00+00:00,7634.18994140625,7712.77001953125,7523.43994140625,7567.14990234375,7567.14990234375,4214110000,-0.007575204523413981,-0.0076040421112573775,0.020925477400480924
2018-08-03 00:00:00+00:00,7562.14013671875,7562.14013671875,7328.64990234375,7434.39013671875,7434.39013671875,4627150000,-0.017544223034868245,-0.017699946974245928,0.01805161632312719
2018-08-04 00:00:00+00:00,7438.669921875,7497.490234375,6984.06982421875,7032.85009765625,7032.85009765625,4268390000,-0.05401116052267385,-0.05552450759252941,0.021247523221370888
2018-08-05 00:00:00+00:00,7031.080078125,7102.77001953125,6940.7001953125,7068.47998046875,7068.47998046875,3679110000,0.005066208196926381,0.0050534181440378585,0.022613044231633475
2018-08-06 00:00:00+00:00,7062.93994140625,7166.5498046875,6890.5400390625,6951.7998046875,6951.7998046875,3925900000,-0.01650710988835713,-0.016644870348810327,0.02262951544046447
2018-08-07 00:00:00+00:00,6958.31982421875,7146.56005859375,6748.240234375,6753.1201171875,6753.1201171875,4682800000,-0.02857960428694062,-0.028995953086401502,0.0220736563389194
2018-08-08 00:00:00+00:00,6746.85009765625,6746.85009765625,6226.22021484375,6305.7998046875,6305.7998046875,5064430000,-0.06623905761153515,-0.06853482384772068,0.029587317719022694
2018-08-09 00:00:00+00:00,6305.56005859375,6625.72998046875,6249.06982421875,6568.22998046875,6568.22998046875,4267040000,0.04161727043509522,0.040774573013564665,0.04052363971796999
2018-08-10 00:00:00+00:00,6571.419921875,6591.259765625,6124.52001953125,6184.7099609375,6184.7099609375,4528680000,-0.058390163053316124,-0.06016427603596317,0.04338549423219855
2018-08-11 00:00:00+00:00,6185.7900390625,6455.740234375,6109.02978515625,6295.72998046875,6295.72998046875,4047850000,0.01795072367701156,0.017791511924364466,0.04788350636317202
2018-08-12 00:00:00+00:00,6283.64990234375,6409.85009765625,6237.5,6322.68994140625,6322.68994140625,5665250000,0.004282261313801161,0.004273118524736129,0.048596862662038116
2018-08-13 00:00:00+00:00,6341.35986328125,6537.0498046875,6225.72021484375,6297.56982421875,6297.56982421875,4083980000,-0.0039730110791915685,-0.0039809244546156666,0.03752535805198036
2018-08-14 00:00:00+00:00,6287.66015625,6287.93994140625,5971.0498046875,6199.7099609375,6199.7099609375,5301700000,-0.015539305797755087,-0.015661306329478587,0.029786057843830933
2018-08-15 00:00:00+00:00,6221.419921875,6588.490234375,6221.419921875,6308.52001953125,6308.52001953125,4895450000,0.017550830487124358,0.017398593339543036,0.014318331007818994
2018-08-16 00:00:00+00:00,6294.22998046875,6473.5,6276.41015625,6334.72998046875,6334.72998046875,4328420000,0.0041546925200131035,0.004146085616168998,0.012162004036267415
2018-08-17 00:00:00+00:00,6340.91015625,6582.5,6324.97021484375,6580.6298828125,6580.6298828125,4992990000,0.03881774015655104,0.038083278208336936,0.020685682052192466
2018-08-18 00:00:00+00:00,6583.43017578125,6617.35009765625,6353.72998046875,6423.759765625,6423.759765625,3984520000,-0.023838161388960444,-0.024126888066354907,0.025094307928280064
2018-08-19 00:00:00+00:00,6422.56982421875,6537.97998046875,6361.5498046875,6506.06982421875,6506.06982421875,3311170000,0.012813377460690445,0.01273198071380139,0.022633834170685582
2018-08-20 00:00:00+00:00,6500.509765625,6536.919921875,6297.93017578125,6308.52978515625,6308.52978515625,3665100000,-0.030362422230262642,-0.030832908467442785,0.02811762974441332
2018-08-21 00:00:00+00:00,6301.06982421875,6500.8701171875,6298.240234375,6488.759765625,6488.759765625,3377180000,0.028569252521058797,0.028168761359932258,0.03091626123712942
2018-08-22 00:00:00+00:00,6486.25,6816.7900390625,6310.10986328125,6376.7099609375,6376.7099609375,4668110000,-0.017268292976586608,-0.017419128922693004,0.025463740241700804
2018-08-23 00:00:00+00:00,6371.33984375,6546.5400390625,6371.33984375,6534.8798828125,6534.8798828125,3426180000,0.024804314896540447,0.02450168206824125,0.0262258556460136
2018-08-24 00:00:00+00:00,6551.52001953125,6719.9599609375,6498.64013671875,6719.9599609375,6719.9599609375,4097820000,0.028321879123101024,0.027928230011097385,0.028366489457310427
2018-08-25 00:00:00+00:00,6719.9501953125,6789.6298828125,6700.9599609375,6763.18994140625,6763.18994140625,3312600000,0.0064330711373343785,0.0064124672521687996,0.019683328863279285
2018-08-26 00:00:00+00:00,6754.64013671875,6774.75,6620.75,6707.259765625,6707.259765625,3295500000,-0.008269792252739938,-0.008304176683980409,0.019839663466979733
2018-08-27 00:00:00+00:00,6710.7998046875,6884.64013671875,6689.7099609375,6884.64013671875,6884.64013671875,4019000000,0.026446026737003914,0.026102376198721546,0.015787462750762208
2018-08-28 00:00:00+00:00,6891.080078125,7109.56005859375,6882.33984375,7096.27978515625,7096.27978515625,4659940000,0.03074084399978072,0.030277809712914813,0.01680507528010934
2018-08-29 00:00:00+00:00,7091.7099609375,7113.2998046875,6970.81982421875,7047.16015625,7047.16015625,4145880000,-0.006921884479385465,-0.006945951847084595,0.018057870917283166
2018-08-30 00:00:00+00:00,7043.759765625,7072.68994140625,6834.68994140625,6978.22998046875,6978.22998046875,4463250000,-0.009781269937524706,-0.009829420799983127,0.020099483481454055
2018-08-31 00:00:00+00:00,6973.97021484375,7057.169921875,6920.16015625,7037.580078125,7037.580078125,4495650000,0.008505036065358018,0.008469072019252824,0.01838782923680166
2018-09-01 00:00:00+00:00,7044.81005859375,7242.2900390625,7038.0498046875,7193.25,7193.25,4116050000,0.022119808250405715,0.021878714118539457,0.017517451431950017
2018-09-02 00:00:00+00:00,7189.580078125,7306.31005859375,7132.16015625,7272.72021484375,7272.72021484375,4329540000,0.011047887233691212,0.010987305122022542,0.013184763847431905
2018-09-03 00:00:00+00:00,7279.02978515625,7317.93994140625,7208.14990234375,7260.06005859375,7260.06005859375,4087760000,-0.0017407731737240084,-0.001742290079993956,0.012182010423689292
2018-09-04 00:00:00+00:00,7263.0,7388.259765625,7255.43994140625,7361.66015625,7361.66015625,4273640000,0.01399438804035591,0.013897370676709589,0.008588611290438274
2018-09-05 00:00:00+00:00,7361.4599609375,7388.43017578125,6792.830078125,6792.830078125,6792.830078125,5800460000,-0.07726926617796492,-0.08041781637747243,0.041868876192015854
2018-09-06 00:00:00+00:00,6755.14013671875,6755.14013671875,6404.72021484375,6529.169921875,6529.169921875,5523470000,-0.03881447838641905,-0.03958783805725853,0.040232502122017
2018-09-07 00:00:00+00:00,6528.919921875,6555.2900390625,6396.8701171875,6467.06982421875,6467.06982421875,4264680000,-0.009511178051622271,-0.009556698168818017,0.03729889936475971
2018-09-08 00:00:00+00:00,6460.169921875,6534.25,6197.52001953125,6225.97998046875,6225.97998046875,3835060000,-0.03727961044229555,-0.037992262867389735,0.03549644970563417
2018-09-09 00:00:00+00:00,6223.3798828125,6446.259765625,6201.22021484375,6300.85986328125,6300.85986328125,3671890000,0.012027003467310005,0.011955253777374625,0.03489147622140629
2018-09-10 00:00:00+00:00,6301.56982421875,6374.97998046875,6292.759765625,6329.7001953125,6329.7001953125,3714100000,0.0045772057555697465,0.004566762205364724,0.02381403646428527
2018-09-11 00:00:00+00:00,6331.8798828125,6398.919921875,6260.2099609375,6321.2001953125,6321.2001953125,3849910000,-0.0013428756082783933,-0.0013437780737511058,0.019305173684482764
2018-09-12 00:00:00+00:00,6317.009765625,6363.8701171875,6265.08984375,6351.7998046875,6351.7998046875,4064230000,0.004840791057003857,0.004829112103060521,0.019796654343848096
2018-09-13 00:00:00+00:00,6354.240234375,6535.41015625,6354.240234375,6517.31005859375,6517.31005859375,4210910000,0.026057221416850407,0.025723516554865874,0.010396469902008446
2018-09-14 00:00:00+00:00,6515.41015625,6596.10009765625,6456.169921875,6512.7099609375,6512.7099609375,4076220000,-0.000705827652036306,-0.0007060768656483014,0.011061875829850474
2018-09-15 00:00:00+00:00,6509.39990234375,6561.72021484375,6493.5498046875,6543.2001953125,6543.2001953125,3216300000,0.004681650888474609,0.004670726045218974,0.011057162567522939
2018-09-16 00:00:00+00:00,6536.68017578125,6544.330078125,6460.10009765625,6517.18017578125,6517.18017578125,3273730000,-0.0039766503781880624,-0.003984578276937406,0.011584057682177257
2018-09-17 00:00:00+00:00,6514.06005859375,6540.2099609375,6257.52001953125,6281.2001953125,6281.2001953125,3910780000,-0.036208908470212964,-0.03688071788794455,0.02255599752461365
2018-09-18 00:00:00+00:00,6280.91015625,6384.18017578125,6265.7099609375,6371.2998046875,6371.2998046875,4180090000,0.014344330155602991,0.01424242361641818,0.019355529284467154
2018-09-19 00:00:00+00:00,6371.85009765625,6448.4599609375,6208.33984375,6398.5400390625,6398.5400390625,4431340000,0.004275459515334479,0.004266345706214488,0.019725432339702195
2018-09-20 00:00:00+00:00,6398.85009765625,6529.259765625,6395.9501953125,6519.669921875,6519.669921875,4348110000,0.018930862676956428,0.01875390373168553,0.022058023929239518
2018-09-21 00:00:00+00:00,6513.8701171875,6794.330078125,6496.35986328125,6734.9501953125,6734.9501953125,6531940000,0.033020118505568075,0.032486665751885406,0.026326121992818304
2018-09-22 00:00:00+00:00,6735.0498046875,6814.56005859375,6616.7998046875,6721.97998046875,6721.97998046875,4509660000,-0.0019258070910126435,-0.0019276638417005945,0.01334073331844017
2018-09-23 00:00:00+00:00,6715.31982421875,6766.14990234375,6679.419921875,6710.6298828125,6710.6298828125,4197500000,-0.001688505126350992,-0.0016899322578373187,0.01494461051959673
2018-09-24 00:00:00+00:00,6704.77001953125,6713.56005859375,6580.89990234375,6595.41015625,6595.41015625,4177310000,-0.01716973347876105,-0.017318842593149884,0.01955721322135932
2018-09-25 00:00:00+00:00,6603.64013671875,6603.64013671875,6381.85986328125,6446.47021484375,6446.47021484375,4726180000,-0.022582362260686772,-0.02284124873972531,0.021552973862298454
2018-09-26 00:00:00+00:00,6452.7900390625,6585.91015625,6397.89013671875,6495.0,6495.0,4437300000,0.00752811748738158,0.007499922625336217,0.012462647262775864
2018-09-27 00:00:00+00:00,6495.2900390625,6712.10009765625,6464.9501953125,6676.75,6676.75,4606810000,0.027983063895304028,0.027598692087246655,0.02020730785964035
2018-09-28 00:00:00+00:00,6678.75,6785.02978515625,6598.31982421875,6644.1298828125,6644.1298828125,5014430000,-0.004885628065675718,-0.004897601761743681,0.02027160237648788
2018-09-29 00:00:00+00:00,6643.10009765625,6643.10009765625,6511.64990234375,6601.9599609375,6601.9599609375,4363690000,-0.006346944237813346,-0.006367171722292317,0.01873492473357384
2018-09-30 00:00:00+00:00,6604.7099609375,6643.77978515625,6566.5400390625,6625.56005859375,6625.56005859375,4002280000,0.003574710812529469,0.0035683367196754708,0.013647538044957537
2018-10-01 00:00:00+00:00,6619.85009765625,6653.2998046875,6549.080078125,6589.6201171875,6589.6201171875,4000970000,-0.005424438249508223,-0.00543920393591315,0.014376171074050287
2018-10-02 00:00:00+00:00,6593.240234375,6611.83984375,6537.89990234375,6556.10009765625,6556.10009765625,3979260000,-0.005086790882500303,-0.005099772645630063,0.004072682353718391
2018-10-03 00:00:00+00:00,6553.85986328125,6571.4599609375,6454.02978515625,6502.58984375,6502.58984375,3887310000,-0.008161903129785819,-0.00819539381745712,0.004563310641115779
2018-10-04 00:00:00+00:00,6497.91015625,6603.31005859375,6497.91015625,6576.68994140625,6576.68994140625,3838410000,0.011395474639611658,0.011331035300968855,0.00807683486492658
2018-10-05 00:00:00+00:00,6574.14990234375,6623.6201171875,6557.41015625,6622.47998046875,6622.47998046875,3671500000,0.0069624749639192185,0.0069383488553248175,0.008649377198758225
2018-10-06 00:00:00+00:00,6622.4501953125,6628.5400390625,6577.7998046875,6588.31005859375,6588.31005859375,3259740000,-0.005159686699812593,-0.005173043848845555,0.008608973268984643
2018-10-07 00:00:00+00:00,6590.68017578125,6641.490234375,6557.0400390625,6602.9501953125,6602.9501953125,3306630000,0.002222138391870798,0.002219673093834595,0.008143159895078605
2018-10-08 00:00:00+00:00,6600.18994140625,6675.06005859375,6576.0400390625,6652.22998046875,6652.22998046875,3979460000,0.007463298025666587,0.007435585416514066,0.006324184885592901
2018-10-09 00:00:00+00:00,6653.080078125,6661.41015625,6606.93994140625,6642.64013671875,6642.64013671875,3580810000,-0.0014415983479458827,-0.0014426384505712788,0.005414918157357936
2018-10-10 00:00:00+00:00,6640.2900390625,6640.2900390625,6538.9599609375,6585.52978515625,6585.52978515625,3787650000,-0.008597538085317824,-0.008634710127935695,0.006272032799949141
2018-10-11 00:00:00+00:00,6586.740234375,6586.740234375,6243.740234375,6256.240234375,6256.240234375,5181640000,-0.05000198336714945,-0.051295382144624056,0.0236280085215055
2018-10-12 00:00:00+00:00,6239.25,6328.5,6236.47021484375,6274.580078125,6274.580078125,3783500000,0.002931448132255543,0.0029271598167849833,0.02372397587463083
2018-10-13 00:00:00+00:00,6278.080078125,6308.509765625,6259.81005859375,6285.990234375,6285.990234375,3064030000,0.001818473285531752,0.0018168218647266394,0.022794526298724475
2018-10-14 00:00:00+00:00,6288.490234375,6363.2099609375,6280.14990234375,6290.93017578125,6290.93017578125,3085320000,0.0007858652689651802,0.0007855566385387347,0.023056325595170284
2018-10-15 00:00:00+00:00,6292.64013671875,6965.06005859375,6258.68017578125,6596.5400390625,6596.5400390625,7370770000,0.04857943972383971,0.04743633360553313,0.0349762421994927
2018-10-16 00:00:00+00:00,6601.41015625,6673.58984375,6571.3701171875,6596.10986328125,6596.10986328125,4074800000,-6.521233536105342e-05,-6.521446177784128e-05,0.02063371205306006
2018-10-17 00:00:00+00:00,6590.52001953125,6601.2099609375,6517.4501953125,6544.43017578125,6544.43017578125,4088420000,-0.007834873671174969,-0.00786572755709154,0.02214376181566202
2018-10-18 00:00:00+00:00,6542.330078125,6567.5400390625,6450.0400390625,6476.7099609375,6476.7099609375,3924080000,-0.010347763368972918,-0.010401673695689338,0.02367603132594057
2018-10-19 00:00:00+00:00,6478.06982421875,6493.68017578125,6445.31005859375,6465.41015625,6465.41015625,3578870000,-0.001744682833668909,-0.0017462065653074937,0.023841335096410652
2018-10-20 00:00:00+00:00,6460.919921875,6497.72021484375,6449.0,6489.18994140625,6489.18994140625,3379130000,0.003678001021058641,0.0036712537146421764,0.0057609551847220535
2018-10-21 00:00:00+00:00,6490.08984375,6556.3798828125,6476.0,6482.35009765625,6482.35009765625,3253610000,-0.0010540366073054086,-0.0010545924945415059,0.005638555710970682
2018-10-22 00:00:00+00:00,6486.0498046875,6543.7998046875,6462.97998046875,6487.16015625,6487.16015625,3672860000,0.0007420238835125215,0.0007417487199009042,0.005266249986135339
2018-10-23 00:00:00+00:00,6472.35986328125,6506.009765625,6451.27001953125,6475.740234375,6475.740234375,3716150000,-0.0017603884596555375,-0.0017619397642864927,0.002307035177165608
2018-10-24 00:00:00+00:00,6478.89013671875,6521.990234375,6468.85986328125,6495.83984375,6495.83984375,3424670000,0.0031038319400622516,0.0030990249977650625,0.0024207082132718235
2018-10-25 00:00:00+00:00,6484.64990234375,6504.64990234375,6447.02978515625,6476.2900390625,6476.2900390625,3230550000,-0.003009588468581126,-0.0030141263870882,0.0023803242234291017
2018-10-26 00:00:00+00:00,6468.43994140625,6498.2900390625,6449.60986328125,6474.75,6474.75,3306050000,-0.00023779649354971344,-0.00023782477161892504,0.002351853340297504
2018-10-27 00:00:00+00:00,6480.83984375,6507.41015625,6453.52978515625,6480.3798828125,6480.3798828125,3393250000,0.000869513542993916,0.0008691357350833926,0.002365723608590476
2018-10-28 00:00:00+00:00,6482.66015625,6502.27978515625,6447.91015625,6486.39013671875,6486.39013671875,3445190000,0.0009274539479067201,0.0009270241282320825,0.0022259942551763807
2018-10-29 00:00:00+00:00,6492.35009765625,6503.60009765625,6306.990234375,6332.6298828125,6332.6298828125,4199910000,-0.02370505792364075,-0.023990543470313163,0.010686431520378828
2018-10-30 00:00:00+00:00,6337.0400390625,6364.990234375,6310.14013671875,6334.27001953125,6334.27001953125,3781100000,0.0002589977227631657,0.00025896418864301634,0.010942509060456232
2018-10-31 00:00:00+00:00,6336.990234375,6349.16015625,6316.8798828125,6317.60986328125,6317.60986328125,4191240000,-0.002630161991615365,-0.0026336269445917018,0.010763786417412189
2018-11-01 00:00:00+00:00,6318.14013671875,6547.14013671875,6311.830078125,6377.77978515625,6377.77978515625,3789400000,0.009524159164166601,0.009479090296346939,0.012473203615039945
2018-11-02 00:00:00+00:00,6378.919921875,6396.85986328125,6327.3798828125,6388.43994140625,6388.43994140625,4234870000,0.0016714525444749828,0.0016700572222643,0.012538797637615309
2018-11-03 00:00:00+00:00,6387.240234375,6400.06982421875,6342.3701171875,6361.259765625,6361.259765625,3658640000,-0.004254587353178851,-0.004263663863637974,0.00533279068152161
2018-11-04 00:00:00+00:00,6365.47021484375,6388.6298828125,6294.56982421875,6376.1298828125,6376.1298828125,4390020000,0.0023376057157507013,0.0023348777659298278,0.005350974312376636
2018-11-05 00:00:00+00:00,6363.6201171875,6480.58984375,6363.6201171875,6419.66015625,6419.66015625,4174800000,0.006827068180471185,0.0068038692776419656,0.005272811653830112
2018-11-06 00:00:00+00:00,6433.3798828125,6463.5498046875,6408.16015625,6461.009765625,6461.009765625,4700040000,0.006441090083988854,0.0064204349103652286,0.004480875132100109
2018-11-07 00:00:00+00:00,6468.5,6552.16015625,6468.31005859375,6530.14013671875,6530.14013671875,4941260000,0.01069962337180641,0.010642787457474817,0.0056603043229338035
2018-11-08 00:00:00+00:00,6522.27001953125,6536.919921875,6438.52978515625,6453.72021484375,6453.72021484375,4665260000,-0.011702646539741735,-0.011771661474414798,0.008705751792194724
2018-11-09 00:00:00+00:00,6442.60009765625,6456.4599609375,6373.3701171875,6385.6201171875,6385.6201171875,4346820000,-0.01055206847976109,-0.0106081363243139,0.010623625887574763
2018-11-10 00:00:00+00:00,6386.1298828125,6437.27978515625,6385.31005859375,6409.22021484375,6409.22021484375,3705320000,0.003695819234960096,0.00368900647570952,0.010230767958512776
2018-11-11 00:00:00+00:00,6413.6298828125,6423.25,6350.169921875,6411.27001953125,6411.27001953125,3939060000,0.0003198212292272462,0.00031977009731966983,0.009567384664396753
2018-11-12 00:00:00+00:00,6411.759765625,6434.2099609375,6360.47021484375,6371.27001953125,6371.27001953125,4295770000,-0.006239013468180898,-0.0062585574452049195,0.006757623547337007
2018-11-13 00:00:00+00:00,6373.18994140625,6395.27001953125,6342.669921875,6359.490234375,6359.490234375,4503800000,-0.0018488912132336166,-0.001850602522267611,0.0056028952001428755
2018-11-14 00:00:00+00:00,6351.240234375,6371.5498046875,5544.08984375,5738.35009765625,5738.35009765625,7398940000,-0.09767137204823373,-0.10277649273173681,0.045647506560659745
2018-11-15 00:00:00+00:00,5736.14990234375,5774.81982421875,5358.3798828125,5648.02978515625,5648.02978515625,7032140000,-0.015739770310788437,-0.015864955827275286,0.043761996710511605
2018-11-16 00:00:00+00:00,5645.31982421875,5657.02001953125,5498.93994140625,5575.5498046875,5575.5498046875,5279320000,-0.012832790057027754,-0.012915841594389046,0.042198264356625347
2018-11-17 00:00:00+00:00,5578.580078125,5578.580078125,5519.56005859375,5554.330078125,5554.330078125,4303150000,-0.0038058536477711957,-0.0038131143366994845,0.04252518919203058
2018-11-18 00:00:00+00:00,5559.740234375,5653.60986328125,5559.740234375,5623.5400390625,5623.5400390625,4159680000,0.01246054158899823,0.012383547969032271,0.04506734397429249
2018-11-19 00:00:00+00:00,5620.77978515625,5620.77978515625,4842.91015625,4871.490234375,4871.490234375,7039560000,-0.1337324531280254,-0.14356147255391308,0.06291275986383654
2018-11-20 00:00:00+00:00,4863.93017578125,4951.60986328125,4272.10986328125,4451.8701171875,4451.8701171875,8428290000,-0.08613793664749825,-0.09007563428611133,0.06657907308029701
2018-11-21 00:00:00+00:00,4465.5400390625,4675.72998046875,4343.97998046875,4602.169921875,4602.169921875,6120120000,0.033761048892067214,0.033203655465095516,0.0752190262100037
2018-11-22 00:00:00+00:00,4611.56982421875,4629.64013671875,4365.64013671875,4365.93994140625,4365.93994140625,4569370000,-0.051330130021037146,-0.052694412359316274,0.07274009772759599
2018-11-23 00:00:00+00:00,4360.7001953125,4396.419921875,4195.68017578125,4347.10986328125,4347.10986328125,4871490000,-0.004312949417012546,-0.004322277012643036,0.06957957172993945
2018-11-24 00:00:00+00:00,4347.68994140625,4413.08984375,3795.159912109375,3880.760009765625,3880.760009765625,4679500000,-0.10727813839138145,-0.11348021178490733,0.06031153030521155
2018-11-25 00:00:00+00:00,3880.780029296875,4120.8701171875,3585.06005859375,4009.969970703125,4009.969970703125,6825640000,0.03329501453641903,0.03275273942871904,0.06257520041038303
2018-11-26 00:00:00+00:00,4015.070068359375,4107.14013671875,3643.919921875,3779.1298828125,3779.1298828125,6476900000,-0.05756653779882259,-0.059289959286095456,0.05589430624553019
2018-11-27 00:00:00+00:00,3765.949951171875,3862.9599609375,3661.010009765625,3820.719970703125,3820.719970703125,5998720000,0.01100520203864308,0.010945085463912742,0.059256753948625354
2018-11-28 00:00:00+00:00,3822.469970703125,4385.89990234375,3822.469970703125,4257.419921875,4257.419921875,7280280000,0.11429781677810569,0.10822444579237071,0.08545641908563259
2018-11-29 00:00:00+00:00,4269.00439453125,4413.0205078125,4145.76513671875,4278.8466796875,4278.8466796875,6503347767,0.005032803483256965,0.005020181260204391,0.06028757569036992
2018-11-30 00:00:00+00:00,4289.0888671875,4322.9765625,3942.822021484375,4017.2685546875,4017.2685546875,6048016717,-0.061132857655723294,-0.06308129823555883,0.06955468331873885
2018-12-01 00:00:00+00:00,4024.46435546875,4309.37744140625,3969.710693359375,4214.671875,4214.671875,5375314093,0.04913869153262418,0.04796953376593715,0.06276594297376843
2018-12-02 00:00:00+00:00,4200.7333984375,4301.51953125,4110.978515625,4139.8779296875,4139.8779296875,5262697895,-0.017746089738599147,-0.017905439628711557,0.06529045897617371
2018-12-03 00:00:00+00:00,4147.32373046875,4155.9794921875,3840.4462890625,3894.130859375,3894.130859375,5089570994,-0.059360946019741734,-0.06119579004793354,0.046850791056482675
2018-12-04 00:00:00+00:00,3886.294921875,4075.627685546875,3832.75,3956.893798828125,3956.893798828125,5028069239,0.016117316474361765,0.015988811461090185,0.0484192456190682
2018-12-05 00:00:00+00:00,3958.894775390625,3969.535888671875,3753.994873046875,3753.994873046875,3753.994873046875,5302481574,-0.05127732410744523,-0.05263875080027785,0.046027752008792625
2018-12-06 00:00:00+00:00,3754.074462890625,3874.966064453125,3521.101806640625,3521.101806640625,3521.101806640625,5878333109,-0.06203872788383058,-0.06404661855090774,0.03438215427611675
2018-12-07 00:00:00+00:00,3512.59033203125,3512.59033203125,3280.228759765625,3419.937255859375,3419.937255859375,6835615448,-0.02873093603554966,-0.029151749215485624,0.033255184994337925
2018-12-08 00:00:00+00:00,3421.910400390625,3506.04345703125,3350.650634765625,3476.11474609375,3476.11474609375,5305024497,0.016426468099122626,0.016293013151101775,0.0376323508713063
2018-12-09 00:00:00+00:00,3473.2275390625,3685.3056640625,3469.09423828125,3614.234375,3614.234375,4947372847,0.03973390954986766,0.03896482421444885,0.04434363111813338
2018-12-10 00:00:00+00:00,3612.04638671875,3647.33251953125,3470.14453125,3502.656005859375,3502.656005859375,5020968740,-0.030871924054627797,-0.03135850250725668,0.04110473853715343
2018-12-11 00:00:00+00:00,3497.5546875,3513.18505859375,3392.25,3424.588134765625,3424.588134765625,4696765188,-0.02228819243544189,-0.022540327664477524,0.03150586863915386
2018-12-12 00:00:00+00:00,3421.458251953125,3534.228515625,3413.4814453125,3486.9501953125,3486.9501953125,4139364829,0.018210090700773618,0.018046272769709704,0.02968794720551895
2018-12-13 00:00:00+00:00,3487.87939453125,3489.739501953125,3298.132080078125,3313.67724609375,3313.67724609375,4343372456,-0.04969183369802088,-0.05096896140814731,0.03699706042769094
2018-12-14 00:00:00+00:00,3311.751953125,3329.555908203125,3206.542236328125,3242.48486328125,3242.48486328125,4372763663,-0.021484404643338006,-0.021718554248833184,0.025151695496289612
2018-12-15 00:00:00+00:00,3243.99755859375,3275.3779296875,3191.303466796875,3236.76171875,3236.76171875,3551763561,-0.00176504895861207,-0.0017666084928983055,0.02578673529384619
2018-12-16 00:00:00+00:00,3236.274658203125,3305.753173828125,3233.81982421875,3252.839111328125,3252.839111328125,3744248994,0.004967122690864523,0.004954827235499686,0.026895106740529678
2018-12-17 00:00:00+00:00,3253.123046875,3597.91796875,3253.123046875,3545.86474609375,3545.86474609375,5409247918,0.09008303968836118,0.08625387653959106,0.05118786446661227
2018-12-18 00:00:00+00:00,3544.761474609375,3701.349365234375,3487.169189453125,3696.05908203125,3696.05908203125,5911325473,0.04235760433416402,0.04148507479472932,0.0426462340417482
2018-12-19 00:00:00+00:00,3706.824951171875,3949.322998046875,3687.22998046875,3745.95068359375,3745.95068359375,6810689119,0.013498594166162725,0.013408299801074757,0.0360612354125148
2018-12-20 00:00:00+00:00,3742.195068359375,4191.228515625,3728.974609375,4134.44140625,4134.44140625,8927129279,0.10370951341077017,0.09867679132172595,0.04218662584656575
2018-12-21 00:00:00+00:00,4133.70361328125,4198.4296875,3850.9462890625,3896.543701171875,3896.543701171875,7206015706,-0.05754047081632285,-0.05926230044008081,0.06338206768349987
2018-12-22 00:00:00+00:00,3898.083740234375,4014.1826171875,3855.739013671875,4014.1826171875,4014.1826171875,5605823233,0.03019058043163869,0.02974381467096963,0.0569140887103833
2018-12-23 00:00:00+00:00,4020.99462890625,4085.7236328125,3976.40576171875,3998.980224609375,3998.980224609375,6151275490,-0.003787170148421448,-0.0037943596349006648,0.05719919195159375
2018-12-24 00:00:00+00:00,4000.331787109375,4271.79248046875,4000.331787109375,4078.59912109375,4078.59912109375,7240968501,0.019909800002112288,0.01971419201541739,0.057204048220403016
2018-12-25 00:00:00+00:00,4081.030517578125,4089.5615234375,3760.0205078125,3815.49072265625,3815.49072265625,6158207293,-0.06450950206818629,-0.06668429052768687,0.04460237012452114
2018-12-26 00:00:00+00:00,3819.666748046875,3893.359619140625,3769.86376953125,3857.297607421875,3857.297607421875,5326547918,0.010957144913857908,0.010897550330662953,0.03818637468543048
2018-12-27 00:00:00+00:00,3854.6884765625,3874.4169921875,3645.448486328125,3654.83349609375,3654.83349609375,5130222366,-0.05248858966405945,-0.0539162995271533,0.03910405061185767
2018-12-28 00:00:00+00:00,3653.1318359375,3956.135986328125,3642.632080078125,3923.918701171875,3923.918701171875,5631554348,0.0736244771111243,0.07104028607292981,0.056648213951595784
2018-12-29 00:00:00+00:00,3932.49169921875,3963.7587890625,3820.40869140625,3820.40869140625,3820.40869140625,4991655917,-0.02637924423222937,-0.026733418957821234,0.05562954389802033
2018-12-30 00:00:00+00:00,3822.384765625,3901.908935546875,3797.21923828125,3865.95263671875,3865.95263671875,4770578575,0.011921223353655419,0.011850725299472748,0.047151446802592395
2018-12-31 00:00:00+00:00,3866.839111328125,3868.742919921875,3725.867431640625,3742.700439453125,3742.700439453125,4661840806,-0.03188145558095512,-0.03240073596075585,0.04918509496997882
2019-01-01 00:00:00+00:00,3746.71337890625,3850.913818359375,3707.231201171875,3843.52001953125,3843.52001953125,4324200990,0.02693765683605087,0.026581224952000385,0.042283041362481344
2019-01-02 00:00:00+00:00,3849.21630859375,3947.981201171875,3817.409423828125,3943.409423828125,3943.409423828125,5244856836,0.025989042281366226,0.025657066653891034,0.0285694746533167
2019-01-03 00:00:00+00:00,3931.048583984375,3935.68505859375,3826.222900390625,3836.7412109375,3836.7412109375,4530215219,-0.02704974336321264,-0.02742232180619206,0.0287377714076852
2019-01-04 00:00:00+00:00,3832.0400390625,3865.9345703125,3783.853759765625,3857.717529296875,3857.717529296875,4847965467,0.005467222626216461,0.005452331614920808,0.028264184394266513
2019-01-05 00:00:00+00:00,3851.973876953125,3904.903076171875,3836.900146484375,3845.194580078125,3845.194580078125,5137609824,-0.003246206888826486,-0.003251487248933267,0.02242291663850742
2019-01-06 00:00:00+00:00,3836.51904296875,4093.29736328125,3826.51318359375,4076.632568359375,4076.632568359375,5597027440,0.06018888861446059,0.058447089054905726,0.032300143772393604
2019-01-07 00:00:00+00:00,4078.5849609375,4092.613525390625,4020.89404296875,4025.248291015625,4025.248291015625,5228625637,-0.01260458883210791,-0.012684700557385667,0.032729428135934185
2019-01-08 00:00:00+00:00,4028.47216796875,4109.02099609375,3996.955322265625,4030.847900390625,4030.847900390625,5306593305,0.0013911214837352137,0.0013901547706836324,0.027982338593673602
2019-01-09 00:00:00+00:00,4031.552001953125,4068.403564453125,4022.662841796875,4035.29638671875,4035.29638671875,5115905225,0.0011036105648376537,0.0011030020343775215,0.028220613530129363
2019-01-10 00:00:00+00:00,4034.411376953125,4064.066650390625,3659.174560546875,3678.924560546875,3678.924560546875,6874143796,-0.08831366819666353,-0.0924592824929815,0.054171112767309584
2019-01-11 00:00:00+00:00,3674.015380859375,3713.8818359375,3653.06982421875,3687.365478515625,3687.365478515625,5538712865,0.0022943982214995717,0.002291770109090111,0.040937861056863645
2019-01-12 00:00:00+00:00,3686.97314453125,3698.978271484375,3653.810791015625,3661.301025390625,3661.301025390625,4778170883,-0.007068584135981104,-0.0070936849314874395,0.04126513158405759
2019-01-13 00:00:00+00:00,3658.8681640625,3674.760009765625,3544.92724609375,3552.953125,3552.953125,4681302466,-0.029592732102399433,-0.030039431790895278,0.03975772678156187
2019-01-14 00:00:00+00:00,3557.31103515625,3727.836181640625,3552.28515625,3706.05224609375,3706.05224609375,5651384490,0.04309066731460187,0.04218810159294485,0.04959250549642591
2019-01-15 00:00:00+00:00,3704.21630859375,3720.1533203125,3619.94921875,3630.67529296875,3630.67529296875,5537192302,-0.020338880328643172,-0.020548563372547957,0.02795157357906572
2019-01-16 00:00:00+00:00,3631.509765625,3685.777099609375,3624.67333984375,3655.0068359375,3655.0068359375,5394457145,0.006701657682214313,0.006679301401546422,0.028212771806273133
2019-01-17 00:00:00+00:00,3651.87109375,3680.135986328125,3621.9609375,3678.56396484375,3678.56396484375,5464420383,0.006445166852939055,0.006424485580328479,0.028221926735038597
2019-01-18 00:00:00+00:00,3677.990478515625,3682.52001953125,3637.080810546875,3657.83935546875,3657.83935546875,5002961727,-0.005633885824214646,-0.005649816019732142,0.023187283263799645
2019-01-19 00:00:00+00:00,3652.3779296875,3758.533447265625,3652.3779296875,3728.568359375,3728.568359375,5955691380,0.019336279435154813,0.01915170905873867,0.014995842651959149
2019-01-20 00:00:00+00:00,3725.446044921875,3743.387939453125,3583.01953125,3601.013671875,3601.013671875,5582489560,-0.034210097604695955,-0.03480896076891465,0.020510975415113618
2019-01-21 00:00:00+00:00,3600.372802734375,3608.8408203125,3558.537109375,3576.032470703125,3576.032470703125,5004347059,-0.006937269182559769,-0.006961443903655484,0.020029200883285074
2019-01-22 00:00:00+00:00,3575.081298828125,3620.74658203125,3539.721435546875,3604.5771484375,3604.5771484375,5313623556,0.007982219951364833,0.00795053055647093,0.02024525065961486
2019-01-23 00:00:00+00:00,3605.55712890625,3623.06787109375,3565.31396484375,3585.123046875,3585.123046875,5433755649,-0.005397055122244532,-0.005411671839448025,0.02024086565078757
2019-01-24 00:00:00+00:00,3584.500244140625,3616.08740234375,3569.0927734375,3600.865478515625,3600.865478515625,5262869046,0.00439104360848841,0.004381431105509742,0.016799653395107663
2019-01-25 00:00:00+00:00,3607.390380859375,3612.927734375,3575.597412109375,3599.765869140625,3599.765869140625,5265847539,-0.0003053736335224544,-0.00030542026954499585,0.006329001239695588
2019-01-26 00:00:00+00:00,3599.71533203125,3654.93310546875,3593.345947265625,3602.46044921875,3602.46044921875,5098183235,0.0007485431486600191,0.0007482631299659863,0.005037462194174511
2019-01-27 00:00:00+00:00,3604.687255859375,3612.67138671875,3567.245849609375,3583.9658203125,3583.9658203125,5570752966,-0.005133888120898322,-0.005147111803203804,0.004154881152064581
2019-01-28 00:00:00+00:00,3584.283203125,3586.7509765625,3439.23291015625,3470.450439453125,3470.450439453125,6908930483,-0.03167312037855241,-0.0321855631491495,0.014755457685114466
2019-01-29 00:00:00+00:00,3468.8701171875,3476.0654296875,3400.81982421875,3448.116943359375,3448.116943359375,5897159493,-0.006435330653293936,-0.006456126661071388,0.013499662568150278
2019-01-30 00:00:00+00:00,3443.89697265625,3495.1748046875,3429.387939453125,3486.181640625,3486.181640625,5955112627,0.01103927096757329,0.010978782970954,0.01596548735971303
2019-01-31 00:00:00+00:00,3485.4091796875,3504.804931640625,3447.915771484375,3457.792724609375,3457.792724609375,5831198271,-0.008143269325041613,-0.008176606850343018,0.01545553855303276
2019-02-01 00:00:00+00:00,3460.547119140625,3501.9541015625,3431.591552734375,3487.9453125,3487.9453125,5422926707,0.008720183739189036,0.00868238253365107,0.017268934779947637
2019-02-02 00:00:00+00:00,3484.6259765625,3523.287353515625,3467.57470703125,3521.060791015625,3521.060791015625,5071623601,0.009494265405179059,0.009449478125773406,0.009378520320388386
2019-02-03 00:00:00+00:00,3516.1396484375,3521.38818359375,3447.92431640625,3464.013427734375,3464.013427734375,5043937584,-0.01620175471744556,-0.016334438234447555,0.012396063785506492
2019-02-04 00:00:00+00:00,3467.211669921875,3476.223876953125,3442.5869140625,3459.154052734375,3459.154052734375,5332718886,-0.0014028164443861124,-0.0014038013125416823,0.011047656539465572
2019-02-05 00:00:00+00:00,3454.950927734375,3478.148193359375,3451.93701171875,3466.357421875,3466.357421875,5227549545,0.0020824077305636735,0.0020802425249583987,0.010447061100778133
2019-02-06 00:00:00+00:00,3469.091796875,3469.091796875,3398.5654296875,3413.767822265625,3413.767822265625,5482196038,-0.015171430181290635,-0.015287693750092953,0.011221638972777202
2019-02-07 00:00:00+00:00,3414.929443359375,3427.945556640625,3394.218505859375,3399.4716796875,3399.4716796875,5004962683,-0.004187789950119369,-0.004196583300843028,0.008328279319829103
2019-02-08 00:00:00+00:00,3401.37646484375,3695.614013671875,3391.023681640625,3666.7802734375,3666.7802734375,7735623101,0.07863239318839477,0.07569393609415692,0.036537615000341486
2019-02-09 00:00:00+00:00,3671.5859375,3679.94140625,3646.559326171875,3671.20361328125,3671.20361328125,6158833645,0.0012063280354683847,0.0012056010064354034,0.03632745095121606
2019-02-10 00:00:00+00:00,3673.201416015625,3695.0361328125,3640.97998046875,3690.188232421875,3690.188232421875,6282256903,0.005171224791767015,0.005157899926351539,0.03614510405499004
2019-02-11 00:00:00+00:00,3695.613037109375,3695.613037109375,3642.287841796875,3648.4306640625,3648.4306640625,6277056434,-0.011315836951756086,-0.011380348161982145,0.03542887762313386
2019-02-12 00:00:00+00:00,3642.751953125,3668.5869140625,3618.556884765625,3653.528564453125,3653.528564453125,6480384532,0.0013972858086190865,0.0013963105132088508,0.034821603906969416
2019-02-13 00:00:00+00:00,3653.60400390625,3669.74658203125,3617.246337890625,3632.070556640625,3632.070556640625,6438903823,-0.005873228423961097,-0.0058905436608690425,0.006635619552984805
2019-02-14 00:00:00+00:00,3631.170166015625,3646.256591796875,3607.69775390625,3616.880859375,3616.880859375,6271044418,-0.004182104127314679,-0.004190873583172263,0.006439736523775783
2019-02-15 00:00:00+00:00,3617.368408203125,3647.795166015625,3608.20654296875,3620.810791015625,3620.810791015625,6091952231,0.0010865526937218206,0.0010859628225890826,0.0053117564126960014
2019-02-16 00:00:00+00:00,3615.270263671875,3652.84130859375,3615.270263671875,3629.78759765625,3629.78759765625,5934744052,0.00247922555437019,0.002476157344838119,0.003750775961141862
2019-02-17 00:00:00+00:00,3633.359375,3680.537353515625,3619.18212890625,3673.836181640625,3673.836181640625,7039512503,0.01213530621263259,0.01206226371912486,0.007052054782985346
2019-02-18 00:00:00+00:00,3671.369873046875,3936.6650390625,3669.982421875,3915.71435546875,3915.71435546875,9908216640,0.06583804009467542,0.06376138183178885,0.027861405879475755
2019-02-19 00:00:00+00:00,3911.66162109375,4010.87939453125,3908.153076171875,3947.094482421875,3947.094482421875,9933626655,0.008013895832135631,0.007981955101910685,0.026246002403038336
2019-02-20 00:00:00+00:00,3946.68505859375,4000.486328125,3926.246826171875,3999.820556640625,3999.820556640625,8693373948,0.013358199164869689,0.013269765098495359,0.024873884382975303
2019-02-21 00:00:00+00:00,4000.2568359375,4010.009521484375,3940.108154296875,3954.1181640625,3954.1181640625,7775128102,-0.011426110729454764,-0.01149189028232773,0.02791938206577024
2019-02-22 00:00:00+00:00,3952.406494140625,4006.538330078125,3950.81640625,4005.526611328125,4005.526611328125,7826525254,0.013001242029855531,0.012917451356471413,0.02788327313105024
2019-02-23 00:00:00+00:00,3998.916259765625,4166.2861328125,3968.726806640625,4142.52685546875,4142.52685546875,8922258316,0.03420280463327119,0.03363089286305142,0.016090658972288847
2019-02-24 00:00:00+00:00,4145.4580078125,4210.6416015625,3793.708984375,3810.427490234375,3810.427490234375,10794227451,-0.08016830712779921,-0.08356456820529345,0.04566381642296373
2019-02-25 00:00:00+00:00,3807.00244140625,3913.707275390625,3807.00244140625,3882.6962890625,3882.6962890625,9318796067,0.018966060635805304,0.01878844714597673,0.04633937885130279
2019-02-26 00:00:00+00:00,3878.697265625,3891.578857421875,3837.986328125,3854.35791015625,3854.35791015625,7931218996,-0.007298633937987575,-0.007325399279809829,0.046252050826033377
2019-02-27 00:00:00+00:00,3857.479736328125,3888.802490234375,3787.058837890625,3851.04736328125,3851.04736328125,8301309684,-0.0008589100836423613,-0.000859279158257992,0.045310350043802725
2019-02-28 00:00:00+00:00,3848.261962890625,3906.058349609375,3845.8212890625,3854.785400390625,3854.785400390625,8399767798,0.0009706546704713048,0.0009701838898456305,0.03985866954140716
2019-03-01 00:00:00+00:00,3853.757080078125,3907.79541015625,3851.6923828125,3859.583740234375,3859.583740234375,7661247975,0.0012447748305945971,0.0012440007407169633,0.00970868670963276
2019-03-02 00:00:00+00:00,3855.318115234375,3874.607421875,3832.1279296875,3864.4150390625,3864.4150390625,7578786076,0.0012517668104363722,0.0012509840035555334,0.0036741950248564744
2019-03-03 00:00:00+00:00,3862.26611328125,3875.483642578125,3836.90576171875,3847.17578125,3847.17578125,7253558152,-0.0044610264783262465,-0.004471006548912776,0.0024538889284755694
2019-03-04 00:00:00+00:00,3845.091552734375,3867.3818359375,3733.749755859375,3761.55712890625,3761.55712890625,9029175788,-0.022254936403225956,-0.02250631409689688,0.01024711631319517
2019-03-05 00:00:00+00:00,3759.83251953125,3903.916748046875,3745.18310546875,3896.375,3896.375,10174126415,0.035840973956695166,0.035213632013154125,0.020896197673975627
2019-03-06 00:00:00+00:00,3897.0810546875,3919.510498046875,3871.460693359375,3903.942626953125,3903.942626953125,9175291529,0.0019422224383240927,0.0019403387629408418,0.020891000840428758
2019-03-07 00:00:00+00:00,3903.384765625,3939.373291015625,3894.113037109375,3911.484375,3911.484375,9584165519,0.0019318286070102442,0.0019299650258204676,0.02088480073375548
2019-03-08 00:00:00+00:00,3913.225830078125,3950.43212890625,3875.228515625,3901.131591796875,3901.131591796875,10638638944,-0.0026467658337827604,-0.0026502747112911442,0.020750021027040277
2019-03-09 00:00:00+00:00,3894.552490234375,3987.23779296875,3892.390380859375,3963.313720703125,3963.313720703125,10796103518,0.01593951074016675,0.01581381071084786,0.015480879031796088
2019-03-10 00:00:00+00:00,3966.17431640625,3966.17431640625,3924.381103515625,3951.599853515625,3951.599853515625,9713267607,-0.0029555740506511663,-0.0029599503848159307,0.007644224592002068
2019-03-11 00:00:00+00:00,3953.740234375,3966.384765625,3889.239013671875,3905.227294921875,3905.227294921875,10125901903,-0.01173513521428382,-0.011804535394846043,0.010110786841377598
2019-03-12 00:00:00+00:00,3903.75830078125,3926.88916015625,3863.55908203125,3909.15625,3909.15625,9809887079,0.0010060759032475275,0.0010055701480762823,0.010076571879290659
2019-03-13 00:00:00+00:00,3913.04736328125,3926.59765625,3891.904296875,3906.71728515625,3906.71728515625,9469184841,-0.0006239108103570645,-0.00062410552370009,0.00998969742590128
2019-03-14 00:00:00+00:00,3905.576904296875,3946.50439453125,3901.296875,3924.369140625,3924.369140625,10480789570,0.004518334494236109,0.00450815746490209,0.006130455495796982
2019-03-15 00:00:00+00:00,3926.663330078125,3968.54296875,3914.015380859375,3960.9111328125,3960.9111328125,9394210605,0.009311558336655423,0.009268473031698707,0.007840088684230282
2019-03-16 00:00:00+00:00,3963.900146484375,4077.036376953125,3961.657470703125,4048.725830078125,4048.725830078125,9856166973,0.02217032756381765,0.021928138916455526,0.009055782324482032
2019-03-17 00:00:00+00:00,4047.719482421875,4054.1220703125,4006.4111328125,4025.22900390625,4025.22900390625,8221625400,-0.0058035113164038865,-0.005820417128650456,0.010607847420233076
2019-03-18 00:00:00+00:00,4029.968505859375,4071.556640625,4009.1171875,4032.50732421875,4032.50732421875,9646954186,0.0018081754616785517,0.0018065426803688849,0.010287731038485418
2019-03-19 00:00:00+00:00,4032.69189453125,4082.216064453125,4023.8125,4071.190185546875,4071.190185546875,9344919956,0.009592756619634768,0.009547038273958657,0.010310424031186061
2019-03-20 00:00:00+00:00,4070.7939453125,4089.4619140625,4031.11083984375,4087.476318359375,4087.476318359375,10175916388,0.004000337019458566,0.003992356946232674,0.010334438066231856
2019-03-21 00:00:00+00:00,4083.953857421875,4097.35986328125,4005.1513671875,4029.326904296875,4029.326904296875,10831212662,-0.014226238767748978,-0.014328401790338464,0.009285947319040646
2019-03-22 00:00:00+00:00,4028.5146484375,4053.90673828125,4021.54248046875,4023.96826171875,4023.96826171875,9252935969,-0.0013299101079167208,-0.0013307952232004976,0.008907902920772965
2019-03-23 00:00:00+00:00,4022.71337890625,4049.882568359375,4015.964599609375,4035.826416015625,4035.826416015625,9578850549,0.002946880672416219,0.002942547131099483,0.00898167814529423
2019-03-24 00:00:00+00:00,4035.16357421875,4040.69970703125,4006.19287109375,4022.168212890625,4022.168212890625,9144851065,-0.0033842394882989124,-0.003389978979623323,0.007311163588453353
2019-03-25 00:00:00+00:00,4024.11279296875,4038.8408203125,3934.03125,3963.070556640625,3963.070556640625,10359818883,-0.014692984758966188,-0.01480199577543759,0.007988352746846478
2019-03-26 00:00:00+00:00,3969.228759765625,3985.080810546875,3944.753173828125,3985.080810546875,3985.080810546875,10707678815,0.00555383851780511,0.005538472822803469,0.007863066648135011
2019-03-27 00:00:00+00:00,3984.244873046875,4087.066162109375,3977.810546875,4087.066162109375,4087.066162109375,10897131934,0.025591790081793686,0.02526980216177766,0.014663489150805946
2019-03-28 00:00:00+00:00,4087.58447265625,4094.902099609375,4040.266357421875,4069.107177734375,4069.107177734375,9353915899,-0.00439410170099408,-0.004403784140031825,0.015047697910068004
2019-03-29 00:00:00+00:00,4068.2998046875,4113.5009765625,4034.09716796875,4098.37451171875,4098.37451171875,10918665557,0.007192568960710188,0.007166825802505177,0.014904998214353336
2019-03-30 00:00:00+00:00,4092.13623046875,4296.806640625,4053.90966796875,4106.66015625,4106.66015625,9732688060,0.0020216904305738748,0.0020196495646784543,0.011076212106660589
2019-03-31 00:00:00+00:00,4105.4560546875,4113.0234375,4094.100830078125,4105.404296875,4105.404296875,9045122443,-0.0003058103975535076,-0.00030585716708844994,0.011581447100845162
2019-04-01 00:00:00+00:00,4105.3623046875,4164.953125,4096.9013671875,4158.18310546875,4158.18310546875,10157794171,0.01285593446519373,0.012773998435311013,0.006681804237533078
2019-04-02 00:00:00+00:00,4156.91943359375,4905.95458984375,4155.31689453125,4879.8779296875,4879.8779296875,21315047816,0.1735601357404375,0.1600419797683949,0.06933508422927337
2019-04-03 00:00:00+00:00,4879.9580078125,5307.00341796875,4876.62109375,4973.02197265625,4973.02197265625,22899891582,0.01908737151027773,0.018907492969508402,0.06829107035334721
2019-04-04 00:00:00+00:00,4971.3076171875,5063.15966796875,4836.7939453125,4922.798828125,4922.798828125,18251810240,-0.010099119772122078,-0.010150461847883017,0.07011717505116837
2019-04-05 00:00:00+00:00,4922.80615234375,5053.509765625,4919.49169921875,5036.68115234375,5036.68115234375,16837325387,0.023133653881632465,0.022870127391310363,0.0678247355083617
2019-04-06 00:00:00+00:00,5036.79296875,5205.82177734375,4992.22216796875,5059.8173828125,5059.8173828125,16929795194,0.004593546775932822,0.004583028638013961,0.0687659522012686
2019-04-07 00:00:00+00:00,5062.7939453125,5235.1865234375,5050.412109375,5198.89697265625,5198.89697265625,16655416140,0.027487076967675605,0.027116090148746438,0.015311849252591173
2019-04-08 00:00:00+00:00,5199.83544921875,5318.83642578125,5148.2119140625,5289.77099609375,5289.77099609375,17154113634,0.017479481496835758,0.017328472526209032,0.01516651173890616
2019-04-09 00:00:00+00:00,5289.91796875,5289.91796875,5167.4189453125,5204.95849609375,5204.95849609375,14722104361,-0.016033302776742198,-0.016163226787921488,0.01746130268480142
2019-04-10 00:00:00+00:00,5204.10546875,5421.6513671875,5193.38232421875,5324.5517578125,5324.5517578125,15504590933,0.02297679449480783,0.02271680293391717,0.01743568364776166
2019-04-11 00:00:00+00:00,5325.08154296875,5354.2255859375,5017.29638671875,5064.48779296875,5064.48779296875,16555616019,-0.04884241466188555,-0.050075525287191475,0.03286430179702726
2019-04-12 00:00:00+00:00,5061.20068359375,5103.2744140625,4955.8525390625,5089.5390625,5089.5390625,13675206312,0.004946456691243162,0.004934263167637184,0.029660973308134442
2019-04-13 00:00:00+00:00,5088.85009765625,5127.1220703125,5061.58935546875,5096.58642578125,5096.58642578125,10823289598,0.0013846761356397508,0.0013837183556808681,0.0275422214822865
2019-04-14 00:00:00+00:00,5095.7587890625,5184.01611328125,5053.568359375,5167.72216796875,5167.72216796875,10391952498,0.013957526910101548,0.013861017615291639,0.02842398248867284
2019-04-15 00:00:00+00:00,5167.32177734375,5196.60693359375,5024.0693359375,5067.1083984375,5067.1083984375,12290155061,-0.019469655345422332,-0.01966168568124654,0.025599444737577012
2019-04-16 00:00:00+00:00,5066.57763671875,5238.9453125,5055.19482421875,5235.5595703125,5235.5595703125,11618660197,0.03324404347200138,0.032703409546246745,0.01906410915324883
2019-04-17 00:00:00+00:00,5236.13525390625,5274.275390625,5219.20556640625,5251.93798828125,5251.93798828125,12438480677,0.003128303240330199,0.003123420280683767,0.01912182657369712
2019-04-18 00:00:00+00:00,5251.48046875,5319.986328125,5250.5068359375,5298.3857421875,5298.3857421875,13256489918,0.008843926567657423,0.008805048106448882,0.01893366541086394
2019-04-19 00:00:00+00:00,5298.154296875,5336.68017578125,5233.3349609375,5303.8125,5303.8125,13780238655,0.0010242285247921146,0.001023704360635338,0.018770262015880845
2019-04-20 00:00:00+00:00,5304.16064453125,5358.49072265625,5295.8779296875,5337.88623046875,5337.88623046875,13169647522,0.00642438443454596,0.0064038360371123865,0.012814231361745419
2019-04-21 00:00:00+00:00,5335.87890625,5359.9248046875,5257.33935546875,5314.53125,5314.53125,13731844223,-0.004375323763073036,-0.004384923503637693,0.005092705279318152
2019-04-22 00:00:00+00:00,5312.49462890625,5422.6875,5280.27685546875,5399.365234375,5399.365234375,14601631648,0.015962646635110156,0.015836583357513378,0.00768647129551373
2019-04-23 00:00:00+00:00,5399.36572265625,5633.80224609375,5389.40869140625,5572.3623046875,5572.3623046875,15867308108,0.032040260809014454,0.03153767871024236,0.014127410013514714
2019-04-24 00:00:00+00:00,5571.50830078125,5642.04443359375,5418.26318359375,5464.86669921875,5464.86669921875,17048033399,-0.019290850018550354,-0.019479346575944603,0.01940448880152098
2019-04-25 00:00:00+00:00,5466.5244140625,5542.23828125,5181.3388671875,5210.515625,5210.515625,15330283408,-0.04654296037177108,-0.047660910406896226,0.03081803066692084
2019-04-26 00:00:00+00:00,5210.3046875,5383.63427734375,5177.36865234375,5279.34814453125,5279.34814453125,16812108040,0.013210308630683842,0.013123813423158957,0.031858439378292885
2019-04-27 00:00:00+00:00,5279.47119140625,5310.75,5233.6357421875,5268.291015625,5268.291015625,13111274675,-0.00209441177273062,-0.002096608120307488,0.03041986585821025
2019-04-28 00:00:00+00:00,5271.74658203125,5326.23193359375,5255.68359375,5285.13916015625,5285.13916015625,12819992056,0.0031980284462800324,0.0031929256297156855,0.02386275546776559
2019-04-29 00:00:00+00:00,5284.8583984375,5311.27490234375,5216.48779296875,5247.3525390625,5247.3525390625,13735490672,-0.007149598137096702,-0.007175278992262232,0.02334490943873846
2019-04-30 00:00:00+00:00,5247.72607421875,5363.25732421875,5224.18994140625,5350.7265625,5350.7265625,13878964574,0.019700224573813152,0.019508686623198813,0.010930238089621
2019-05-01 00:00:00+00:00,5350.91455078125,5418.00390625,5347.64599609375,5402.697265625,5402.697265625,13679528236,0.009712831055362026,0.009665964737195984,0.010409283334874982
2019-05-02 00:00:00+00:00,5402.4228515625,5522.2626953125,5394.21728515625,5505.28369140625,5505.28369140625,14644460907,0.018988001869725712,0.018809979754905393,0.011205739373758973
2019-05-03 00:00:00+00:00,5505.55224609375,5865.8818359375,5490.20166015625,5768.28955078125,5768.28955078125,18720780006,0.047773352676729886,0.04666729598003433,0.01953665411782447
2019-05-04 00:00:00+00:00,5769.20263671875,5886.8935546875,5645.46923828125,5831.16748046875,5831.16748046875,17567780766,0.010900619522295596,0.01084163602000144,0.014978603743067132
2019-05-05 00:00:00+00:00,5831.068359375,5833.86279296875,5708.03515625,5795.70849609375,5795.70849609375,14808830723,-0.006080940822531411,-0.006099505040041472,0.01938745242215069
2019-05-06 00:00:00+00:00,5791.693359375,5802.95751953125,5653.6875,5746.80712890625,5746.80712890625,15737171804,-0.008437513242851802,-0.0084733105601616,0.022336504871905787
2019-05-07 00:00:00+00:00,5745.59912109375,5988.17822265625,5741.39599609375,5829.50146484375,5829.50146484375,18026409033,0.014389613933892154,0.01428706601857112,0.0220997753012434
2019-05-08 00:00:00+00:00,5849.4814453125,5989.98095703125,5794.7158203125,5982.45751953125,5982.45751953125,15320605300,0.026238273651690402,0.025899955314045275,0.01445392927793137
2019-05-09 00:00:00+00:00,5982.31640625,6183.0390625,5982.31640625,6174.52880859375,6174.52880859375,16784645411,0.03210575059420551,0.031601133315537946,0.018219779887686593
2019-05-10 00:00:00+00:00,6175.82275390625,6434.61767578125,6161.51904296875,6378.84912109375,6378.84912109375,19419875368,0.03309083475578345,0.03255511923946928,0.01708056186413513
2019-05-11 00:00:00+00:00,6379.6669921875,7333.0029296875,6375.69873046875,7204.771484375,7204.771484375,28867562329,0.12947827227172803,0.12175582015101312,0.043398487968587175
2019-05-12 00:00:00+00:00,7203.50732421875,7503.8720703125,6815.77099609375,6972.37158203125,6972.37158203125,27773333680,-0.03225638770747363,-0.03278809012221475,0.05526956582788044
2019-05-13 00:00:00+00:00,6971.17822265625,8047.4130859375,6898.2822265625,7814.9150390625,7814.9150390625,28677672181,0.1208402976115901,0.11407866972300376,0.06459972410127278
2019-05-14 00:00:00+00:00,7807.88427734375,8268.712890625,7696.39111328125,7994.416015625,7994.416015625,32031452227,0.02296902470023965,0.022709207625678487,0.06546781476971228
2019-05-15 00:00:00+00:00,7989.37451171875,8216.423828125,7899.10693359375,8205.16796875,8205.16796875,28344112920,0.026362395040874453,0.02602089592487963,0.06600756603027684
2019-05-16 00:00:00+00:00,8194.5009765625,8320.82421875,7729.6083984375,7884.9091796875,7884.9091796875,33167197581,-0.03903135076359554,-0.03981349360704293,0.061724070951805134
2019-05-17 00:00:00+00:00,7886.92578125,7929.1455078125,7038.12451171875,7343.8955078125,7343.8955078125,30066644905,-0.06861381146516154,-0.07108127725881802,0.07124848690013603
2019-05-18 00:00:00+00:00,7341.66455078125,7447.27197265625,7251.50439453125,7271.2080078125,7271.2080078125,21354286562,-0.009897676229553398,-0.009946983850618235,0.04150115006422101
2019-05-19 00:00:00+00:00,7267.962890625,8261.94140625,7267.962890625,8197.689453125,8197.689453125,25902422040,0.12741781617539316,0.11992989942799603,0.07360499262087133
2019-05-20 00:00:00+00:00,8196.923828125,8200.9677734375,7678.78173828125,7978.30908203125,7978.30908203125,23843404340,-0.026761244415049346,-0.02712584602869586,0.07365184060534224
2019-05-21 00:00:00+00:00,7977.96923828125,8062.16796875,7843.33984375,7963.32763671875,7963.32763671875,25127245056,-0.0018777719888342093,-0.0018795372127934414,0.07115902657301351
2019-05-22 00:00:00+00:00,7956.2919921875,7997.6123046875,7615.9873046875,7680.06640625,7680.06640625,24719473175,-0.03557071156568237,-0.0362187635444826,0.06350707992694031
2019-05-23 00:00:00+00:00,7677.26904296875,7943.79150390625,7533.19677734375,7881.8466796875,7881.8466796875,24457107820,0.02627324592835456,0.025934032858881368,0.06286163943854454
2019-05-24 00:00:00+00:00,7881.6953125,8140.7197265625,7824.44873046875,7987.37158203125,7987.37158203125,25919126991,0.013388347506898546,0.01329951557921589,0.026293972456007744
2019-05-25 00:00:00+00:00,7991.88525390625,8117.92578125,7965.97607421875,8052.5439453125,8052.5439453125,22256813107,0.008159425489589589,0.008126317351095985,0.023524797470517188
2019-05-26 00:00:00+00:00,8055.2060546875,8687.5205078125,7924.67041015625,8673.2158203125,8673.2158203125,26677970091,0.077077738316635,0.074251575993358,0.039630170575940545
2019-05-27 00:00:00+00:00,8674.072265625,8907.1748046875,8668.705078125,8805.7783203125,8805.7783203125,27949839564,0.015284123299404317,0.015168497755127118,0.027005174033491272
2019-05-28 00:00:00+00:00,8802.7578125,8807.0166015625,8634.7216796875,8719.9619140625,8719.9619140625,24226919267,-0.00974546520800379,-0.009793263049045299,0.03178000414652558
2019-05-29 00:00:00+00:00,8718.591796875,8755.8525390625,8482.728515625,8659.4873046875,8659.4873046875,23473479966,-0.006935191916087824,-0.00695935212814635,0.03408896681100545
2019-05-30 00:00:00+00:00,8661.7607421875,9008.314453125,8221.2734375,8319.47265625,8319.47265625,29246528551,-0.039264986075266295,-0.040056647967728856,0.04266017609434558
2019-05-31 00:00:00+00:00,8320.2861328125,8586.6591796875,8172.55078125,8574.501953125,8574.501953125,25365190957,0.030654502684543283,0.03019403993490808,0.02676020131002432
2019-06-01 00:00:00+00:00,8573.83984375,8625.6005859375,8481.578125,8564.0166015625,8564.0166015625,22488303544,-0.001222852548150466,-0.0012236008424256384,0.025035239420114302
2019-06-02 00:00:00+00:00,8565.4736328125,8809.3037109375,8561.2353515625,8742.9580078125,8742.9580078125,20266216022,0.020894565549692157,0.02067926798314298,0.02735136978696913
2019-06-03 00:00:00+00:00,8741.7470703125,8743.5,8204.185546875,8208.9951171875,8208.9951171875,22004511436,-0.061073482241120636,-0.06301805868386157,0.039830183346571034
2019-06-04 00:00:00+00:00,8210.9853515625,8210.9853515625,7564.48876953125,7707.77099609375,7707.77099609375,24609731549,-0.06105791439007158,-0.06300147834270085,0.04504109562175545
2019-06-05 00:00:00+00:00,7704.34326171875,7901.84912109375,7668.66845703125,7824.2314453125,7824.2314453125,21760923463,0.015109484866347334,0.014996473539935253,0.041585958931197084
2019-06-06 00:00:00+00:00,7819.63330078125,7937.3408203125,7571.47119140625,7822.0234375,7822.0234375,19474611077,-0.00028220123956368415,-0.00028224106582634646,0.04168468632414032
2019-06-07 00:00:00+00:00,7826.9013671875,8126.1533203125,7788.37353515625,8043.951171875,8043.951171875,19141423231,0.02837216433167966,0.027977129076807897,0.0434725161971964
2019-06-08 00:00:00+00:00,8036.77490234375,8076.89111328125,7837.61083984375,7954.1279296875,7954.1279296875,16522722810,-0.011166557363197271,-0.011229371413746664,0.035014392835282404
2019-06-09 00:00:00+00:00,7949.6748046875,7975.97412109375,7583.2197265625,7688.0771484375,7688.0771484375,16610726547,-0.033448139582594405,-0.034020323814255043,0.023926271285804067
2019-06-10 00:00:00+00:00,7692.28466796875,8031.90966796875,7586.73095703125,8000.32958984375,8000.32958984375,18689275117,0.04061515452790565,0.03981203302759007,0.02980017525035564
2019-06-11 00:00:00+00:00,8004.24365234375,8026.39404296875,7772.8037109375,7927.71435546875,7927.71435546875,17107279932,-0.009076530355347279,-0.009117973017984032,0.030406862187766684
2019-06-12 00:00:00+00:00,7925.43408203125,8196.6484375,7862.35986328125,8145.857421875,8145.857421875,19034432883,0.027516514423324256,0.027144739690551607,0.030235560202793034
2019-06-13 00:00:00+00:00,8145.54541015625,8311.5673828125,8087.06103515625,8230.923828125,8230.923828125,18669407147,0.010442903901259237,0.010388753446054437,0.029309785147158093
2019-06-14 00:00:00+00:00,8230.8984375,8710.63671875,8183.39306640625,8693.8330078125,8693.8330078125,19831162906,0.05624024585256682,0.05471566495081175,0.02491834420951936
2019-06-15 00:00:00+00:00,8689.74609375,8859.1279296875,8618.3955078125,8838.375,8838.375,18371033226,0.01662580728863916,0.016489111591430673,0.02349869471753603
2019-06-16 00:00:00+00:00,8841.4404296875,9335.8671875,8814.556640625,8994.48828125,8994.48828125,23348550311,0.017663120341691707,0.017508940317692987,0.0175310386727458
2019-06-17 00:00:00+00:00,8988.923828125,9416.4072265625,8988.923828125,9320.3525390625,9320.3525390625,15562951919,0.03622932707487103,0.03558847752156163,0.018154843900881203
2019-06-18 00:00:00+00:00,9335.466796875,9348.3740234375,9004.9013671875,9081.7626953125,9081.7626953125,15848210536,-0.025598800340442818,-0.025932150849555906,0.029899585574988775
2019-06-19 00:00:00+00:00,9078.7275390625,9299.62109375,9070.3955078125,9273.521484375,9273.521484375,15546809946,0.021114710381221036,0.020894883881637273,0.023025771906929053
2019-06-20 00:00:00+00:00,9273.060546875,9594.419921875,9232.484375,9527.16015625,9527.16015625,17846823784,0.027350847496536934,0.02698349626412288,0.023895473520209574
2019-06-21 00:00:00+00:00,9525.07421875,10144.556640625,9525.07421875,10144.556640625,10144.556640625,20624008643,0.06480383180815696,0.062790586710018,0.032213133773077274
2019-06-22 00:00:00+00:00,10175.923828125,11157.345703125,10107.03515625,10701.69140625,10701.69140625,29995204861,0.0549195775982847,0.053464534257734585,0.03470725158585652
2019-06-23 00:00:00+00:00,10696.69140625,11246.14453125,10556.095703125,10855.37109375,10855.37109375,20998326502,0.014360317604584338,0.014258184854998994,0.021239094593870498
2019-06-24 00:00:00+00:00,10853.744140625,11065.896484375,10610.427734375,11011.1025390625,11011.1025390625,19271652365,0.014346026862422256,0.014244096327892747,0.0225633893249443
2019-06-25 00:00:00+00:00,11007.2021484375,11790.9169921875,11007.2021484375,11790.9169921875,11790.9169921875,24879684533,0.07082074209722089,0.0684254031313087,0.026457316655548603
2019-06-26 00:00:00+00:00,11778.5810546875,13796.4892578125,11755.59765625,13016.2314453125,13016.2314453125,45105733173,0.10392020009443503,0.09886766271923943,0.03638474742231771
2019-06-27 00:00:00+00:00,13017.125,13311.14453125,10491.8525390625,11182.806640625,11182.806640625,39977475223,-0.14085680731712602,-0.15181967393698742,0.09685747527976478
2019-06-28 00:00:00+00:00,11162.16796875,12445.1748046875,10914.4951171875,12407.33203125,12407.33203125,35087757766,0.1095007210601795,0.10391011328681186,0.10598938940410212
2019-06-29 00:00:00+00:00,12400.763671875,12400.91015625,11508.37890625,11959.37109375,11959.37109375,29923961128,-0.03610453370408184,-0.036772427703724096,0.10987568996035113
2019-06-30 00:00:00+00:00,11931.9912109375,12178.3837890625,10799.0087890625,10817.1552734375,10817.1552734375,27256473494,-0.09550801721584046,-0.10038183788517502,0.1157196060143873
2019-07-01 00:00:00+00:00,10796.9306640625,11206.439453125,10089.314453125,10583.134765625,10583.134765625,29378589324,-0.021634200665230252,-0.02187165092867407,0.09642245670260044
2019-07-02 00:00:00+00:00,10588.68359375,10912.1884765625,9737.884765625,10801.677734375,10801.677734375,31015895223,0.020650116774459715,0.020439793649304375,0.07563350053115106
2019-07-03 00:00:00+00:00,10818.15625,11968.078125,10818.15625,11961.26953125,11961.26953125,30796494294,0.1073529339969792,0.10197242314626954,0.07492519865849273
2019-07-04 00:00:00+00:00,11972.71875,12006.0751953125,11166.5693359375,11215.4375,11215.4375,25920294033,-0.06235391898004139,-0.06438271352158567,0.07856722038321237
2019-07-05 00:00:00+00:00,11203.1025390625,11395.6611328125,10874.96484375,10978.4599609375,10978.4599609375,23838480210,-0.02112958491922401,-0.021356009787895595,0.06295221085660559
2019-07-06 00:00:00+00:00,10982.5439453125,11620.96484375,10982.5439453125,11208.55078125,11208.55078125,21092024306,0.02095838770931313,0.020741781945806056,0.0616203942475916
2019-07-07 00:00:00+00:00,11217.6162109375,11541.6201171875,11148.8046875,11450.8466796875,11450.8466796875,19369044277,0.021617058544519452,0.021386723467300896,0.0616562488629764
2019-07-08 00:00:00+00:00,11446.5966796875,12345.8330078125,11393.3740234375,12285.9580078125,12285.9580078125,23482551458,0.07293009429655473,0.07039331175600369,0.05074588143400563
2019-07-09 00:00:00+00:00,12284.326171875,12779.1318359375,12233.26171875,12573.8125,12573.8125,28167921523,0.023429552014133215,0.0231592932804558,0.03248545093569865
2019-07-10 00:00:00+00:00,12571.537109375,13129.529296875,11710.978515625,12156.5126953125,12156.5126953125,33627574244,-0.03318800918078746,-0.0337512276446848,0.03687949914919613
2019-07-11 00:00:00+00:00,12139.7138671875,12144.623046875,11158.9228515625,11358.662109375,11358.662109375,28595327690,-0.06563153479411477,-0.06788441618712997,0.05399306638198002
2019-07-12 00:00:00+00:00,11354.2998046875,11905.4873046875,11179.14453125,11815.986328125,11815.986328125,23534692797,0.04026215537942113,0.039472753868564206,0.0561249632278537
2019-07-13 00:00:00+00:00,11813.126953125,11841.95703125,10908.4794921875,11392.37890625,11392.37890625,21042616384,-0.03585036493032401,-0.036508773316126876,0.04481728856224673
2019-07-14 00:00:00+00:00,11381.0205078125,11451.2041015625,10234.576171875,10256.05859375,10256.05859375,22486000001,-0.09974390088768914,-0.10507600156656484,0.0533309761648642
2019-07-15 00:00:00+00:00,10257.8388671875,11052.7666015625,9992.0068359375,10895.08984375,10895.08984375,25384047207,0.06230768322534974,0.06044360141002941,0.07034435492407219
2019-07-16 00:00:00+00:00,10896.6533203125,10996.6328125,9448.1064453125,9477.6416015625,9477.6416015625,24151199070,-0.13009972955850602,-0.13937670558066412,0.08725792581699057
2019-07-17 00:00:00+00:00,9471.2138671875,9963.134765625,9163.134765625,9693.802734375,9693.802734375,24569921549,0.022807481217359316,0.022551278856090203,0.08385039782778819
2019-07-18 00:00:00+00:00,9698.5029296875,10736.8427734375,9376.798828125,10666.482421875,10666.482421875,25187024648,0.10034036323545137,0.09561955306661926,0.10356759213441383
2019-07-19 00:00:00+00:00,10653.9560546875,10716.98046875,10229.62890625,10530.732421875,10530.732421875,20727426310,-0.012726782329064878,-0.012808461572604499,0.09049213996577084
2019-07-20 00:00:00+00:00,10525.8193359375,11048.662109375,10451.2763671875,10767.1396484375,10767.1396484375,20206615155,0.02244926725812757,0.022200991330417415,0.08617794794829163
2019-07-21 00:00:00+00:00,10777.529296875,10841.8876953125,10389.599609375,10599.10546875,10599.10546875,17130580467,-0.015606204170657723,-0.01572926297459085,0.0448738130697224
2019-07-22 00:00:00+00:00,10596.9482421875,10651.791015625,10154.921875,10343.1064453125,10343.1064453125,16334414913,-0.024152889523769483,-0.024449353942019494,0.04950895018618357
2019-07-23 00:00:00+00:00,10346.748046875,10346.748046875,9883.5947265625,9900.767578125,9900.767578125,17851916995,-0.04276653919461193,-0.04370796659547665,0.023992888846377524
2019-07-24 00:00:00+00:00,9887.73046875,9908.796875,9614.306640625,9811.92578125,9811.92578125,17398734322,-0.00897322315406024,-0.009013724991008056,0.024135137923510536
2019-07-25 00:00:00+00:00,9809.0966796875,10154.25390625,9773.95703125,9911.841796875,9911.841796875,15821952090,0.01018311979244002,0.010131621144278298,0.019807402843518424
2019-07-26 00:00:00+00:00,9913.126953125,9916.517578125,9717.982421875,9870.3037109375,9870.3037109375,14495714483,-0.004190753523789725,-0.004199559341958318,0.020583318339840666
2019-07-27 00:00:00+00:00,9871.1650390625,10167.3203125,9411.521484375,9477.677734375,9477.677734375,16817809536,-0.039778510171619375,-0.04059130256046178,0.02362460583731695
2019-07-28 00:00:00+00:00,9491.626953125,9575.544921875,9252.296875,9552.8603515625,9552.8603515625,13738687093,0.007932599028432463,0.007901301370321584,0.020345117942055763
2019-07-29 00:00:00+00:00,9548.1787109375,9681.6484375,9472.9482421875,9519.1455078125,9519.1455078125,13791445323,-0.0035292930608459283,-0.003535535708016186,0.02036744668977721
2019-07-30 00:00:00+00:00,9522.3291015625,9701.759765625,9437.3359375,9607.423828125,9607.423828125,13829811132,0.00927376519668166,0.009231027857063211,0.020191697632625332
2019-07-31 00:00:00+00:00,9604.05078125,10085.6279296875,9598.09765625,10085.6279296875,10085.6279296875,16631520648,0.04977443590680308,0.04857531814577599,0.03191477543231717
2019-08-01 00:00:00+00:00,10077.4423828125,10446.919921875,9922.01953125,10399.6689453125,10399.6689453125,17165337858,0.031137477786643997,0.03066254026424243,0.02083411169233492
2019-08-02 00:00:00+00:00,10402.04296875,10657.953125,10371.013671875,10518.1748046875,10518.1748046875,17489094082,0.01139515690337567,0.011330721144643396,0.020448078992429206
2019-08-03 00:00:00+00:00,10519.2783203125,10946.78125,10503.5048828125,10821.7265625,10821.7265625,15352685061,0.028859736926716506,0.028451137479912812,0.016071454011881658
2019-08-04 00:00:00+00:00,10821.6328125,11009.20703125,10620.2783203125,10970.1845703125,10970.1845703125,16530894787,0.013718514042569074,0.013625267067559002,0.015035914630888573
2019-08-05 00:00:00+00:00,10960.7353515625,11895.091796875,10960.7353515625,11805.6533203125,11805.6533203125,23875988832,0.07615813067183441,0.07339741253272014,0.02495844420531059
2019-08-06 00:00:00+00:00,11811.544921875,12273.8212890625,11290.7314453125,11478.1689453125,11478.1689453125,23635107660,-0.027739623222421628,-0.02813163305123966,0.03658825245133098
2019-08-07 00:00:00+00:00,11476.193359375,12036.990234375,11433.701171875,11941.96875,11941.96875,22194988641,0.040407124768529146,0.03961210267399502,0.03714607841682423
2019-08-08 00:00:00+00:00,11954.0400390625,11979.419921875,11556.16796875,11966.4072265625,11966.4072265625,19481591730,0.002046436150864972,0.0020443450527850055,0.03845632311860756
2019-08-09 00:00:00+00:00,11953.4697265625,11970.4580078125,11709.7451171875,11862.9365234375,11862.9365234375,18339989960,-0.008646764326666112,-0.008684364496770227,0.0406295844304315
2019-08-10 00:00:00+00:00,11861.556640625,11915.6552734375,11323.8984375,11354.0244140625,11354.0244140625,18125355447,-0.042899336801604404,-0.043846706855643715,0.031852555156096446
2019-08-11 00:00:00+00:00,11349.740234375,11523.5791015625,11248.294921875,11523.5791015625,11523.5791015625,15774371518,0.014933443976921312,0.014823037907253726,0.030772773564790665
2019-08-12 00:00:00+00:00,11528.189453125,11528.189453125,11320.951171875,11382.6162109375,11382.6162109375,13647198229,-0.01223256154903185,-0.012307995125175572,0.02186940756166011
2019-08-13 00:00:00+00:00,11385.052734375,11420.0498046875,10830.3271484375,10895.830078125,10895.830078125,16681503537,-0.0427657511938907,-0.04370714338940503,0.025113088601472988
2019-08-14 00:00:00+00:00,10889.4873046875,10889.556640625,10028.1357421875,10051.7041015625,10051.7041015625,19990838300,-0.07747238810719048,-0.0806379719242745,0.036113642687293744
2019-08-15 00:00:00+00:00,10038.421875,10437.4111328125,9675.31640625,10311.5458984375,10311.5458984375,22899115082,0.025850521886593203,0.025522045965721746,0.043532556007535625
2019-08-16 00:00:00+00:00,10319.419921875,10524.349609375,9855.478515625,10374.3388671875,10374.3388671875,20228207096,0.006089578552864294,0.006071112000481698,0.041967243630631396
2019-08-17 00:00:00+00:00,10358.72265625,10452.625,10086.6982421875,10231.744140625,10231.744140625,13778035685,-0.013744945908168327,-0.013840282280728103,0.041893324152959745
2019-08-18 00:00:00+00:00,10233.005859375,10487.0703125,10119.0947265625,10345.810546875,10345.810546875,12999813869,0.011148285637548438,0.011086601525889401,0.04173896585733264
2019-08-19 00:00:00+00:00,10350.283203125,10916.0537109375,10313.2041015625,10916.0537109375,10916.0537109375,16038264603,0.05511826854733437,0.05365286353343918,0.025101453579570786
2019-08-20 00:00:00+00:00,10916.3466796875,10947.0419921875,10618.9609375,10763.232421875,10763.232421875,15053082175,-0.013999682770833077,-0.01409860264611838,0.027663733083989
2019-08-21 00:00:00+00:00,10764.572265625,10798.7294921875,9962.7216796875,10138.0498046875,10138.0498046875,19473084768,-0.0580850243386819,-0.05984026786228671,0.04143235065926118
2019-08-22 00:00:00+00:00,10142.521484375,10232.99609375,9831.462890625,10131.0556640625,10131.0556640625,17097508856,-0.0006898901425563819,-0.0006901282262681483,0.041115953274977725
2019-08-23 00:00:00+00:00,10136.3095703125,10442.443359375,10078.1923828125,10407.96484375,10407.96484375,15627023886,0.027332707357414776,0.026965838908487968,0.04294972483802514
2019-08-24 00:00:00+00:00,10407.64453125,10418.0205078125,9982.296875,10159.9609375,10159.9609375,15451030650,-0.0238282805498643,-0.024116765985468237,0.031852817187429126
2019-08-25 00:00:00+00:00,10160.7373046875,10304.6220703125,10008.7890625,10138.517578125,10138.517578125,14153856610,-0.0021105749822180053,-0.0021128053844357898,0.03232454635883423
2019-08-26 00:00:00+00:00,10126.2998046875,10512.328125,10126.2998046875,10370.8203125,10370.8203125,18438654080,0.022912889639430167,0.022654331476248634,0.02075976609350897
2019-08-27 00:00:00+00:00,10372.826171875,10381.328125,10087.30078125,10185.5,10185.5,14762609503,-0.017869397686568034,-0.018030983225030404,0.023161545774424728
2019-08-28 00:00:00+00:00,10203.4267578125,10279.3662109375,9716.65625,9754.4228515625,9754.4228515625,17603790323,-0.0423226300562074,-0.04324433232151661,0.024765756644208516
2019-08-29 00:00:00+00:00,9756.7861328125,9756.7861328125,9421.6298828125,9510.2001953125,9510.2001953125,17045878501,-0.02503712008044423,-0.025355880586420892,0.02491095691812357
2019-08-30 00:00:00+00:00,9514.8447265625,9656.1240234375,9428.302734375,9598.173828125,9598.173828125,13595263986,0.009250450148868827,0.009207926773968323,0.02662793013481108
2019-08-31 00:00:00+00:00,9597.5390625,9673.220703125,9531.7998046875,9630.6640625,9630.6640625,11454806419,0.0033850433381186207,0.003379326975376171,0.02143486645542335
2019-09-01 00:00:00+00:00,9630.5927734375,9796.755859375,9582.9443359375,9757.970703125,9757.970703125,11445355859,0.013218884990569668,0.013132277928025817,0.0245657530087482
2019-09-02 00:00:00+00:00,9757.4736328125,10396.591796875,9730.650390625,10346.7607421875,10346.7607421875,17248102294,0.06033939401703048,0.058589039911261055,0.03020420009127847
2019-09-03 00:00:00+00:00,10345.7255859375,10736.1044921875,10308.5478515625,10623.5400390625,10623.5400390625,19384917989,0.02675033314982045,0.02639879832471976,0.022062469773046985
2019-09-04 00:00:00+00:00,10621.1806640625,10762.64453125,10434.7099609375,10594.4931640625,10594.4931640625,16742664769,-0.002734199230500889,-0.002737943980703232,0.02434223859429065
2019-09-05 00:00:00+00:00,10588.18359375,10627.26953125,10516.41796875,10575.533203125,10575.533203125,14551239508,-0.0017896052830365106,-0.0017912085396542573,0.02530256876493037
2019-09-06 00:00:00+00:00,10578.1982421875,10898.76171875,10292.2998046875,10353.302734375,10353.302734375,19536574783,-0.021013642005712985,-0.021237571181720684,0.031184464338664314
2019-09-07 00:00:00+00:00,10353.931640625,10558.673828125,10348.9189453125,10517.2548828125,10517.2548828125,15307366476,0.015835734030373416,0.015711656980851706,0.018385241367061426
2019-09-08 00:00:00+00:00,10518.1142578125,10595.6376953125,10409.0908203125,10441.2763671875,10441.2763671875,13670567493,-0.007224177456150227,-0.0072503981845572244,0.013240730821693455
2019-09-09 00:00:00+00:00,10443.228515625,10450.3115234375,10144.9296875,10334.974609375,10334.974609375,17595943368,-0.010180916017754393,-0.01023309600539781,0.013558847945889322
2019-09-10 00:00:00+00:00,10336.408203125,10394.353515625,10020.5732421875,10115.9755859375,10115.9755859375,14906809639,-0.02119008819226731,-0.021417820975587025,0.015158680978073906
2019-09-11 00:00:00+00:00,10123.03515625,10215.9482421875,9980.7763671875,10178.3720703125,10178.3720703125,15428063426,0.006168113381149309,0.006149168432955224,0.014513789669979557
2019-09-12 00:00:00+00:00,10176.8193359375,10442.25390625,10099.2421875,10410.126953125,10410.126953125,15323563925,0.022769346729666573,0.022513994030435,0.016879986881670115
2019-09-13 00:00:00+00:00,10415.3623046875,10441.4892578125,10226.5966796875,10360.546875,10360.546875,14109864675,-0.004762677568511009,-0.004774055257204667,0.01672478680148207
2019-09-14 00:00:00+00:00,10345.4033203125,10422.1337890625,10291.6943359375,10358.048828125,10358.048828125,13468713124,-0.00024111148814232042,-0.00024114056019034126,0.016009921122447653
2019-09-15 00:00:00+00:00,10356.4658203125,10387.03515625,10313.0927734375,10347.712890625,10347.712890625,12043433567,-0.0009978652998753335,-0.0009983634989049381,0.010792795943588306
2019-09-16 00:00:00+00:00,10347.22265625,10386.8671875,10189.744140625,10276.7939453125,10276.7939453125,15160167779,-0.006853586494147135,-0.0068771801807728065,0.011826882629449174
2019-09-17 00:00:00+00:00,10281.513671875,10296.771484375,10199.7392578125,10241.2724609375,10241.2724609375,15304603363,-0.003456475294145833,-0.003462462705750272,0.0027223745524268873
2019-09-18 00:00:00+00:00,10247.7958984375,10275.9287109375,10191.4697265625,10198.248046875,10198.248046875,16169268880,-0.004201080893668663,-0.004209930227213259,0.002655355654019017
2019-09-19 00:00:00+00:00,10200.49609375,10295.6689453125,9851.6923828125,10266.4150390625,10266.4150390625,19937691247,0.0066841865263698175,0.0066619464013658175,0.005162215194787391
2019-09-20 00:00:00+00:00,10266.318359375,10285.8720703125,10132.1865234375,10181.6416015625,10181.6416015625,14734189639,-0.008257355384274523,-0.00829163618618558,0.00586913150849743
2019-09-21 00:00:00+00:00,10183.6484375,10188.09765625,10000.7080078125,10019.716796875,10019.716796875,13425266806,-0.015903604843314323,-0.016031424170294233,0.008238540035766245
2019-09-22 00:00:00+00:00,10024.115234375,10074.4443359375,9922.533203125,10070.392578125,10070.392578125,13199651698,0.005057606145695059,0.00504485941629184,0.009443110474290667
2019-09-23 00:00:00+00:00,10067.962890625,10074.23828125,9727.1435546875,9729.32421875,9729.32421875,15144925408,-0.033868427345709606,-0.03445525046861395,0.016879046893105997
2019-09-24 00:00:00+00:00,9729.3212890625,9804.3173828125,8370.8017578125,8620.56640625,8620.56640625,25002886689,-0.1139604136496184,-0.1209936495214672,0.05017948771057098
2019-09-25 00:00:00+00:00,8603.4287109375,8744.828125,8325.396484375,8486.9931640625,8486.9931640625,21744728353,-0.015494717619790932,-0.015616015371176536,0.04930617692155324
2019-09-26 00:00:00+00:00,8487.669921875,8515.685546875,7895.62939453125,8118.9677734375,8118.9677734375,19258205289,-0.043363460239767226,-0.04433175093227527,0.047988711332455025
2019-09-27 00:00:00+00:00,8113.10107421875,8271.5205078125,7965.9228515625,8251.845703125,8251.845703125,16408941156,0.01636635757099958,0.01623387232043621,0.050907186369055155
2019-09-28 00:00:00+00:00,8251.2734375,8285.6171875,8125.431640625,8245.9150390625,8245.9150390625,14141152736,-0.0007187075808087195,-0.0007189659749160292,0.053943249846944555
2019-09-29 00:00:00+00:00,8246.037109375,8261.70703125,7990.4970703125,8104.185546875,8104.185546875,13034629109,-0.017187842891431715,-0.017337268541281117,0.022420363093034825
2019-09-30 00:00:00+00:00,8104.2265625,8314.2314453125,7830.7587890625,8293.8681640625,8293.8681640625,17115474183,0.023405512631758718,0.023135803960001186,0.027199436838230954
2019-10-01 00:00:00+00:00,8299.720703125,8497.6923828125,8232.6796875,8343.2763671875,8343.2763671875,15305343413,0.005957196587605074,0.005939522648697366,0.015705372833629598
2019-10-02 00:00:00+00:00,8344.212890625,8393.0419921875,8227.6953125,8393.0419921875,8393.0419921875,13125712443,0.005964758065035269,0.005947039319423827,0.01457256412204983
2019-10-03 00:00:00+00:00,8390.7744140625,8414.2275390625,8146.43701171875,8259.9921875,8259.9921875,13668823409,-0.015852393543526522,-0.01597938661828606,0.017038562279141526
2019-10-04 00:00:00+00:00,8259.494140625,8260.0556640625,8151.23681640625,8205.939453125,8205.939453125,13139456229,-0.006543920762636879,-0.00656542608285994,0.014775134350290419
2019-10-05 00:00:00+00:00,8210.1494140625,8215.5263671875,8071.12060546875,8151.50048828125,8151.50048828125,12200497197,-0.006634092921928403,-0.006656196327979546,0.009399970165621132
2019-10-06 00:00:00+00:00,8149.876953125,8161.41015625,7958.8505859375,7988.15576171875,7988.15576171875,13160830305,-0.02003860844973604,-0.020242104470858776,0.010117793017186858
2019-10-07 00:00:00+00:00,7989.12060546875,8308.4501953125,7905.76611328125,8245.623046875,8245.623046875,18009742607,0.03223112979219778,0.03172260496034329,0.020591343692200077
2019-10-08 00:00:00+00:00,8246.849609375,8332.71484375,8185.76318359375,8228.783203125,8228.783203125,15592264032,-0.0020422766908295698,-0.0020443649815999844,0.019395809302815738
2019-10-09 00:00:00+00:00,8229.8408203125,8627.7060546875,8169.298828125,8595.740234375,8595.740234375,19384942333,0.0445943248463081,0.04362860415666088,0.027098225764558795
2019-10-10 00:00:00+00:00,8585.2802734375,8625.2724609375,8471.93359375,8586.4736328125,8586.4736328125,17618660671,-0.0010780457889411066,-0.0010786272982693222,0.026383485595977085
2019-10-11 00:00:00+00:00,8585.2626953125,8721.7802734375,8316.181640625,8321.7568359375,8321.7568359375,19604381101,-0.030829512579344187,-0.03131474095669686,0.02983685694998875
2019-10-12 00:00:00+00:00,8315.6650390625,8415.2421875,8313.3408203125,8336.5556640625,8336.5556640625,14532641605,0.0017783297946283305,0.0017767504383327862,0.02677923666452217
2019-10-13 00:00:00+00:00,8336.90234375,8470.98828125,8276.6123046875,8321.005859375,8321.005859375,13808286059,-0.0018652553061611066,-0.0018669970610550547,0.026772336009548342
2019-10-14 00:00:00+00:00,8320.83203125,8390.208984375,8284.130859375,8374.6865234375,8374.6865234375,15151387859,0.006451222961466829,0.006430502888083053,0.014950061845229682
2019-10-15 00:00:00+00:00,8373.4580078125,8410.71484375,8182.70654296875,8205.369140625,8205.369140625,15220412632,-0.020217757684260373,-0.02042493372661194,0.01607454017945527
2019-10-16 00:00:00+00:00,8204.6748046875,8216.8125,7985.08984375,8047.52685546875,8047.52685546875,16071646996,-0.019236463643636514,-0.019423891941978407,0.012428742281096736
2019-10-17 00:00:00+00:00,8047.8125,8134.83154296875,8000.94287109375,8103.9111328125,8103.9111328125,14313052244,0.007006410585064904,0.006981979739066776,0.013489206520539058
2019-10-18 00:00:00+00:00,8100.93359375,8138.41357421875,7902.1640625,7973.20751953125,7973.20751953125,15651592610,-0.016128460830725944,-0.016259940076949107,0.014003178543293044
2019-10-19 00:00:00+00:00,7973.8037109375,8082.62939453125,7944.77685546875,7988.560546875,7988.560546875,13797825640,0.0019255772919670733,0.0019237257444975665,0.012900330707134746
2019-10-20 00:00:00+00:00,7997.80712890625,8281.818359375,7949.439453125,8222.078125,8222.078125,15504249442,0.029231496307097427,0.02881240366522189,0.019515692016784186
2019-10-21 00:00:00+00:00,8225.115234375,8296.6943359375,8196.416015625,8243.720703125,8243.720703125,15868748866,0.002632251578733369,0.002628793271972775,0.016107942304704866
2019-10-22 00:00:00+00:00,8243.40234375,8296.6513671875,8074.462890625,8078.203125,8078.203125,16803377857,-0.020078018662405217,-0.02028232136663908,0.019458320808708934
2019-10-23 00:00:00+00:00,8076.228515625,8092.99951171875,7469.32275390625,7514.671875,7514.671875,21942878958,-0.06975948008239763,-0.07231210270483085,0.03801168198860648
2019-10-24 00:00:00+00:00,7509.72802734375,7532.86767578125,7446.98876953125,7493.48876953125,7493.48876953125,16268708849,-0.002818899590176671,-0.0028228801699561206,0.037639268417244506
2019-10-25 00:00:00+00:00,7490.703125,8691.5400390625,7479.984375,8660.7001953125,8660.7001953125,28705065488,0.15576341830619223,0.14476109386093217,0.08073232993272525
2019-10-26 00:00:00+00:00,8667.5771484375,10021.744140625,8662.6220703125,9244.97265625,9244.97265625,44496255609,0.0674624969992299,0.06528433388686641,0.08402124525561169
2019-10-27 00:00:00+00:00,9241.70703125,9749.529296875,9112.5419921875,9551.71484375,9551.71484375,32593129501,0.03317935043243514,0.03264079600850012,0.08047602950070763
2019-10-28 00:00:00+00:00,9565.1015625,9805.1181640625,9256.1484375,9256.1484375,9256.1484375,30948255332,-0.030943805493041765,-0.031432676505614585,0.0681735896805924
2019-10-29 00:00:00+00:00,9248.4404296875,9516.1806640625,9232.6484375,9427.6875,9427.6875,28426779937,0.018532445072405368,0.018362811918533402,0.06531407131156851
2019-10-30 00:00:00+00:00,9422.462890625,9426.8740234375,9085.3701171875,9205.7265625,9205.7265625,27706531577,-0.02354351875791383,-0.023825095718831422,0.040234844025329605
2019-10-31 00:00:00+00:00,9202.4580078125,9383.1611328125,9028.7177734375,9199.5849609375,9199.5849609375,26583653947,-0.000667150118005666,-0.0006673727616756513,0.027174730196178033
2019-11-01 00:00:00+00:00,9193.9921875,9275.6572265625,9132.0478515625,9261.1044921875,9261.1044921875,24324691031,0.006687207250242189,0.006664947063719231,0.020897239131427877
2019-11-02 00:00:00+00:00,9259.783203125,9377.486328125,9249.587890625,9324.7177734375,9324.7177734375,21242676385,0.006868865512063227,0.0068453823292389865,0.015697606077663365
2019-11-03 00:00:00+00:00,9324.787109375,9379.806640625,9141.251953125,9235.3544921875,9235.3544921875,21132220847,-0.009583483749455834,-0.009629700847412865,0.012914361195195794
2019-11-04 00:00:00+00:00,9235.607421875,9505.0517578125,9191.4853515625,9412.6123046875,9412.6123046875,26170255634,0.01919339562438549,0.01901152585439151,0.010572455189640827
2019-11-05 00:00:00+00:00,9413.0048828125,9457.41796875,9256.931640625,9342.52734375,9342.52734375,26198609048,-0.007445856545328811,-0.007473715309565572,0.011766061363623785
2019-11-06 00:00:00+00:00,9340.8642578125,9423.2373046875,9305.9091796875,9360.8798828125,9360.8798828125,23133895765,0.001964408386214478,0.0019624814591623348,0.011594932615291263
2019-11-07 00:00:00+00:00,9352.3935546875,9368.4765625,9202.353515625,9267.5615234375,9267.5615234375,22700383839,-0.009968973060571096,-0.010018996001742247,0.01231560709205773
2019-11-08 00:00:00+00:00,9265.3681640625,9272.759765625,8775.5341796875,8804.880859375,8804.880859375,24333037836,-0.049924746967407674,-0.05121408380627322,0.025926457162560018
2019-11-09 00:00:00+00:00,8809.46875,8891.818359375,8793.1630859375,8813.58203125,8813.58203125,17578630606,0.0009882214210468199,0.000987733451713017,0.021904111853030858
2019-11-10 00:00:00+00:00,8812.4892578125,9103.826171875,8806.162109375,9055.5263671875,9055.5263671875,20587919881,0.02745130584586919,0.027081275361004672,0.02857786402580834
2019-11-11 00:00:00+00:00,9056.91796875,9081.279296875,8700.6083984375,8757.7880859375,8757.7880859375,20265510765,-0.032879179981060824,-0.03343184819094057,0.030365765825017477
2019-11-12 00:00:00+00:00,8759.751953125,8853.7685546875,8685.427734375,8815.662109375,8815.662109375,20309769107,0.006608292284490114,0.0065865532404471615,0.03169588779435331
2019-11-13 00:00:00+00:00,8812.033203125,8836.841796875,8761.6513671875,8808.2626953125,8808.2626953125,17545755405,-0.0008393486468396549,-0.0008397010971480578,0.021772217700393674
2019-11-14 00:00:00+00:00,8811.9365234375,8826.943359375,8692.5517578125,8708.0947265625,8708.0947265625,19084739975,-0.011372046022572246,-0.011437202181483985,0.022343816589827443
2019-11-15 00:00:00+00:00,8705.7080078125,8730.873046875,8484.84375,8491.9921875,8491.9921875,21796856471,-0.024816282533459022,-0.02512939756383665,0.01657120211584664
2019-11-16 00:00:00+00:00,8491.166015625,8591.9970703125,8473.9736328125,8550.7607421875,8550.7607421875,16495389808,0.006920467352055093,0.0068966308279384695,0.01359673132339986
2019-11-17 00:00:00+00:00,8549.470703125,8727.7890625,8500.9677734375,8577.9755859375,8577.9755859375,18668638897,0.0031827394743637605,0.003177685280365235,0.012954295004073491
2019-11-18 00:00:00+00:00,8573.98046875,8653.2802734375,8273.5732421875,8309.2861328125,8309.2861328125,21579470673,-0.031323177646423006,-0.03182423938339746,0.016974806752015674
2019-11-19 00:00:00+00:00,8305.134765625,8408.5166015625,8099.96337890625,8206.1455078125,8206.1455078125,21083613816,-0.012412693864603863,-0.01249037483855615,0.016977833676674076
2019-11-20 00:00:00+00:00,8203.61328125,8237.240234375,8010.51171875,8027.26806640625,8027.26806640625,20764300437,-0.021797985575073398,-0.022039071560940312,0.016421784780678975
2019-11-21 00:00:00+00:00,8023.64453125,8110.09814453125,7597.3818359375,7642.75,7642.75,22514243371,-0.04790148568918984,-0.049086768125686187,0.019707454147854703
2019-11-22 00:00:00+00:00,7643.5693359375,7697.3828125,6936.70654296875,7296.57763671875,7296.57763671875,34242315785,-0.045294215208040334,-0.04635206471928927,0.01562988518179069
2019-11-23 00:00:00+00:00,7296.16455078125,7442.2587890625,7151.41796875,7397.796875,7397.796875,21008924418,0.013872152579023078,0.013776814950745946,0.025930022188984943
2019-11-24 00:00:00+00:00,7398.6337890625,7408.5771484375,7029.2890625,7047.9169921875,7047.9169921875,30433517289,-0.047295145936607,-0.04845012522266549,0.02716137985598867
2019-11-25 00:00:00+00:00,7039.97705078125,7319.85693359375,6617.1669921875,7146.1337890625,7146.1337890625,42685231262,0.013935577984796277,0.013839370591340378,0.0338485473294413
2019-11-26 00:00:00+00:00,7145.1591796875,7320.23046875,7098.572265625,7218.37109375,7218.37109375,21129505542,0.010108585540066883,0.010057835510045162,0.032884996067321474
2019-11-27 00:00:00+00:00,7220.880859375,7619.693359375,6974.17431640625,7531.66357421875,7531.66357421875,23991412764,0.04340210227484875,0.04248662643530125,0.033293788756998774
2019-11-28 00:00:00+00:00,7536.8203125,7730.07275390625,7454.12158203125,7463.10595703125,7463.10595703125,19050116751,-0.009102586236349741,-0.00914426790792298,0.03359085842909336
2019-11-29 00:00:00+00:00,7466.72705078125,7781.1796875,7460.75634765625,7761.24365234375,7761.24365234375,19709695456,0.039948206152910615,0.03917091013708419,0.021545205771752222
2019-11-30 00:00:00+00:00,7764.05712890625,7836.10205078125,7515.849609375,7569.6298828125,7569.6298828125,17158194786,-0.02468853937775628,-0.024998412204507995,0.029522232970048898
2019-12-01 00:00:00+00:00,7571.6162109375,7571.6162109375,7291.341796875,7424.29248046875,7424.29248046875,18720708479,-0.019200067188720915,-0.019386782304190116,0.03265586276653228
2019-12-02 00:00:00+00:00,7424.0361328125,7474.81884765625,7233.3994140625,7321.98828125,7321.98828125,17082040706,-0.013779656376399996,-0.013875477110813644,0.02574802205668248
2019-12-03 00:00:00+00:00,7323.9755859375,7418.85888671875,7229.35693359375,7320.1455078125,7320.1455078125,14797485769,-0.00025167664392733435,-0.0002517083198087148,0.025753164238268338
2019-12-04 00:00:00+00:00,7320.125,7539.78466796875,7170.9228515625,7252.03466796875,7252.03466796875,21664240918,-0.00930457458407874,-0.00934813254089389,0.009483379067797825
2019-12-05 00:00:00+00:00,7253.24169921875,7743.431640625,7232.6767578125,7448.3076171875,7448.3076171875,18816085231,0.02706453543109233,0.026704767756073822,0.018143593044922236
2019-12-06 00:00:00+00:00,7450.5615234375,7546.99658203125,7392.17529296875,7546.99658203125,7546.99658203125,18104466307,0.013249850827323328,0.013162839304284675,0.016678154388862436
2019-12-07 00:00:00+00:00,7547.265625,7589.95166015625,7525.71142578125,7556.23779296875,7556.23779296875,15453520564,0.0012244885547587625,0.001223739480074957,0.01393745359504775
2019-12-08 00:00:00+00:00,7551.3388671875,7634.6064453125,7476.09130859375,7564.34521484375,7564.34521484375,15409908086,0.0010729442478032425,0.0010723690545205787,0.013793726444719266
2019-12-09 00:00:00+00:00,7561.79541015625,7618.091796875,7365.9853515625,7400.8994140625,7400.8994140625,17872021272,-0.021607395767781146,-0.021844253680856535,0.017914015361849903
2019-12-10 00:00:00+00:00,7397.13427734375,7424.02294921875,7246.0439453125,7278.11962890625,7278.11962890625,18249031195,-0.01658984648851669,-0.016728999152694785,0.014370842570129237
2019-12-11 00:00:00+00:00,7277.19775390625,7324.15625,7195.52734375,7217.42724609375,7217.42724609375,16350490689,-0.008339019679128423,-0.008373983817170333,0.01038095975560975
2019-12-12 00:00:00+00:00,7216.73876953125,7266.6396484375,7164.7412109375,7243.13427734375,7243.13427734375,18927080224,0.0035617998454939848,0.0035554716584630377,0.010985894775699098
2019-12-13 00:00:00+00:00,7244.662109375,7293.560546875,7227.12255859375,7269.6845703125,7269.6845703125,17125736940,0.0036655806660659263,0.0036588787977558162,0.011591405870260628
2019-12-14 00:00:00+00:00,7268.90283203125,7308.83642578125,7097.208984375,7124.673828125,7124.673828125,17137029730,-0.01994732244362929,-0.020148956153597603,0.011097528938324617
2019-12-15 00:00:00+00:00,7124.23974609375,7181.07568359375,6924.3759765625,7152.3017578125,7152.3017578125,16881129804,0.003877781685729609,0.003870282470955076,0.010680507802959146
2019-12-16 00:00:00+00:00,7153.6630859375,7171.1689453125,6903.6826171875,6932.48046875,6932.48046875,20213265950,-0.030734342104957735,-0.031216547911036934,0.01656012862887022
2019-12-17 00:00:00+00:00,6931.3154296875,6964.0751953125,6587.97412109375,6640.51513671875,6640.51513671875,22363804217,-0.04211556503438585,-0.043028139847750044,0.020923389590302
2019-12-18 00:00:00+00:00,6647.6982421875,7324.98486328125,6540.04931640625,7276.802734375,7276.802734375,31836522778,0.0958190117115909,0.09150203958984561,0.053896393408191565
2019-12-19 00:00:00+00:00,7277.5908203125,7346.6025390625,7041.3818359375,7202.84423828125,7202.84423828125,25904604416,-0.010163597776861044,-0.01021559978849091,0.05313671046776422
2019-12-20 00:00:00+00:00,7208.63671875,7257.921875,7086.1240234375,7218.81640625,7218.81640625,22633815180,0.0022174806840695727,0.002215025702357289,0.05312872142824023
2019-12-21 00:00:00+00:00,7220.59375,7223.22607421875,7112.73583984375,7191.15869140625,7191.15869140625,19312552168,-0.0038313365082680573,-0.0038386948789303917,0.05019866838298496
2019-12-22 00:00:00+00:00,7191.1884765625,7518.033203125,7167.17919921875,7511.5888671875,7511.5888671875,23134537956,0.0445589076158448,0.04359469833307996,0.042891259707977025
2019-12-23 00:00:00+00:00,7508.90234375,7656.17626953125,7326.1923828125,7355.62841796875,7355.62841796875,27831788041,-0.020762644491902904,-0.020981218944278197,0.024705732863868048
2019-12-24 00:00:00+00:00,7354.39306640625,7535.716796875,7269.52880859375,7322.5322265625,7322.5322265625,22991622105,-0.004499437644974069,-0.004509590580982912,0.02411621896030185
2019-12-25 00:00:00+00:00,7325.755859375,7357.02001953125,7220.9912109375,7275.15576171875,7275.15576171875,21559505149,-0.006469956481979233,-0.00649097736895625,0.024524611899588558
2019-12-26 00:00:00+00:00,7274.79931640625,7388.302734375,7200.38671875,7238.966796875,7238.966796875,22787010034,-0.004974321654276248,-0.004986734773912115,0.024593010926982378
2019-12-27 00:00:00+00:00,7238.14111328125,7363.529296875,7189.93408203125,7290.08837890625,7290.08837890625,22777360996,0.007061999794407026,0.007037180653861685,0.009973629518360994
2019-12-28 00:00:00+00:00,7289.03125,7399.041015625,7286.9052734375,7317.990234375,7317.990234375,21365673026,0.003827368615925586,0.003820062875904435,0.006045411660543208
2019-12-29 00:00:00+00:00,7317.6474609375,7513.9482421875,7279.865234375,7422.65283203125,7422.65283203125,22445257702,0.014302095835631912,0.014200785685395729,0.008600761805885811
2019-12-30 00:00:00+00:00,7420.27294921875,7454.82421875,7276.30810546875,7292.9951171875,7292.9951171875,22874131672,-0.017467840376992116,-0.017622203333694908,0.012247316753092352
2019-12-31 00:00:00+00:00,7294.43896484375,7335.2900390625,7169.77783203125,7193.59912109375,7193.59912109375,21167946112,-0.013628967865274233,-0.013722694823239307,0.013754331729869111
2020-01-01 00:00:00+00:00,7194.89208984375,7254.33056640625,7174.9443359375,7200.17431640625,7200.17431640625,18565664997,0.0009140341575637478,0.0009136166827146318,0.01308759455008803
2020-01-02 00:00:00+00:00,7202.55126953125,7212.1552734375,6935.27001953125,6985.47021484375,6985.47021484375,20802083465,-0.029819292162590716,-0.030272928096194005,0.017214005213653273
2020-01-03 00:00:00+00:00,6984.4287109375,7413.71533203125,6914.99609375,7344.88427734375,7344.88427734375,28111481032,0.05145166344511276,0.050171745960031294,0.0312696210771862
2020-01-04 00:00:00+00:00,7345.37548828125,7427.3857421875,7309.51416015625,7410.65673828125,7410.65673828125,18444271275,0.008954866877941559,0.008915009823896914,0.030211952582530753
2020-01-05 00:00:00+00:00,7410.45166015625,7544.4970703125,7400.53564453125,7411.3173828125,7411.3173828125,19725074095,8.914790612779555e-05,8.914393268935946e-05,0.028879787580725624
2020-01-06 00:00:00+00:00,7410.4521484375,7781.8671875,7409.29296875,7769.21923828125,7769.21923828125,23276261598,0.04829126010697582,0.047161467235659664,0.03383852772771817
2020-01-07 00:00:00+00:00,7768.68212890625,8178.2158203125,7768.2275390625,8163.6923828125,8163.6923828125,28767291327,0.050773846435889336,0.04952688932640552,0.024571695711670387
2020-01-08 00:00:00+00:00,8161.935546875,8396.73828125,7956.7744140625,8079.86279296875,8079.86279296875,31672559265,-0.010268587535248286,-0.010321673202805576,0.027586317841645776
2020-01-09 00:00:00+00:00,8082.2958984375,8082.2958984375,7842.40380859375,7879.0712890625,7879.0712890625,24045990466,-0.024850855645838776,-0.02516485111441786,0.034152652246818106
2020-01-10 00:00:00+00:00,7878.3076171875,8166.55419921875,7726.77490234375,8166.55419921875,8166.55419921875,28714583844,0.03648690303834745,0.0358370170573265,0.03470557435152129
2020-01-11 00:00:00+00:00,8162.19091796875,8218.359375,8029.64208984375,8037.53759765625,8037.53759765625,25521165085,-0.015798168776598898,-0.01592428993077385,0.03354113796488306
2020-01-12 00:00:00+00:00,8033.26171875,8200.0634765625,8009.05908203125,8192.494140625,8192.494140625,22903438381,0.019279106453440997,0.019095619045757743,0.025689703635832912
2020-01-13 00:00:00+00:00,8189.77197265625,8197.7880859375,8079.70068359375,8144.1943359375,8144.1943359375,22482910688,-0.005895616628883604,-0.005913064387262195,0.02528919326531374
2020-01-14 00:00:00+00:00,8140.93310546875,8879.51171875,8140.93310546875,8827.7646484375,8827.7646484375,44841784107,0.08393344808628167,0.0805965063783667,0.03823648159740323
2020-01-15 00:00:00+00:00,8825.34375,8890.1171875,8657.1875,8807.0107421875,8807.0107421875,40102834650,-0.002350980919464507,-0.0023537488141357047,0.038776430042746744
2020-01-16 00:00:00+00:00,8812.4814453125,8846.4609375,8612.095703125,8723.7861328125,8723.7861328125,31313981931,-0.009449813541879348,-0.009494746324859216,0.03757848670839222
2020-01-17 00:00:00+00:00,8725.2099609375,8958.1220703125,8677.31640625,8929.0380859375,8929.0380859375,36372139320,0.02352785247141642,0.023255338715640103,0.03769931974535915
2020-01-18 00:00:00+00:00,8927.2119140625,9012.1982421875,8827.33203125,8942.80859375,8942.80859375,32337772627,0.0015422162701026476,0.0015410282758632793,0.03668978941360095
2020-01-19 00:00:00+00:00,8941.4453125,9164.3623046875,8620.080078125,8706.2451171875,8706.2451171875,34217320471,-0.026452928527155417,-0.026809102516198058,0.018160239004493102
2020-01-20 00:00:00+00:00,8704.6318359375,8745.5908203125,8560.4736328125,8657.642578125,8657.642578125,26422375678,-0.005582491465413786,-0.005598131806099833,0.018199467083095975
2020-01-21 00:00:00+00:00,8658.9912109375,8755.7060546875,8544.5205078125,8745.89453125,8745.89453125,24097418512,0.010193531591149663,0.010141927934056931,0.018673711823260886
2020-01-22 00:00:00+00:00,8744.2109375,8792.994140625,8636.7470703125,8680.8759765625,8680.8759765625,22600204051,-0.007434180055016837,-0.007461951294768086,0.013712116351024569
2020-01-23 00:00:00+00:00,8680.650390625,8687.7470703125,8333.6376953125,8406.515625,8406.515625,25770680779,-0.03160514587505292,-0.03211536772319544,0.017139874980270545
2020-01-24 00:00:00+00:00,8405.5673828125,8514.6669921875,8266.8408203125,8445.4345703125,8445.4345703125,24397913026,0.004629616722148233,0.00461893300829455,0.016260384602310256
2020-01-25 00:00:00+00:00,8440.119140625,8458.453125,8296.21875,8367.84765625,8367.84765625,19647331549,-0.00918684685986848,-0.009229306182408406,0.01631431951769959
2020-01-26 00:00:00+00:00,8364.41015625,8602.4013671875,8325.498046875,8596.830078125,8596.830078125,22177678796,0.027364554337216074,0.02699683810277081,0.021583074216550827
2020-01-27 00:00:00+00:00,8597.30859375,8977.7265625,8597.30859375,8909.8193359375,8909.8193359375,28647338393,0.036407519395889265,0.03576042498236325,0.027431827827011583
2020-01-28 00:00:00+00:00,8912.5244140625,9358.58984375,8908.447265625,9358.58984375,9358.58984375,34398744403,0.05036808165148732,0.04914065669354804,0.02359466309463794
2020-01-29 00:00:00+00:00,9357.470703125,9406.431640625,9269.4677734375,9316.6298828125,9316.6298828125,30682598115,-0.004483577295090302,-0.004493658672814258,0.02549583352614377
2020-01-30 00:00:00+00:00,9316.0166015625,9553.1259765625,9230.8974609375,9508.9931640625,9508.9931640625,32378792851,0.02064730312029206,0.020437036918080173,0.019947602317752108
2020-01-31 00:00:00+00:00,9508.3134765625,9521.7060546875,9230.7763671875,9350.529296875,9350.529296875,29432489719,-0.016664631518128026,-0.01680504867594127,0.027392347078895478
2020-02-01 00:00:00+00:00,9346.357421875,9439.3232421875,9313.2392578125,9392.875,9392.875,25922656496,0.00452869583961979,0.004518472151643944,0.025485199210087118
2020-02-02 00:00:00+00:00,9389.8203125,9468.7978515625,9217.82421875,9344.365234375,9344.365234375,30835736946,-0.0051645279666768795,-0.005177910236525379,0.013847740772766572
2020-02-03 00:00:00+00:00,9344.68359375,9540.3720703125,9248.6337890625,9293.521484375,9293.521484375,30934096509,-0.005441113304621492,-0.00545597007771587,0.013926984765044201
2020-02-04 00:00:00+00:00,9292.841796875,9331.265625,9112.8115234375,9180.962890625,9180.962890625,29893183716,-0.012111511652417528,-0.0121854536490776,0.008084010543865287
2020-02-05 00:00:00+00:00,9183.416015625,9701.2998046875,9163.7041015625,9613.423828125,9613.423828125,35222060874,0.047104093835473426,0.04602834799275258,0.023400461299315292
2020-02-06 00:00:00+00:00,9617.8212890625,9824.619140625,9539.818359375,9729.8017578125,9729.8017578125,37628823716,0.012105773319493585,0.012033084493942919,0.023558790738566635
2020-02-07 00:00:00+00:00,9726.0029296875,9834.716796875,9726.0029296875,9795.943359375,9795.943359375,34522718159,0.006797836503646293,0.0067748353927720014,0.02259471488635768
2020-02-08 00:00:00+00:00,9793.0703125,9876.7490234375,9678.91015625,9865.119140625,9865.119140625,35172043762,0.007061676319697785,0.0070368594474600355,0.021182429804450485
2020-02-09 00:00:00+00:00,9863.89453125,10129.435546875,9850.392578125,10116.673828125,10116.673828125,35807884663,0.02549940694219166,0.025179720219250152,0.016650728165895367
2020-02-10 00:00:00+00:00,10115.5595703125,10165.765625,9784.5634765625,9856.611328125,9856.611328125,39386548075,-0.025706324471686526,-0.026042505869956382,0.018891938284272814
2020-02-11 00:00:00+00:00,9855.8916015625,10210.052734375,9729.3349609375,10208.236328125,10208.236328125,37648059389,0.03567402510806805,0.03505244674627077,0.023321096652784357
2020-02-12 00:00:00+00:00,10202.3876953125,10393.611328125,10202.3876953125,10326.0546875,10326.0546875,43444303830,0.011541499979814906,0.011475404940052,0.023273419198214667
2020-02-13 00:00:00+00:00,10323.9609375,10457.626953125,10116.1611328125,10214.3798828125,10214.3798828125,49356071373,-0.010814856987217514,-0.010873762642183454,0.025242529188754612
2020-02-14 00:00:00+00:00,10211.55078125,10321.99609375,10125.5341796875,10312.1162109375,10312.1162109375,43338264162,0.009568503349817403,0.009523015160699344,0.023314539532698443
2020-02-15 00:00:00+00:00,10313.8564453125,10341.5556640625,9874.427734375,9889.4248046875,9889.4248046875,43865054831,-0.0409897830477971,-0.04185355039924229,0.028804495969509483
2020-02-16 00:00:00+00:00,9889.1796875,10053.96875,9722.38671875,9934.43359375,9934.43359375,43374780305,0.004551203932625647,0.004540878520857384,0.02216479801076636
2020-02-17 00:00:00+00:00,9936.560546875,9938.8154296875,9507.6376953125,9690.142578125,9690.142578125,45998298413,-0.024590331529186438,-0.02489772344158013,0.021172852005815843
2020-02-18 00:00:00+00:00,9691.23046875,10161.935546875,9632.3828125,10141.99609375,10141.99609375,47271023953,0.0466302236506857,0.04557569247775114,0.03372666687347744
2020-02-19 00:00:00+00:00,10143.798828125,10191.67578125,9611.2236328125,9633.38671875,9633.38671875,46992019710,-0.05014884351152826,-0.05144998404328957,0.039336292328327006
2020-02-20 00:00:00+00:00,9629.3251953125,9643.216796875,9507.900390625,9608.4755859375,9608.4755859375,44925260237,-0.0025859164113087862,-0.0025892656683303506,0.03607402803204338
2020-02-21 00:00:00+00:00,9611.7822265625,9723.0146484375,9589.7431640625,9686.44140625,9686.44140625,40930547513,0.008114275736580634,0.008081532009711982,0.036360499010806124
2020-02-22 00:00:00+00:00,9687.70703125,9698.2314453125,9600.728515625,9663.181640625,9663.181640625,35838025154,-0.002401270461409255,-0.002404158134973382,0.03464277511979342
2020-02-23 00:00:00+00:00,9663.318359375,9937.404296875,9657.791015625,9924.515625,9924.515625,41185185761,0.02704430011708836,0.02668506547579107,0.02890939375306507
2020-02-24 00:00:00+00:00,9921.5830078125,9951.74609375,9537.04296875,9650.1748046875,9650.1748046875,45080496648,-0.027642741538078885,-0.028031992193656916,0.01984360347732014
2020-02-25 00:00:00+00:00,9651.3125,9652.7373046875,9305.021484375,9341.705078125,9341.705078125,42515259129,-0.031965195740564556,-0.03248723753845248,0.024828592769808023
2020-02-26 00:00:00+00:00,9338.2900390625,9354.7783203125,8704.4267578125,8820.5224609375,8820.5224609375,50420050762,-0.05579095174048332,-0.057407687925487366,0.032018797089797046
2020-02-27 00:00:00+00:00,8825.09375,8932.892578125,8577.19921875,8784.494140625,8784.494140625,45470195695,-0.0040846016176541156,-0.004092966388449268,0.0318117721492955
2020-02-28 00:00:00+00:00,8788.728515625,8890.4560546875,8492.9326171875,8672.455078125,8672.455078125,44605450443,-0.012754184897438958,-0.012836217768337236,0.020500872196775648
2020-02-29 00:00:00+00:00,8671.212890625,8775.6318359375,8599.5087890625,8599.5087890625,8599.5087890625,35792392544,-0.008411261679117432,-0.008446835964171201,0.022059323170042347
2020-03-01 00:00:00+00:00,8599.7587890625,8726.796875,8471.212890625,8562.4541015625,8562.4541015625,35349164300,-0.0043089307085921735,-0.004318240904803676,0.022637412802149273
2020-03-02 00:00:00+00:00,8563.2646484375,8921.30859375,8532.630859375,8869.669921875,8869.669921875,42857674409,0.03587941221856461,0.035250739590151826,0.01941621006798239
2020-03-03 00:00:00+00:00,8865.3876953125,8901.5986328125,8704.990234375,8787.7861328125,8787.7861328125,42386715821,-0.009231886844013548,-0.009274764811755473,0.019895807069821057
2020-03-04 00:00:00+00:00,8788.5419921875,8843.3662109375,8712.431640625,8755.24609375,8755.24609375,34746706368,-0.0037028710724991143,-0.0037097436703969933,0.018803855708397405
2020-03-05 00:00:00+00:00,8760.28515625,9142.0546875,8757.25390625,9078.7626953125,9078.7626953125,39698054597,0.03695117168590434,0.03628484201142127,0.022854950494193234
2020-03-06 00:00:00+00:00,9078.30859375,9167.6953125,9032.0791015625,9122.5458984375,9122.5458984375,40826885651,0.004822595830994203,0.004811004368074786,0.021674772502746676
2020-03-07 00:00:00+00:00,9121.6005859375,9163.220703125,8890.744140625,8909.9541015625,8909.9541015625,36216930370,-0.02330399860322019,-0.02357983053034934,0.02231266725020475
2020-03-08 00:00:00+00:00,8908.2060546875,8914.34375,8105.2529296875,8108.1162109375,8108.1162109375,39973102121,-0.08999349283790192,-0.09430352876922735,0.04875115384114855
2020-03-09 00:00:00+00:00,8111.146484375,8177.79345703125,7690.09814453125,7923.64453125,7923.64453125,46936995808,-0.022751484424786028,-0.02301429329184435,0.04828684360175768
2020-03-10 00:00:00+00:00,7922.14697265625,8136.9453125,7814.76318359375,7909.7294921875,7909.7294921875,42213940994,-0.0017561412564156553,-0.0017576850801850666,0.03938541867551761
2020-03-11 00:00:00+00:00,7910.08984375,7950.814453125,7642.8125,7911.43017578125,7911.43017578125,38682762605,0.00021501160000858555,0.00021498848832731012,0.03848410939495629
2020-03-12 00:00:00+00:00,7913.6162109375,7929.1162109375,4860.35400390625,4970.7880859375,4970.7880859375,53980357243,-0.37169538560117077,-0.46473017533977296,0.19829552765966635
2020-03-13 00:00:00+00:00,5017.8310546875,5838.11474609375,4106.98095703125,5563.70703125,5563.70703125,74156772075,0.11928067241286833,0.11268622219754491,0.22407557868914502
2020-03-14 00:00:00+00:00,5573.07763671875,5625.2265625,5125.0693359375,5200.3662109375,5200.3662109375,36154506008,-0.06530552710121185,-0.06753557004657186,0.22235541630703506
2020-03-15 00:00:00+00:00,5201.06689453125,5836.64501953125,5169.283203125,5392.31494140625,5392.31494140625,33997889639,0.036910617960911996,0.03624573263084445,0.2264901597311401
2020-03-16 00:00:00+00:00,5385.2294921875,5385.2294921875,4575.35791015625,5014.47998046875,5014.47998046875,45368026430,-0.07006915676163483,-0.07264505770911892,0.2226213653808414
2020-03-17 00:00:00+00:00,5002.578125,5371.3486328125,4981.9091796875,5225.62939453125,5225.62939453125,38622642935,0.04210793838741411,0.04124552567019178,0.07913841003133278
2020-03-18 00:00:00+00:00,5227.11376953125,5331.833984375,5069.3359375,5238.4384765625,5238.4384765625,37878801016,0.0024512036855608432,0.002448204386069575,0.05507607979827918
2020-03-19 00:00:00+00:00,5245.41650390625,6329.73583984375,5236.96875,6191.19287109375,6191.19287109375,51000731797,0.18187755736638023,0.1671043242496126,0.08680310545670834
2020-03-20 00:00:00+00:00,6191.65380859375,6844.26171875,5865.78173828125,6198.7783203125,6198.7783203125,54442976103,0.001225199953657663,0.0012244500086869695,0.08806905165604513
2020-03-21 00:00:00+00:00,6206.521484375,6378.13525390625,5932.8232421875,6185.06640625,6185.06640625,42494390880,-0.00221203491300348,-0.0022144850761294074,0.07216918405744852
2020-03-22 00:00:00+00:00,6185.55810546875,6359.697265625,5823.7138671875,5830.2548828125,5830.2548828125,40099664740,-0.05736583896317804,-0.05907702386252891,0.08518939670335983
2020-03-23 00:00:00+00:00,5831.37451171875,6443.9345703125,5785.00439453125,6416.31494140625,6416.31494140625,46491916000,0.10052048673231173,0.09578323765146265,0.08995491993667715
2020-03-24 00:00:00+00:00,6436.642578125,6789.02294921875,6411.06640625,6734.8037109375,6734.8037109375,48221910672,0.04963733427047878,0.04844470857364082,0.058312102912154565
2020-03-25 00:00:00+00:00,6738.716796875,6892.51123046875,6536.92626953125,6681.06298828125,6681.06298828125,44590107888,-0.007979552925792555,-0.00801155993972081,0.05907147099059586
2020-03-26 00:00:00+00:00,6675.1708984375,6735.4638671875,6590.962890625,6716.4404296875,6716.4404296875,35319797642,0.005295181540467819,0.005281211361417012,0.05861923583978523
2020-03-27 00:00:00+00:00,6719.38916015625,6793.83642578125,6466.70166015625,6469.79833984375,6469.79833984375,34585598367,-0.03672214358569481,-0.03741337669931112,0.05207314671663495
2020-03-28 00:00:00+00:00,6467.25390625,6467.5009765625,6117.837890625,6242.19384765625,6242.19384765625,34885225901,-0.035179534234601295,-0.03581324079079013,0.03524886588384359
2020-03-29 00:00:00+00:00,6245.62451171875,6250.46728515625,5920.0859375,5922.04296875,5922.04296875,28373690931,-0.051288198783903005,-0.052650213305665085,0.023656441521901606
2020-03-30 00:00:00+00:00,5925.53857421875,6517.19580078125,5903.234375,6429.841796875,6429.841796875,37101651525,0.08574723804008189,0.08226844860278629,0.05467309291890903
2020-03-31 00:00:00+00:00,6430.6064453125,6504.51513671875,6374.162109375,6438.64453125,6438.64453125,32786468812,0.0013690436954885143,0.001368107409615196,0.05446906260381772
2020-04-01 00:00:00+00:00,6437.3193359375,6612.57373046875,6202.37353515625,6606.7763671875,6606.7763671875,40346426266,0.026112924097839496,0.025777803165675912,0.0533884575113508
2020-04-02 00:00:00+00:00,6606.7763671875,7088.24755859375,6595.91845703125,6793.62451171875,6793.62451171875,47660646124,0.028281287899985408,0.02788875596596145,0.04886478640588598
2020-04-03 00:00:00+00:00,6797.396484375,7003.220703125,6673.3359375,6733.38720703125,6733.38720703125,38976504903,-0.008866740365705117,-0.008906283829348233,0.035335604678882894
2020-04-04 00:00:00+00:00,6738.3828125,6878.95361328125,6696.48486328125,6867.52734375,6867.52734375,33185988584,0.01992164308903499,0.019725803844387817,0.016164962224047827
2020-04-05 00:00:00+00:00,6862.53759765625,6883.4140625,6715.92919921875,6791.12939453125,6791.12939453125,29510409856,-0.011124520572645125,-0.011186860819705755,0.01915523162532728
2020-04-06 00:00:00+00:00,6788.0498046875,7271.78125,6782.8896484375,7271.78125,7271.78125,46896904615,0.0707764242948763,0.06838401551364988,0.03243517012621646
2020-04-07 00:00:00+00:00,7273.64404296875,7427.939453125,7136.71435546875,7176.41455078125,7176.41455078125,44243482668,-0.013114627068677276,-0.013201383140758695,0.034796845908120794
2020-04-08 00:00:00+00:00,7179.283203125,7356.2236328125,7153.3056640625,7334.0986328125,7334.0986328125,37563249549,0.02197254365887824,0.021734626116209514,0.033078485394156025
2020-04-09 00:00:00+00:00,7337.96630859375,7341.4482421875,7179.09423828125,7302.08935546875,7302.08935546875,34815139178,-0.004364445986660415,-0.004373997983961782,0.03433074505418989
2020-04-10 00:00:00+00:00,7303.8154296875,7303.8154296875,6802.47509765625,6865.4931640625,6865.4931640625,43622840992,-0.05979058460566089,-0.06165264619598333,0.0477480460656149
2020-04-11 00:00:00+00:00,6867.4404296875,6926.06982421875,6789.9208984375,6859.0830078125,6859.0830078125,31222085946,-0.0009336774645052337,-0.0009341136128114594,0.03076105005224838
2020-04-12 00:00:00+00:00,6858.06787109375,7119.947265625,6811.078125,6971.091796875,6971.091796875,35759567632,0.016329994685138294,0.016198094339308036,0.033118348584578475
2020-04-13 00:00:00+00:00,6965.61669921875,6965.61669921875,6668.259765625,6845.03759765625,6845.03759765625,38619308647,-0.018082418492216368,-0.018247903368068016,0.029427562677371715
2020-04-14 00:00:00+00:00,6843.28173828125,6958.55712890625,6793.8212890625,6842.427734375,6842.427734375,34110434052,-0.0003812781513637953,-0.0003813508563592871,0.029799182207633886
2020-04-15 00:00:00+00:00,6845.5615234375,6928.66455078125,6633.40283203125,6642.10986328125,6642.10986328125,32288311031,-0.029275847531044064,-0.029712937076683203,0.017751107437509683
2020-04-16 00:00:00+00:00,6640.4541015625,7134.45068359375,6555.50439453125,7116.80419921875,7116.80419921875,46783242377,0.07146740203164859,0.06902911272643515,0.03863704770670749
2020-04-17 00:00:00+00:00,7116.552734375,7167.18310546875,7050.33203125,7096.1845703125,7096.1845703125,32513423567,-0.002897315751431484,-0.0029015210954838368,0.038490788414297504
2020-04-18 00:00:00+00:00,7092.29150390625,7269.95654296875,7089.2470703125,7257.6650390625,7257.6650390625,32447188386,0.02275595669052466,0.022500902000608027,0.037005003817574385
2020-04-19 00:00:00+00:00,7260.92236328125,7280.52197265625,7167.0546875,7189.4248046875,7189.4248046875,31311210215,-0.009402505352301915,-0.009446987957285106,0.03795525054151456
2020-04-20 00:00:00+00:00,7186.87353515625,7240.29052734375,6835.5029296875,6881.95849609375,6881.95849609375,37747113936,-0.04276646838190479,-0.04370789261905666,0.04191562308177366
2020-04-21 00:00:00+00:00,6879.7841796875,6934.5517578125,6834.4423828125,6880.3232421875,6880.3232421875,32589741511,-0.00023761461322069355,-0.00023764284804566149,0.02390604553261798
2020-04-22 00:00:00+00:00,6879.4404296875,7145.86572265625,6867.78173828125,7117.20751953125,7117.20751953125,33249153866,0.034429236680519004,0.033849812461733006,0.030207747965047875
2020-04-23 00:00:00+00:00,7121.30615234375,7491.78515625,7081.5947265625,7429.724609375,7429.724609375,43500782316,0.043910071328696176,0.04297334717626114,0.03493709118307666
2020-04-24 00:00:00+00:00,7434.181640625,7574.19580078125,7434.181640625,7550.90087890625,7550.90087890625,34636526286,0.016309658285092787,0.016178084496425684,0.03421765856232416
2020-04-25 00:00:00+00:00,7550.48291015625,7641.36376953125,7521.67236328125,7569.93603515625,7569.93603515625,32941541447,0.002520911948821203,0.0025177397803475064,0.01900616666920041
2020-04-26 00:00:00+00:00,7570.13916015625,7700.59423828125,7561.40771484375,7679.8671875,7679.8671875,33070154491,0.014522071498782596,0.014417636083330129,0.016211446185575074
2020-04-27 00:00:00+00:00,7679.4189453125,7795.60107421875,7679.4189453125,7795.60107421875,7795.60107421875,36162144725,0.015069777105927384,0.01495735604802822,0.0149043683590505
2020-04-28 00:00:00+00:00,7796.97021484375,7814.52734375,7730.806640625,7807.05859375,7807.05859375,33187959921,0.001469741643032707,0.0014686626299017075,0.0072626636815021845
2020-04-29 00:00:00+00:00,7806.71240234375,8871.75390625,7786.04931640625,8801.0380859375,8801.0380859375,60201052203,0.1273180520232342,0.11984140644428902,0.050268851603804655
2020-04-30 00:00:00+00:00,8797.669921875,9440.650390625,8533.255859375,8658.5537109375,8658.5537109375,66964629541,-0.01618949646720247,-0.01632197818592355,0.05350567669611946
2020-05-01 00:00:00+00:00,8672.7822265625,9048.0234375,8667.763671875,8864.7666015625,8864.7666015625,44068389997,0.023816089558295506,0.02353691044657035,0.053129083178745075
2020-05-02 00:00:00+00:00,8869.0576171875,9007.1875,8811.3662109375,8988.5966796875,8988.5966796875,40134388683,0.013968791699848548,0.013872127279034094,0.053201410370139784
2020-05-03 00:00:00+00:00,8983.6142578125,9167.78125,8830.9716796875,8897.46875,8897.46875,47101785174,-0.010138170944239966,-0.010189912204170495,0.05490927098611103
2020-05-04 00:00:00+00:00,8895.7451171875,8956.90625,8645.0244140625,8912.654296875,8912.654296875,45718796276,0.0017067266322232655,0.0017052718293899742,0.016490960474580166
2020-05-05 00:00:00+00:00,8912.83203125,9062.4150390625,8856.8271484375,9003.0703125,9003.0703125,43148462663,0.010144678859214995,0.010093566989645255,0.012753079213234141
2020-05-06 00:00:00+00:00,9007.44140625,9411.4677734375,8966.7060546875,9268.76171875,9268.76171875,49371886931,0.029511199738283755,0.029084126239824877,0.014575095330947864
2020-05-07 00:00:00+00:00,9261.8955078125,9992.6640625,9138.322265625,9951.5185546875,9951.5185546875,61112700562,0.07366214135771076,0.07107536685466279,0.03176025141567096
2020-05-08 00:00:00+00:00,9936.162109375,9996.7431640625,9767.1728515625,9842.666015625,9842.666015625,51780748042,-0.010938284289408906,-0.010998547172291293,0.03195612082272952
2020-05-09 00:00:00+00:00,9840.90625,9913.86328125,9580.64453125,9593.896484375,9593.896484375,46566121841,-0.025274608612654736,-0.025599497514193534,0.03771857739055202
2020-05-10 00:00:00+00:00,9591.1689453125,9595.5810546875,8395.107421875,8756.4306640625,8756.4306640625,63325279337,-0.0872915214038874,-0.09133874992634657,0.0609556150566107
2020-05-11 00:00:00+00:00,8755.53515625,9033.470703125,8374.3232421875,8601.7958984375,8601.7958984375,57119858802,-0.017659566044374797,-0.017817356616017375,0.057820522641563114
2020-05-12 00:00:00+00:00,8610.3857421875,8949.8984375,8569.6435546875,8804.4775390625,8804.4775390625,42142717533,0.023562712138033515,0.0232893964825246,0.041771403212231065
2020-05-13 00:00:00+00:00,8805.3876953125,9317.87890625,8805.3876953125,9269.9873046875,9269.9873046875,45558144023,0.05287193516704303,0.05152160673099469,0.05429954102588379
2020-05-14 00:00:00+00:00,9271.3291015625,9793.2685546875,9255.03515625,9733.7216796875,9733.7216796875,56426907637,0.05002535168149658,0.048814308336527425,0.059577811522445755
2020-05-15 00:00:00+00:00,9734.291015625,9755.828125,9261.3984375,9328.197265625,9328.197265625,48158802327,-0.04166180495059313,-0.04255454133663077,0.041556759275254436
2020-05-16 00:00:00+00:00,9333.240234375,9564.205078125,9260.6943359375,9377.013671875,9377.013671875,36164766408,0.005233209039209763,0.005219563387115276,0.03849882187412389
2020-05-17 00:00:00+00:00,9374.9296875,9823.001953125,9349.5458984375,9670.7392578125,9670.7392578125,40084250663,0.03132400103227817,0.03084341466898477,0.03894036865779159
2020-05-18 00:00:00+00:00,9675.6953125,9906.0302734375,9570.359375,9726.5751953125,9726.5751953125,41827139896,0.005773698991511145,0.005757095071523827,0.03443506822798775
2020-05-19 00:00:00+00:00,9727.0634765625,9836.0478515625,9539.6240234375,9729.0380859375,9729.0380859375,39254288955,0.00025321252090737545,0.0002531804680276828,0.026564125127698863
2020-05-20 00:00:00+00:00,9725.3291015625,9804.7939453125,9447.201171875,9522.9814453125,9522.9814453125,36546239703,-0.02117954918100662,-0.021407053865041548,0.018605186826035715
2020-05-21 00:00:00+00:00,9522.740234375,9555.2421875,8869.9306640625,9081.76171875,9081.76171875,39326160532,-0.04633209978369557,-0.04743978112005262,0.029532215451162358
2020-05-22 00:00:00+00:00,9080.3349609375,9232.9365234375,9008.638671875,9182.5771484375,9182.5771484375,29810773699,0.01110086707949609,0.011039704675422358,0.024121024431066663
2020-05-23 00:00:00+00:00,9185.0625,9302.501953125,9118.1083984375,9209.287109375,9209.287109375,27727866812,0.0029087652089092586,0.0029045429371388543,0.023674135687708472
2020-05-24 00:00:00+00:00,9212.283203125,9288.404296875,8787.2509765625,8790.3681640625,8790.3681640625,32518803300,-0.045488748514099786,-0.04655584805354227,0.02714677881930319
2020-05-25 00:00:00+00:00,8786.107421875,8951.005859375,8719.66796875,8906.9345703125,8906.9345703125,31288157264,0.013260696716498988,0.013173543308948167,0.030932606029704362
2020-05-26 00:00:00+00:00,8909.5859375,8991.9677734375,8757.2939453125,8835.052734375,8835.052734375,29584186947,-0.008070322664891605,-0.008103063993220552,0.024419549831040006
2020-05-27 00:00:00+00:00,8837.380859375,9203.3203125,8834.1572265625,9181.017578125,9181.017578125,32740536902,0.039158209254817056,0.038410971222694656,0.03118686497230991
2020-05-28 00:00:00+00:00,9184.9453125,9546.3193359375,9148.45703125,9525.7509765625,9525.7509765625,34367073114,0.037548495632866885,0.03686071480897355,0.03539936735528795
2020-05-29 00:00:00+00:00,9528.35546875,9573.6669921875,9379.3388671875,9439.1240234375,9439.1240234375,32896642044,-0.009093976247976698,-0.00913557886418624,0.023144654379336636
2020-05-30 00:00:00+00:00,9438.9140625,9704.0302734375,9366.7294921875,9700.4140625,9700.4140625,32722975141,0.02768159825145977,0.02730538972956484,0.02383426176719382
2020-05-31 00:00:00+00:00,9700.10546875,9700.34375,9432.296875,9461.05859375,9461.05859375,27773290299,-0.024674768232348376,-0.024984292562996217,0.028940003566832056
2020-06-01 00:00:00+00:00,9463.60546875,10199.5654296875,9450.8994140625,10167.2685546875,10167.2685546875,35198901068,0.07464386293982206,0.07198931640233779,0.038445354998142285
2020-06-02 00:00:00+00:00,10162.9736328125,10182.3408203125,9460.5712890625,9529.8037109375,9529.8037109375,39137252109,-0.06269774820259899,-0.06474947480283666,0.052029265710392486
2020-06-03 00:00:00+00:00,9533.7607421875,9682.859375,9471.8466796875,9656.7177734375,9656.7177734375,25007459262,0.013317594606312655,0.013229694990896244,0.05199975379417499
2020-06-04 00:00:00+00:00,9655.8544921875,9887.6103515625,9525.2470703125,9800.63671875,9800.63671875,25921805072,0.014903505382374727,0.014793539385652563,0.05092129711036688
2020-06-05 00:00:00+00:00,9800.2158203125,9869.2373046875,9663.216796875,9665.533203125,9665.533203125,23509628646,-0.013785177382049874,-0.013881075272663914,0.049674128226712695
2020-06-06 00:00:00+00:00,9664.904296875,9773.431640625,9591.0244140625,9653.6796875,9653.6796875,20438419222,-0.0012263695520872142,-0.0012271221586050945,0.03256991101563663
2020-06-07 00:00:00+00:00,9653.0029296875,9768.498046875,9458.150390625,9758.8525390625,9758.8525390625,25015250846,0.010894586827723485,0.010835668358634767,0.012172265862568482
2020-06-08 00:00:00+00:00,9760.0634765625,9782.306640625,9675.8857421875,9771.4892578125,9771.4892578125,21486346312,0.0012948980117710729,0.0012940603543832425,0.011227266019343062
2020-06-09 00:00:00+00:00,9774.3603515625,9836.369140625,9664.7197265625,9795.7001953125,9795.7001953125,23717842783,0.0024777121338637187,0.002474647666023554,0.00893517619352143
2020-06-10 00:00:00+00:00,9794.119140625,9908.896484375,9728.291015625,9870.0947265625,9870.0947265625,25706567601,0.007594610876882513,0.00756591700730524,0.004904993037425999
2020-06-11 00:00:00+00:00,9870.078125,9938.2978515625,9263.0693359375,9321.78125,9321.78125,30247143440,-0.05555301055894357,-0.05715571914128428,0.028303857995501565
2020-06-12 00:00:00+00:00,9320.6904296875,9540.4658203125,9285.8515625,9480.84375,9480.84375,22610564515,0.01706353064227928,0.01691958379014404,0.02937273676314169
2020-06-13 00:00:00+00:00,9480.7353515625,9493.2119140625,9396.009765625,9475.27734375,9475.27734375,17564322315,-0.0005871213994007585,-0.0005872938226618028,0.029271331931109475
2020-06-14 00:00:00+00:00,9477.5537109375,9482.2705078125,9347.59375,9386.7880859375,9386.7880859375,18991732746,-0.009338962291258746,-0.009382843818570023,0.028874878037845168
2020-06-15 00:00:00+00:00,9386.03515625,9504.8603515625,8990.17578125,9450.7021484375,9450.7021484375,26699704768,0.006808938469139436,0.006785862337686215,0.028768093149045628
2020-06-16 00:00:00+00:00,9454.2666015625,9579.4306640625,9400.4453125,9538.0244140625,9538.0244140625,21565537209,0.009239764861221245,0.00919733936802677,0.010001408643053909
2020-06-17 00:00:00+00:00,9533.7841796875,9540.4228515625,9327.33984375,9480.2548828125,9480.2548828125,20177709879,-0.006056760681470541,-0.006075177257296805,0.007998885209396202
2020-06-18 00:00:00+00:00,9481.5673828125,9482.7822265625,9328.3955078125,9411.8408203125,9411.8408203125,17770083003,-0.007216479234543938,-0.00724264397501192,0.00864603297671892
2020-06-19 00:00:00+00:00,9410.2939453125,9440.8759765625,9274.2958984375,9288.0185546875,9288.0185546875,19632223107,-0.013156009327927487,-0.013243316204145586,0.009656727302654633
2020-06-20 00:00:00+00:00,9290.9599609375,9394.9716796875,9247.3798828125,9332.3408203125,9332.3408203125,17130541557,0.004771982890003024,0.004760633072752032,0.009222741182286703
2020-06-21 00:00:00+00:00,9330.9267578125,9401.107421875,9300.4306640625,9303.6298828125,9303.6298828125,15324301169,-0.0030764990320015784,-0.003081241183796443,0.0065781174496850935
2020-06-22 00:00:00+00:00,9300.9150390625,9655.0732421875,9296.8720703125,9648.7177734375,9648.7177734375,21104009514,0.03709174751916078,0.03642039931563134,0.019521751125023912
2020-06-23 00:00:00+00:00,9644.076171875,9670.541015625,9547.2470703125,9629.658203125,9629.658203125,17006433272,-0.0019753474772544743,-0.0019773010491619188,0.01892886013591168
2020-06-24 00:00:00+00:00,9632.1494140625,9680.3671875,9278.2333984375,9313.6103515625,9313.6103515625,18961716076,-0.03282025643027875,-0.033370923273779836,0.02487276209188923
2020-06-25 00:00:00+00:00,9314.126953125,9340.1611328125,9095.32421875,9264.8134765625,9264.8134765625,18616048626,-0.005239308190707503,-0.005253081495321345,0.024852137134052116
2020-06-26 00:00:00+00:00,9260.9951171875,9310.5166015625,9101.73828125,9162.91796875,9162.91796875,18341465837,-0.010998117562784016,-0.011059043986902698,0.02523598535231813
2020-06-27 00:00:00+00:00,9167.82421875,9207.810546875,8998.216796875,9045.390625,9045.390625,17273093144,-0.012826410118569775,-0.012909378740095026,0.012249771929078872
2020-06-28 00:00:00+00:00,9048.4609375,9197.546875,8975.525390625,9143.58203125,9143.58203125,14560870760,0.010855408054862181,0.010796911071170564,0.015891712329342247
2020-06-29 00:00:00+00:00,9140.029296875,9237.5732421875,9041.8759765625,9190.8544921875,9190.8544921875,16460547078,0.005170015512075743,0.0051566968672220465,0.010301781101525477
2020-06-30 00:00:00+00:00,9185.5810546875,9217.8359375,9084.837890625,9137.9931640625,9137.9931640625,15735797744,-0.005751513982724221,-0.005768117633966839,0.010336786981757804
2020-07-01 00:00:00+00:00,9145.9853515625,9309.7548828125,9104.7353515625,9228.3251953125,9228.3251953125,15971550355,0.00988532488788163,0.00983678469207803,0.01036498584419141
2020-07-02 00:00:00+00:00,9231.1396484375,9274.962890625,9036.623046875,9123.41015625,9123.41015625,16338916796,-0.011368806022981404,-0.011433924918011266,0.009863835625574274
2020-07-03 00:00:00+00:00,9124.8427734375,9202.3447265625,9058.794921875,9087.3037109375,9087.3037109375,13078970999,-0.00395756024273064,-0.003965412107265914,0.008594483407126055
2020-07-04 00:00:00+00:00,9084.2333984375,9183.2958984375,9053.6298828125,9132.48828125,9132.48828125,12290528515,0.004972274697731871,0.004959953765059784,0.008558279364083413
2020-07-05 00:00:00+00:00,9126.0908203125,9162.18359375,8977.015625,9073.9423828125,9073.9423828125,12903406143,-0.00641072801130238,-0.006431364974036432,0.008649996148088614
2020-07-06 00:00:00+00:00,9072.849609375,9375.474609375,9058.6640625,9375.474609375,9375.474609375,17889263252,0.0332305643833104,0.032690364054528694,0.017543022701842367
2020-07-07 00:00:00+00:00,9349.1611328125,9360.6171875,9201.8154296875,9252.27734375,9252.27734375,13839652595,-0.01314037643510968,-0.013227475028494522,0.017930197877807242
2020-07-08 00:00:00+00:00,9253.0205078125,9450.3359375,9249.5,9428.3330078125,9428.3330078125,19702359883,0.019028359994139876,0.01884958505462196,0.018664429193363648
2020-07-09 00:00:00+00:00,9427.994140625,9431.37890625,9234.9990234375,9277.9677734375,9277.9677734375,18000702524,-0.015948231171979632,-0.016076772716190905,0.021498851835781322
2020-07-10 00:00:00+00:00,9273.357421875,9287.4716796875,9118.001953125,9278.8076171875,9278.8076171875,16860035605,9.052022711308894e-05,9.051613040455209e-05,0.020962536052388993
2020-07-11 00:00:00+00:00,9277.51171875,9293.5322265625,9199.4853515625,9240.3466796875,9240.3466796875,13249910444,-0.004145030168397623,-0.004153644618958577,0.013818857387445885
2020-07-12 00:00:00+00:00,9241.0546875,9319.4189453125,9197.4501953125,9276.5,9276.5,14452361907,0.003912550206798482,0.0039049160883403893,0.012697554662016702
2020-07-13 00:00:00+00:00,9277.205078125,9306.4052734375,9224.29296875,9243.6142578125,9243.6142578125,17519821266,-0.003545059255915528,-0.003551357868856212,0.0075047354447404895
2020-07-14 00:00:00+00:00,9238.703125,9283.841796875,9171.6611328125,9243.2138671875,9243.2138671875,18085038362,-4.331537576462985e-05,-4.331631390260929e-05,0.0032521728860221972
2020-07-15 00:00:00+00:00,9241.8974609375,9275.3251953125,9171.93359375,9192.8369140625,9192.8369140625,15844731575,-0.005450155524782674,-0.005465061808117076,0.00379646383198682
2020-07-16 00:00:00+00:00,9191.98046875,9214.3125,9088.947265625,9132.2275390625,9132.2275390625,15713967523,-0.006593108913667822,-0.006614939463274875,0.004294801108208925
2020-07-17 00:00:00+00:00,9131.8125,9182.25390625,9089.2021484375,9151.392578125,9151.392578125,13944570749,0.002098616025556055,0.002096417007004295,0.003666043080109771
2020-07-18 00:00:00+00:00,9151.18359375,9230.9833984375,9100.82421875,9159.0400390625,9159.0400390625,12252601475,0.0008356608977502233,0.0008353119275824921,0.003931343627543091
2020-07-19 00:00:00+00:00,9158.005859375,9201.3984375,9097.6328125,9185.8173828125,9185.8173828125,12939002784,0.002923597193133398,0.0029193317943758054,0.004457566405070094
2020-07-20 00:00:00+00:00,9187.220703125,9214.2705078125,9137.509765625,9164.2314453125,9164.2314453125,13755604146,-0.0023499201650132306,-0.0023526855605594836,0.0039040097098423537
2020-07-21 00:00:00+00:00,9162.5146484375,9407.2626953125,9149.3896484375,9374.8876953125,9374.8876953125,18069581956,0.02298678850016933,0.022726572419009328,0.009976194871795642
2020-07-22 00:00:00+00:00,9375.080078125,9530.5185546875,9319.6533203125,9525.36328125,9525.36328125,16532254884,0.016050921443329758,0.015923467431184803,0.010770060045019366
2020-07-23 00:00:00+00:00,9527.1416015625,9610.2470703125,9483.00390625,9581.072265625,9581.072265625,18146399002,0.00584848921034431,0.005831453188377249,0.010151975329072726
2020-07-24 00:00:00+00:00,9585.5146484375,9623.3369140625,9481.4541015625,9536.892578125,9536.892578125,16552768325,-0.004611142289210002,-0.004621806400934839,0.011721784772723282
2020-07-25 00:00:00+00:00,9539.4853515625,9704.556640625,9530.2119140625,9677.11328125,9677.11328125,16610070933,0.014702976045533722,0.014595935230040647,0.010552004836581415
2020-07-26 00:00:00+00:00,9680.234375,10023.8076171875,9652.84765625,9905.1669921875,9905.1669921875,20507998997,0.023566295475673238,0.023292897324558883,0.010712623644523855
2020-07-27 00:00:00+00:00,9905.2177734375,11298.2216796875,9903.9697265625,10990.873046875,10990.873046875,35359749590,0.1096100707382146,0.10400866598506177,0.04339596445225522
2020-07-28 00:00:00+00:00,11017.4638671875,11204.3271484375,10632.6318359375,10912.8232421875,10912.8232421875,28766551142,-0.007101328925793737,-0.007126663372121388,0.04543621759800582
2020-07-29 00:00:00+00:00,10912.953125,11304.3974609375,10856.1416015625,11100.4677734375,11100.4677734375,24617249715,0.017194865809297744,0.01704870717725163,0.04273469331434067
2020-07-30 00:00:00+00:00,11099.8330078125,11169.3564453125,10895.455078125,11111.2138671875,11111.2138671875,22857247901,0.0009680757576464583,0.0009676074745081875,0.04439420941770913
2020-07-31 00:00:00+00:00,11110.2109375,11415.8642578125,10987.0537109375,11323.466796875,11323.466796875,23160469766,0.0191025870102548,0.01892242337372686,0.04454392942024557
2020-08-01 00:00:00+00:00,11322.5703125,11794.775390625,11239.6826171875,11759.5927734375,11759.5927734375,26075670303,0.03851523428168302,0.03779203373214687,0.017425676724924292
2020-08-02 00:00:00+00:00,11758.7646484375,12034.14453125,11018.1298828125,11053.6142578125,11053.6142578125,27410067336,-0.060034265575901635,-0.061911857122825646,0.038334396233999264
2020-08-03 00:00:00+00:00,11043.7685546875,11453.0791015625,11012.4150390625,11246.3486328125,11246.3486328125,20271713443,0.017436321777176023,0.017286053356239672,0.03835695728259558
2020-08-04 00:00:00+00:00,11246.203125,11385.3818359375,11094.1455078125,11205.892578125,11205.892578125,21250197042,-0.00359726129861071,-0.0036037470015529804,0.03846027131442741
2020-08-05 00:00:00+00:00,11203.8232421875,11786.6171875,11158.28515625,11747.0224609375,11747.0224609375,24411254471,0.04828976175167332,0.04716003790353572,0.043380499554478466
2020-08-06 00:00:00+00:00,11749.87109375,11902.3359375,11598.7138671875,11779.7734375,11779.7734375,23400740340,0.002788023660583505,0.002784144331385825,0.03992525932286084
2020-08-07 00:00:00+00:00,11778.89453125,11898.0380859375,11408.59375,11601.47265625,11601.47265625,23132312867,-0.01513618086086388,-0.015251902049187646,0.024021946524655485
2020-08-08 00:00:00+00:00,11604.5537109375,11800.064453125,11558.431640625,11754.0458984375,11754.0458984375,17572057837,0.013151196120374076,0.013065469924046941,0.02376036326284854
2020-08-09 00:00:00+00:00,11737.3251953125,11806.056640625,11548.7841796875,11675.7392578125,11675.7392578125,17489608833,-0.006662100973708895,-0.006684391826167338,0.024199300594862673
2020-08-10 00:00:00+00:00,11662.2568359375,12045.140625,11662.2568359375,11878.111328125,11878.111328125,26114112569,0.017332698670629254,0.01718420090459035,0.013476139461976532
2020-08-11 00:00:00+00:00,11881.6474609375,11932.7109375,11195.708984375,11410.525390625,11410.525390625,27039782640,-0.03936534391564839,-0.04016111286278769,0.023202177727179828
2020-08-12 00:00:00+00:00,11404.5966796875,11748.396484375,11249.60546875,11584.9345703125,11584.9345703125,25064548486,0.015284938573538076,0.015169300755772669,0.024255411930166625
2020-08-13 00:00:00+00:00,11588.4052734375,11796.396484375,11216.8720703125,11784.1376953125,11784.1376953125,27522199497,0.017195015111304723,0.017048853955416797,0.02486139804230901
2020-08-14 00:00:00+00:00,11772.6591796875,12150.994140625,11685.455078125,11768.87109375,11768.87109375,24237958589,-0.0012955213149429268,-0.001296361228177031,0.02458678088762549
2020-08-15 00:00:00+00:00,11768.697265625,11963.203125,11768.697265625,11865.6982421875,11865.6982421875,23354924400,0.008227394765919493,0.008193734253123777,0.023464256203762187
2020-08-16 00:00:00+00:00,11866.685546875,11934.9013671875,11737.1884765625,11892.8037109375,11892.8037109375,20583375490,0.0022843551383793237,0.0022817499658520377,0.007938016168044975
2020-08-17 00:00:00+00:00,11895.658203125,12359.056640625,11806.6962890625,12254.40234375,12254.40234375,28227687027,0.03040482644811049,0.029951760409884235,0.012555506872639918
2020-08-18 00:00:00+00:00,12251.8955078125,12335.70703125,11954.525390625,11991.2333984375,11991.2333984375,26043227672,-0.021475461465219614,-0.02170941475499902,0.018585810064755258
2020-08-19 00:00:00+00:00,11990.884765625,12028.923828125,11687.3330078125,11758.283203125,11758.283203125,24502851117,-0.019426708460436926,-0.01961788699136637,0.02136264130448461
2020-08-20 00:00:00+00:00,11761.5,11900.4111328125,11710.0634765625,11878.3720703125,11878.3720703125,20175242945,0.01021312934149976,0.01016132774175868,0.02157254718538776
2020-08-21 00:00:00+00:00,11878.0263671875,11899.259765625,11564.9794921875,11592.4892578125,11592.4892578125,23762425999,-0.024067507803910648,-0.024361862793125022,0.024079005036591748
2020-08-22 00:00:00+00:00,11585.4775390625,11689.4072265625,11448.8056640625,11681.8251953125,11681.8251953125,20224191306,0.007706363621583279,0.007676821280393403,0.016984572168589694
2020-08-23 00:00:00+00:00,11679.6962890625,11713.4296875,11559.9208984375,11664.84765625,11664.84765625,18482062658,-0.0014533293195752028,-0.0014543864269716935,0.015734957525300984
2020-08-24 00:00:00+00:00,11663.689453125,11807.6318359375,11623.25,11774.595703125,11774.595703125,20681511755,0.00940844236539995,0.009364458635234827,0.014535391744499887
2020-08-25 00:00:00+00:00,11773.5888671875,11778.2998046875,11189.8505859375,11366.134765625,11366.134765625,26301509932,-0.034690018052305094,-0.035306004408532356,0.020000811031869726
2020-08-26 00:00:00+00:00,11366.89453125,11530.052734375,11296.9931640625,11488.36328125,11488.36328125,22466660958,0.010753745063331488,0.010696334763965401,0.01932217209029134
2020-08-27 00:00:00+00:00,11485.6083984375,11570.7861328125,11185.94140625,11323.3974609375,11323.3974609375,23240415076,-0.01435938403704018,-0.014463477673961746,0.01914222156939827
2020-08-28 00:00:00+00:00,11325.2958984375,11545.615234375,11316.4228515625,11542.5,11542.5,19807127588,0.01934954061432026,0.01916471859560327,0.022376674096260575
2020-08-29 00:00:00+00:00,11541.0546875,11585.640625,11466.29296875,11506.865234375,11506.865234375,17485597759,-0.0030872658111327222,-0.0030920412474540297,0.02145437336102086
2020-08-30 00:00:00+00:00,11508.7138671875,11715.2646484375,11492.3818359375,11711.505859375,11711.505859375,19760127945,0.017784220187846422,0.017627931208674324,0.014422139294366873
2020-08-31 00:00:00+00:00,11713.306640625,11768.876953125,11598.318359375,11680.8203125,11680.8203125,22285928250,-0.0026201196706430174,-0.0026235581917250007,0.01456420441631001
2020-09-01 00:00:00+00:00,11679.31640625,12067.0810546875,11601.12890625,11970.478515625,11970.478515625,27311555343,0.024797762089964426,0.02449528784504093,0.013008039302588887
2020-09-02 00:00:00+00:00,11964.8232421875,11964.8232421875,11290.7939453125,11414.0341796875,11414.0341796875,28037405299,-0.04648471948812871,-0.04759982836281475,0.028142038904488447
2020-09-03 00:00:00+00:00,11407.19140625,11443.0224609375,10182.46484375,10245.296875,10245.296875,31927261555,-0.10239476124641311,-0.108024907829682,0.055126590431869044
2020-09-04 00:00:00+00:00,10230.365234375,10663.919921875,10207.9404296875,10511.8134765625,10511.8134765625,29965130374,0.02601355576262887,0.02568095890557451,0.0567133685967058
2020-09-05 00:00:00+00:00,10512.5302734375,10581.5712890625,9946.67578125,10169.5673828125,10169.5673828125,44916565292,-0.03255823502891142,-0.03310004713411871,0.05579231325082477
2020-09-06 00:00:00+00:00,10167.216796875,10353.927734375,10056.8857421875,10280.3515625,10280.3515625,37071460174,0.010893696409813414,0.010834787536525494,0.05285386358032578
2020-09-07 00:00:00+00:00,10280.998046875,10399.1533203125,9916.4931640625,10369.5634765625,10369.5634765625,33703098409,0.00867790498409815,0.008640468391535637,0.054255313059539574
2020-09-08 00:00:00+00:00,10369.306640625,10414.775390625,9945.1103515625,10131.5166015625,10131.5166015625,33430927462,-0.022956306264775628,-0.02322390559011147,0.024807162284899344
2020-09-09 00:00:00+00:00,10134.1513671875,10350.54296875,10017.2509765625,10242.34765625,10242.34765625,24128292755,0.010939236349907233,0.010879835709758444,0.02127503056385821
2020-09-10 00:00:00+00:00,10242.330078125,10503.912109375,10238.1357421875,10363.138671875,10363.138671875,54406443211,0.011793293850096198,0.011724294913524443,0.015133771751285248
2020-09-11 00:00:00+00:00,10369.0283203125,10434.9228515625,10140.8369140625,10400.9150390625,10400.9150390625,45201121775,0.0036452631180188266,0.003638635248421432,0.014627791003973203
2020-09-12 00:00:00+00:00,10409.861328125,10578.837890625,10292.38671875,10442.1708984375,10442.1708984375,36750077324,0.003966560559340859,0.003958714499077175,0.014268439684679906
2020-09-13 00:00:00+00:00,10452.3994140625,10577.21484375,10224.330078125,10323.755859375,10323.755859375,36506852789,-0.011340078630605377,-0.011404867595945653,0.00927563310193135
2020-09-14 00:00:00+00:00,10328.734375,10800.0107421875,10266.0087890625,10680.837890625,10680.837890625,35453581940,0.0345883839286778,0.03400365092776386,0.01659235518886097
2020-09-15 00:00:00+00:00,10677.7548828125,10938.6318359375,10656.4599609375,10796.951171875,10796.951171875,32509451925,0.010871177190313608,0.010812510742824319,0.01655142730395202
2020-09-16 00:00:00+00:00,10797.76171875,11100.1240234375,10704.884765625,10974.9052734375,10974.9052734375,30769986455,0.01648188444401355,0.016347532426243053,0.016651036488442378
2020-09-17 00:00:00+00:00,10973.251953125,11037.4208984375,10774.6279296875,10948.990234375,10948.990234375,38151810523,-0.0023612995663134795,-0.002364091830582051,0.01751291124841056
2020-09-18 00:00:00+00:00,10951.8203125,11034.908203125,10829.6572265625,10944.5859375,10944.5859375,26341903912,-0.00040225598714782596,-0.0004023369137903027,0.014697815879022325
2020-09-19 00:00:00+00:00,10933.7529296875,11134.0927734375,10909.6181640625,11094.3466796875,11094.3466796875,22764204008,0.013683545731443925,0.013590771382837723,0.008456496968483867
2020-09-20 00:00:00+00:00,11095.8701171875,11095.8701171875,10814.4775390625,10938.271484375,10938.271484375,24699523788,-0.014067993350005525,-0.0141678855300922,0.012496098591298695
2020-09-21 00:00:00+00:00,10934.92578125,10988.3046875,10380.2607421875,10462.259765625,10462.259765625,28884999244,-0.04351800185522625,-0.04449331082805089,0.021869903097819294
2020-09-22 00:00:00+00:00,10459.6240234375,10568.0771484375,10382.7265625,10538.4599609375,10538.4599609375,23621787804,0.0072833400259153525,0.0072569445920738825,0.023053351909672094
2020-09-23 00:00:00+00:00,10535.4921875,10537.828125,10197.865234375,10246.1865234375,10246.1865234375,23788661867,-0.027733979972724532,-0.028125828810467837,0.02418274047391903
2020-09-24 00:00:00+00:00,10248.7861328125,10771.056640625,10231.490234375,10760.06640625,10760.06640625,47144380902,0.050153282066164984,0.04893613643511954,0.03616509624449582
2020-09-25 00:00:00+00:00,10761.109375,10777.6962890625,10578.9140625,10692.716796875,10692.716796875,39348590957,-0.006259218747560857,-0.00627888978372976,0.0358972393413415
2020-09-26 00:00:00+00:00,10695.5751953125,10772.9990234375,10667.28125,10750.7236328125,10750.7236328125,46852525493,0.005424892199001441,0.005410230472935921,0.028103439735016698
2020-09-27 00:00:00+00:00,10746.892578125,10803.9765625,10622.921875,10775.26953125,10775.26953125,53745972818,0.0022831856976197606,0.0022805831897412406,0.028111111198440605
2020-09-28 00:00:00+00:00,10776.61328125,10945.34765625,10703.8935546875,10709.65234375,10709.65234375,47762394731,-0.006089609852421796,-0.006108227146350323,0.022991952019665873
2020-09-29 00:00:00+00:00,10709.650390625,10860.0009765625,10649.4951171875,10844.640625,10844.640625,46582396602,0.012604356977915954,0.01252558330751577,0.007997456802751907
2020-09-30 00:00:00+00:00,10843.87109375,10847.2568359375,10669.3212890625,10784.4912109375,10784.4912109375,44171073700,-0.00554646448346463,-0.0055619032310387645,0.00782622773973821
2020-10-01 00:00:00+00:00,10795.2548828125,10933.6240234375,10472.3564453125,10619.4521484375,10619.4521484375,40023134100,-0.015303370300178809,-0.015421675401221661,0.010463952276411843
2020-10-02 00:00:00+00:00,10619.8212890625,10657.837890625,10416.689453125,10575.974609375,10575.974609375,48661453918,-0.00409414143543152,-0.004102545378274992,0.010125337226176073
2020-10-03 00:00:00+00:00,10575.1005859375,10598.9404296875,10511.1298828125,10549.3291015625,10549.3291015625,44660271563,-0.0025194375739971964,-0.0025226166977002406,0.010041753122276616
2020-10-04 00:00:00+00:00,10550.4404296875,10686.0,10534.3916015625,10669.5830078125,10669.5830078125,71251776995,0.011399199427022166,0.011334718114116692,0.009584680299365432
2020-10-05 00:00:00+00:00,10676.529296875,10793.5078125,10634.6005859375,10793.33984375,10793.33984375,47537578009,0.01159903211277169,0.011532279024733388,0.01142756872241095
2020-10-06 00:00:00+00:00,10796.306640625,10797.578125,10528.890625,10604.40625,10604.40625,42623695307,-0.017504646058134066,-0.017659664062251813,0.01220784025526699
2020-10-07 00:00:00+00:00,10603.35546875,10680.5078125,10562.5068359375,10668.96875,10668.96875,37799458436,0.0060882710901424275,0.006069812450621233,0.012259801101631891
2020-10-08 00:00:00+00:00,10669.37109375,10945.7373046875,10562.6064453125,10915.685546875,10915.685546875,63314794397,0.023124708925124526,0.022861384647314218,0.014997755762989206
2020-10-09 00:00:00+00:00,10927.9130859375,11102.671875,10846.8505859375,11064.4580078125,11064.4580078125,22799117613,0.013629236597062944,0.013537193923190284,0.0151942801870315
2020-10-10 00:00:00+00:00,11059.142578125,11442.2109375,11056.9404296875,11296.361328125,11296.361328125,22877978588,0.02095930231275278,0.02074267777372715,0.0163544907585494
2020-10-11 00:00:00+00:00,11296.08203125,11428.8134765625,11288.6279296875,11384.181640625,11384.181640625,19968627060,0.0077742124166433335,0.007744148940002064,0.007517364727112986
2020-10-12 00:00:00+00:00,11392.6357421875,11698.4677734375,11240.6865234375,11555.36328125,11555.36328125,26163972642,0.01503679807902314,0.014924866101628098,0.00601965106444579
2020-10-13 00:00:00+00:00,11548.7197265625,11548.984375,11321.224609375,11425.8994140625,11425.8994140625,24241420251,-0.011203790312466544,-0.011267025530866026,0.012306676512455258
2020-10-14 00:00:00+00:00,11429.0478515625,11539.9775390625,11307.8310546875,11429.5068359375,11429.5068359375,24103426719,0.0003157232305546209,0.000315673400463534,0.012542855762479705
2020-10-15 00:00:00+00:00,11426.6025390625,11569.9140625,11303.603515625,11495.349609375,11495.349609375,24487233058,0.005760771167350187,0.005744241377636975,0.009769617107278774
2020-10-16 00:00:00+00:00,11502.828125,11540.0615234375,11223.0126953125,11322.123046875,11322.123046875,25635480772,-0.01506927308750361,-0.01518396829079633,0.012322443420804276
2020-10-17 00:00:00+00:00,11322.123046875,11386.26171875,11285.345703125,11358.1015625,11358.1015625,19130430174,0.0031777181254826203,0.0031726798498982116,0.009238045780100818
2020-10-18 00:00:00+00:00,11355.982421875,11483.359375,11347.578125,11483.359375,11483.359375,18283314340,0.011028058853915557,0.010967693217915127,0.009861190994660958
2020-10-19 00:00:00+00:00,11495.0380859375,11799.0927734375,11408.2900390625,11742.037109375,11742.037109375,23860769928,0.02252631185070797,0.02227634146506345,0.013643581007877003
2020-10-20 00:00:00+00:00,11745.974609375,11999.91796875,11681.48046875,11916.3349609375,11916.3349609375,30915821592,0.014843919324981414,0.014734826605249336,0.014278710812407907
2020-10-21 00:00:00+00:00,11913.0771484375,13184.56640625,11900.9287109375,12823.689453125,12823.689453125,43414712626,0.07614375520341321,0.07338405430586939,0.02796025400437141
2020-10-22 00:00:00+00:00,12801.6357421875,13161.59375,12717.09375,12965.8916015625,12965.8916015625,34729759598,0.011089019970212055,0.011027987566796663,0.026622389481721978
2020-10-23 00:00:00+00:00,12971.548828125,13015.9619140625,12752.6474609375,12931.5390625,12931.5390625,28974975003,-0.0026494544392426933,-0.0026529704553783216,0.029180261886007197
2020-10-24 00:00:00+00:00,12931.57421875,13145.06640625,12885.7470703125,13108.0625,13108.0625,24542317940,0.0136506131750318,0.01355828284978525,0.02954877253943072
2020-10-25 00:00:00+00:00,13108.0634765625,13329.18359375,12910.0615234375,13031.173828125,13031.173828125,24406920575,-0.0058657541398662305,-0.0058830252475124915,0.03214269499761662
2020-10-26 00:00:00+00:00,13031.201171875,13225.2978515625,12822.3828125,13075.248046875,13075.248046875,29461458313,0.003382214014740148,0.0033765071930938885,0.008411489340219475
2020-10-27 00:00:00+00:00,13075.2421875,13759.6689453125,13060.837890625,13654.21875,13654.21875,33749878156,0.04427990207523247,0.04332755896265355,0.019868507199989345
2020-10-28 00:00:00+00:00,13654.21484375,13837.6953125,12932.2509765625,13271.28515625,13271.28515625,35867318895,-0.02804507535445777,-0.02844584941845549,0.026371255740190974
2020-10-29 00:00:00+00:00,13271.298828125,13612.0478515625,12980.0595703125,13437.8828125,13437.8828125,56499499598,0.012553242153156674,0.012475103458646658,0.026289614281055914
2020-10-30 00:00:00+00:00,13437.8740234375,13651.5166015625,13136.1982421875,13546.5224609375,13546.5224609375,30581485201,0.00808458072996765,0.008052075583308513,0.02558049676011701
2020-10-31 00:00:00+00:00,13546.5322265625,14028.2138671875,13457.5302734375,13780.9951171875,13780.9951171875,30306464719,0.01730869726353168,0.01716060814063042,0.025732683093868138
2020-11-01 00:00:00+00:00,13780.9951171875,13862.033203125,13628.3779296875,13737.109375,13737.109375,24453857900,-0.003184511845067406,-0.003189593193523672,0.018213760444900813
2020-11-02 00:00:00+00:00,13737.0322265625,13808.3232421875,13243.16015625,13550.4892578125,13550.4892578125,30771455468,-0.013585108198026608,-0.01367823012311885,0.012505237944806569
2020-11-03 00:00:00+00:00,13550.451171875,13984.9814453125,13325.44140625,13950.30078125,13950.30078125,29869951617,0.02950532012761009,0.02907841515337467,0.01674846107923682
2020-11-04 00:00:00+00:00,13950.48828125,14218.7666015625,13580.4716796875,14133.70703125,14133.70703125,35116364962,0.013147117963686394,0.013061444695718672,0.01693962554469872
2020-11-05 00:00:00+00:00,14133.7333984375,15706.404296875,14102.0888671875,15579.8486328125,15579.8486328125,40856321439,0.10231863433740651,0.09741581080424415,0.04385430898793874
2020-11-06 00:00:00+00:00,15579.7294921875,15903.4375,15226.83984375,15565.880859375,15565.880859375,39837841971,-0.0008965281862933772,-0.0008969303080480761,0.04350249600948019
2020-11-07 00:00:00+00:00,15565.880859375,15737.095703125,14423.203125,14833.75390625,14833.75390625,35024953706,-0.0470340843373509,-0.04817614127429782,0.05289215604687977
2020-11-08 00:00:00+00:00,14833.75390625,15637.3203125,14744.1103515625,15479.5673828125,15479.5673828125,26632075029,0.04353675277640923,0.04261566759184631,0.053931103796730454
2020-11-09 00:00:00+00:00,15479.595703125,15785.13671875,14865.529296875,15332.3154296875,15332.3154296875,34149115566,-0.009512665921690977,-0.009558200327301026,0.05566381423621495
2020-11-10 00:00:00+00:00,15332.3505859375,15450.3291015625,15124.9599609375,15290.90234375,15290.90234375,25574938143,-0.0027010327388199418,-0.002704687109614758,0.032273924691574404
2020-11-11 00:00:00+00:00,15290.9091796875,15916.2607421875,15290.0068359375,15701.33984375,15701.33984375,29772374934,0.02684194109497806,0.026488015591815354,0.03507958794229385
2020-11-12 00:00:00+00:00,15701.298828125,16305.00390625,15534.771484375,16276.34375,16276.34375,34175758344,0.03662132734990031,0.03596670089126322,0.02338451360787505
2020-11-13 00:00:00+00:00,16276.4404296875,16463.177734375,15992.15234375,16317.80859375,16317.80859375,31599492172,0.002547552717421464,0.0025443132057155655,0.0196478145007171
2020-11-14 00:00:00+00:00,16317.80859375,16317.80859375,15749.193359375,16068.138671875,16068.138671875,27481710135,-0.015300456580341737,-0.015418716403050705,0.021256054165110713
2020-11-15 00:00:00+00:00,16068.1396484375,16123.1103515625,15793.5341796875,15955.587890625,15955.587890625,23653867583,-0.007004593596581565,-0.007029240926094911,0.02194721146527661
2020-11-16 00:00:00+00:00,15955.5771484375,16816.181640625,15880.7060546875,16716.111328125,16716.111328125,31526766675,0.04766502135260464,0.04656389869041283,0.027253411242734532
2020-11-17 00:00:00+00:00,16685.69140625,17782.919921875,16564.544921875,17645.40625,17645.40625,39006849170,0.05559276937282975,0.054102475844138374,0.031954543504126125
2020-11-18 00:00:00+00:00,17645.19140625,18393.94921875,17352.90625,17804.005859375,17804.005859375,49064800278,0.008988152900985202,0.008947999876361636,0.031396223680740305
2020-11-19 00:00:00+00:00,17803.861328125,18119.546875,17382.5546875,17817.08984375,17817.08984375,36985055355,0.0007348899162549216,0.0007346200168832048,0.027795219271215855
2020-11-20 00:00:00+00:00,17817.083984375,18773.2265625,17765.794921875,18621.314453125,18621.314453125,36992873940,0.045137820846602006,0.04414876269819295,0.024243982647568357
2020-11-21 00:00:00+00:00,18621.31640625,18936.62109375,18444.359375,18642.232421875,18642.232421875,39650210707,0.0011233347035009,0.0011227042351799794,0.025393853592410642
2020-11-22 00:00:00+00:00,18642.232421875,18688.96875,17671.384765625,18370.001953125,18370.001953125,41280434226,-0.014602889964538845,-0.014710561659748133,0.02192870516988886
2020-11-23 00:00:00+00:00,18370.017578125,18711.42578125,18000.796875,18364.12109375,18364.12109375,42741112308,-0.000320133845930215,-0.00032018509970887474,0.022223423352436593
2020-11-24 00:00:00+00:00,18365.015625,19348.271484375,18128.65625,19107.46484375,19107.46484375,51469565009,0.040478046632625775,0.03968026776556164,0.02628503183603072
2020-11-25 00:00:00+00:00,19104.41015625,19390.96484375,18581.146484375,18732.12109375,18732.12109375,43710357371,-0.01964382784787766,-0.019839332374638075,0.023339058052477695
2020-11-26 00:00:00+00:00,18729.83984375,18866.28515625,16351.03515625,17150.623046875,17150.623046875,61396835737,-0.08442706722639481,-0.08820525362378571,0.04629753043004336
2020-11-27 00:00:00+00:00,17153.9140625,17445.0234375,16526.423828125,17108.40234375,17108.40234375,38886494645,-0.0024617591448197196,-0.0024647942560283285,0.04674939236398392
2020-11-28 00:00:00+00:00,17112.93359375,17853.939453125,16910.65234375,17717.4140625,17717.4140625,32601040734,0.03559722915754793,0.034978293300267825,0.0517706226818828
2020-11-29 00:00:00+00:00,17719.634765625,18283.62890625,17559.1171875,18177.484375,18177.484375,31133957704,0.02596712538731971,0.025635704702410122,0.04889427781042211
2020-11-30 00:00:00+00:00,18178.322265625,19749.263671875,18178.322265625,19625.8359375,19625.8359375,47728480399,0.07967832801396635,0.07666315234015364,0.06146077379532346
2020-12-01 00:00:00+00:00,19633.76953125,19845.974609375,18321.921875,18802.998046875,18802.998046875,49633658712,-0.04192625951044282,-0.04283053060242915,0.044458710066310414
2020-12-02 00:00:00+00:00,18801.744140625,19308.330078125,18347.71875,19201.091796875,19201.091796875,37387697139,0.021171823185194727,0.020950814137308933,0.042918488731862214
2020-12-03 00:00:00+00:00,19205.92578125,19566.19140625,18925.78515625,19445.3984375,19445.3984375,31930317405,0.012723580680175761,0.012643316046180679,0.042531013746145735
2020-12-04 00:00:00+00:00,19446.966796875,19511.404296875,18697.193359375,18699.765625,18699.765625,33872388058,-0.038344949058079725,-0.039099467524232566,0.04919035648501642
2020-12-05 00:00:00+00:00,18698.384765625,19160.44921875,18590.193359375,19154.23046875,19154.23046875,27242455064,0.024303237423597412,0.024012613075875922,0.03324264658269448
2020-12-06 00:00:00+00:00,19154.1796875,19390.5,18897.89453125,19345.12109375,19345.12109375,25293775714,0.009965977245154134,0.009916644389898553,0.025694941087550955
2020-12-07 00:00:00+00:00,19343.12890625,19411.828125,18931.142578125,19191.630859375,19191.630859375,26896357742,-0.007934312410408761,-0.007965956561317785,0.02463216955329377
2020-12-08 00:00:00+00:00,19191.529296875,19283.478515625,18269.9453125,18321.14453125,18321.14453125,31692288756,-0.0453576006387062,-0.04641845955624486,0.030465115029671412
2020-12-09 00:00:00+00:00,18320.884765625,18626.29296875,17935.546875,18553.916015625,18553.916015625,34420373071,0.012705073309037251,0.012625041029578565,0.02756902603830092
2020-12-10 00:00:00+00:00,18553.298828125,18553.298828125,17957.064453125,18264.9921875,18264.9921875,25547132265,-0.015572121156616547,-0.01569464022080565,0.023823427300402954
2020-12-11 00:00:00+00:00,18263.9296875,18268.453125,17619.533203125,18058.904296875,18058.904296875,27919640985,-0.011283218109780502,-0.011347356530151446,0.02124782336504731
2020-12-12 00:00:00+00:00,18051.3203125,18919.55078125,18046.041015625,18803.65625,18803.65625,21752580802,0.041240151721379625,0.04041245632345914,0.032553404031157196
2020-12-13 00:00:00+00:00,18806.765625,19381.53515625,18734.33203125,19142.3828125,19142.3828125,25450468637,0.018013866983980886,0.01785353982728499,0.022922934661743395
2020-12-14 00:00:00+00:00,19144.4921875,19305.099609375,19012.708984375,19246.64453125,19246.64453125,22473997681,0.005446642655266398,0.005431863337978572,0.022846085151812145
2020-12-15 00:00:00+00:00,19246.919921875,19525.0078125,19079.841796875,19417.076171875,19417.076171875,26741982541,0.008855135259981495,0.008816158477203611,0.018971265812145255
2020-12-16 00:00:00+00:00,19418.818359375,21458.908203125,19298.31640625,21310.59765625,21310.59765625,44409011479,0.09751836309514528,0.0930515975767781,0.03617786098452129
2020-12-17 00:00:00+00:00,21308.3515625,23642.66015625,21234.67578125,22805.162109375,22805.162109375,71378606374,0.07013245133867341,0.06778242711074886,0.03947849989582012
2020-12-18 00:00:00+00:00,22806.796875,23238.6015625,22399.8125,23137.9609375,23137.9609375,40387896275,0.014593135822884129,0.014487680725324005,0.03994635034258166
2020-12-19 00:00:00+00:00,23132.865234375,24085.85546875,22826.47265625,23869.83203125,23869.83203125,38487546580,0.03163075154837203,0.031140804146840156,0.036198907028640905
2020-12-20 00:00:00+00:00,23861.765625,24209.66015625,23147.7109375,23477.294921875,23477.294921875,37844228422,-0.01644490454985592,-0.016581622945616773,0.043291742317579165
2020-12-21 00:00:00+00:00,23474.455078125,24059.982421875,22159.3671875,22803.08203125,22803.08203125,45852713981,-0.028717656479103182,-0.029138076932326975,0.03867058865698728
2020-12-22 00:00:00+00:00,22794.0390625,23789.90234375,22430.60546875,23783.029296875,23783.029296875,44171632681,0.042974334095805755,0.04207656794577848,0.030502065177345442
2020-12-23 00:00:00+00:00,23781.974609375,24024.490234375,22802.646484375,23241.345703125,23241.345703125,51146161904,-0.022776055438033516,-0.023039436663009637,0.03313233114623258
2020-12-24 00:00:00+00:00,23240.203125,23768.337890625,22777.59765625,23735.94921875,23735.94921875,41080759713,0.021281190940612982,0.021057908650393337,0.031073860057526034
2020-12-25 00:00:00+00:00,23733.5703125,24710.1015625,23463.673828125,24664.791015625,24664.791015625,42068395846,0.03913227940938091,0.03838601817057906,0.03383879684881928
2020-12-26 00:00:00+00:00,24677.015625,26718.0703125,24522.689453125,26437.037109375,26437.037109375,48332647295,0.07185327832809496,0.06938918605018134,0.03413177566082482
2020-12-27 00:00:00+00:00,26439.373046875,28288.83984375,25922.76953125,26272.294921875,26272.294921875,66479895605,-0.0062314920850786715,-0.006250988870123867,0.03646889850110419
2020-12-28 00:00:00+00:00,26280.822265625,27389.111328125,26207.640625,27084.80859375,27084.80859375,49056742893,0.03092663485588698,0.030458043294241247,0.027451273879560017
2020-12-29 00:00:00+00:00,27081.810546875,27370.720703125,25987.298828125,27362.4375,27362.4375,45265946774,0.010250355112868093,0.010198176486275929,0.028792622196039428
2020-12-30 00:00:00+00:00,27360.08984375,28937.740234375,27360.08984375,28840.953125,28840.953125,51287442704,0.054034499850387885,0.05262518188935121,0.030666026786711455
2020-12-31 00:00:00+00:00,28841.57421875,29244.876953125,28201.9921875,29001.720703125,29001.720703125,46754964848,0.005574281038085438,0.005558802229052879,0.02321921386477603
2021-01-01 00:00:00+00:00,28994.009765625,29600.626953125,28803.5859375,29374.15234375,29374.15234375,40730301359,0.012841708408869223,0.012759952848226697,0.019390091899985695
2021-01-02 00:00:00+00:00,29376.455078125,33155.1171875,29091.181640625,32127.267578125,32127.267578125,67865420765,0.09372577639540935,0.08959001114880642,0.03627536242025559
2021-01-03 00:00:00+00:00,32129.408203125,34608.55859375,32052.31640625,32782.0234375,32782.0234375,78665235202,0.020380066800975483,0.020175172403393154,0.03487612678900182
2021-01-04 00:00:00+00:00,32810.94921875,33440.21875,28722.755859375,31971.9140625,31971.9140625,81163475344,-0.024712000360334718,-0.02502246735581663,0.04221645075801367
2021-01-05 00:00:00+00:00,31977.041015625,34437.58984375,30221.1875,33992.4296875,33992.4296875,67547324782,0.06319658000613337,0.06128001171320478,0.04453986933707472
2021-01-06 00:00:00+00:00,34013.61328125,36879.69921875,33514.03515625,36824.36328125,36824.36328125,75289433811,0.08331071417326141,0.08002182823088061,0.04743162475753302
2021-01-07 00:00:00+00:00,36833.875,40180.3671875,36491.19140625,39371.04296875,39371.04296875,84762141031,0.0691574669750421,0.06687092425852742,0.04299815549849337
2021-01-08 00:00:00+00:00,39381.765625,41946.73828125,36838.63671875,40797.609375,40797.609375,88107519480,0.0362338992996023,0.0355928898794487,0.041694468082965626
2021-01-09 00:00:00+00:00,40788.640625,41436.3515625,38980.875,40254.546875,40254.546875,61984162837,-0.013311135341493308,-0.01340052262051337,0.036956942507420154
2021-01-10 00:00:00+00:00,40254.21875,41420.19140625,35984.62890625,38356.44140625,38356.44140625,79980747690,-0.047152573214749416,-0.04830048595686678,0.054168239570612446
2021-01-11 00:00:00+00:00,38346.53125,38346.53125,30549.599609375,35566.65625,35566.65625,123320567399,-0.07273315912449108,-0.07551390060372581,0.0585489255545795
2021-01-12 00:00:00+00:00,35516.359375,36568.52734375,32697.9765625,33922.9609375,33922.9609375,74773277909,-0.046214502171538774,-0.04731647785882869,0.04267325811973055
2021-01-13 00:00:00+00:00,33915.12109375,37599.9609375,32584.66796875,37316.359375,37316.359375,69364315979,0.10003249550509552,0.09533972073625589,0.06699317296185626
2021-01-14 00:00:00+00:00,37325.109375,39966.40625,36868.5625,39187.328125,39187.328125,63615990033,0.050138030111625875,0.048921612778852486,0.07350633886572579
2021-01-15 00:00:00+00:00,39156.70703125,39577.7109375,34659.58984375,36825.3671875,36825.3671875,67760757881,-0.06027358971670127,-0.06216649897230796,0.07575780734533577
2021-01-16 00:00:00+00:00,36821.6484375,37864.3671875,35633.5546875,36178.140625,36178.140625,57706187875,-0.017575563040677422,-0.017731847143619858,0.06678849250434753
2021-01-17 00:00:00+00:00,36163.6484375,36722.3515625,34069.3203125,35791.27734375,35791.27734375,52359854336,-0.010693288117263444,-0.010750872199338055,0.0616498337758429
2021-01-18 00:00:00+00:00,35792.23828125,37299.28515625,34883.84375,36630.07421875,36630.07421875,49511702429,0.023435790428599335,0.02316538885922865,0.042295748932175026
2021-01-19 00:00:00+00:00,36642.234375,37755.890625,36069.8046875,36069.8046875,36069.8046875,57244195486,-0.015295342507474663,-0.015413522880192659,0.030391162261220465
2021-01-20 00:00:00+00:00,36050.11328125,36378.328125,33570.4765625,35547.75,35547.75,66834573161,-0.014473454791977813,-0.014579216975338103,0.01708365402138879
2021-01-21 00:00:00+00:00,35549.3984375,35552.6796875,30250.75,30825.69921875,30825.69921875,75643067688,-0.1328368400602007,-0.14252813081835994,0.06381576197281184
2021-01-22 00:00:00+00:00,30817.625,33811.8515625,28953.373046875,33005.76171875,33005.76171875,77207272511,0.07072224005462169,0.06833341147530216,0.0785136509121261
2021-01-23 00:00:00+00:00,32985.7578125,33360.9765625,31493.16015625,32067.642578125,32067.642578125,48354737975,-0.02842289017956734,-0.028834641394269323,0.07537624650499916
2021-01-24 00:00:00+00:00,32064.376953125,32944.0078125,31106.685546875,32289.37890625,32289.37890625,48643830599,0.006914643868341619,0.006890847351743181,0.07684971360445807
2021-01-25 00:00:00+00:00,32285.798828125,34802.7421875,32087.787109375,32366.392578125,32366.392578125,59897054838,0.0023851084933719235,0.0023822686367903426,0.0776374137223291
2021-01-26 00:00:00+00:00,32358.61328125,32794.55078125,31030.265625,32569.849609375,32569.849609375,60255421470,0.006286058316783416,0.006266383460683916,0.03531103222921778
2021-01-27 00:00:00+00:00,32564.029296875,32564.029296875,29367.138671875,30432.546875,30432.546875,62576762015,-0.06562212475675022,-0.06787434522440919,0.03245417036864055
2021-01-28 00:00:00+00:00,30441.041015625,33858.3125,30023.20703125,33466.09765625,33466.09765625,76517157706,0.09968113394222766,0.0950202595471698,0.057800938783544115
2021-01-29 00:00:00+00:00,34318.671875,38406.26171875,32064.814453125,34316.38671875,34316.38671875,117894572511,0.02540747568580648,0.025090070847817985,0.0582426885404599
2021-01-30 00:00:00+00:00,34295.93359375,34834.70703125,32940.1875,34269.5234375,34269.5234375,65141828798,-0.0013656239986477026,-0.0013665573129015413,0.05842414520719728
2021-01-31 00:00:00+00:00,34270.87890625,34288.33203125,32270.17578125,33114.359375,33114.359375,52754542671,-0.03370820328466961,-0.034289423389572346,0.06202406961182228
2021-02-01 00:00:00+00:00,33114.578125,34638.21484375,32384.228515625,33537.17578125,33537.17578125,61400400660,0.012768370405776608,0.0126875420679964,0.047722263440672895
2021-02-02 00:00:00+00:00,33533.19921875,35896.8828125,33489.21875,35510.2890625,35510.2890625,63088585433,0.05883361479570781,0.057167938879420434,0.03366466991447787
2021-02-03 00:00:00+00:00,35510.8203125,37480.1875,35443.984375,37472.08984375,37472.08984375,61166818159,0.055245981743407446,0.053773897801538996,0.0385698954066789
2021-02-04 00:00:00+00:00,37475.10546875,38592.17578125,36317.5,36926.06640625,36926.06640625,68838074392,-0.014571470120209207,-0.01467867670382311,0.040611408016365355
2021-02-05 00:00:00+00:00,36931.546875,38225.90625,36658.76171875,38144.30859375,38144.30859375,58598066402,0.032991388091470286,0.03245885330843299,0.02996033746069064
2021-02-06 00:00:00+00:00,38138.38671875,40846.546875,38138.38671875,39266.01171875,39266.01171875,71326033653,0.029406828078771152,0.02898274128113115,0.028699683787219866
2021-02-07 00:00:00+00:00,39250.19140625,39621.8359375,37446.15234375,38903.44140625,38903.44140625,65500641143,-0.009233693380855112,-0.009276588183404773,0.029244834365772233
2021-02-08 00:00:00+00:00,38886.828125,46203.9296875,38076.32421875,46196.46484375,46196.46484375,101467222687,0.18746473766529936,0.17182056188812328,0.07575540509175828
2021-02-09 00:00:00+00:00,46184.9921875,48003.72265625,45166.9609375,46481.10546875,46481.10546875,91809846886,0.006161523959955284,0.0061426193854515,0.07236689893539905
2021-02-10 00:00:00+00:00,46469.76171875,47145.56640625,43881.15234375,44918.18359375,44918.18359375,87301089896,-0.03362488605290981,-0.03420320342962812,0.08110443201946324
2021-02-11 00:00:00+00:00,44898.7109375,48463.46875,44187.76171875,47909.33203125,47909.33203125,81388911810,0.0665910372634968,0.06446761605839371,0.08224312198988933
2021-02-12 00:00:00+00:00,47877.03515625,48745.734375,46424.9765625,47504.8515625,47504.8515625,76555041196,-0.008442623839676311,-0.008478464657924508,0.08212476992622442
2021-02-13 00:00:00+00:00,47491.203125,48047.74609375,46392.28125,47105.515625,47105.515625,70250456155,-0.008406213773231364,-0.008441745251820123,0.036847200018188635
2021-02-14 00:00:00+00:00,47114.5078125,49487.640625,47114.5078125,48717.2890625,48717.2890625,71248675228,0.03421623595697554,0.033643879906238475,0.03924096948451677
2021-02-15 00:00:00+00:00,48696.53515625,48875.5703125,46347.4765625,47945.05859375,47945.05859375,77069903166,-0.01585126109458379,-0.015978235928812496,0.03477027194061696
2021-02-16 00:00:00+00:00,47944.45703125,50341.1015625,47201.3046875,49199.87109375,49199.87109375,77049582886,0.026171883752032166,0.0258352607407487,0.022674413634299586
2021-02-17 00:00:00+00:00,49207.27734375,52533.9140625,49072.37890625,52149.0078125,52149.0078125,80820545404,0.05994196027730325,0.058214152169521576,0.030719878820939822
2021-02-18 00:00:00+00:00,52140.97265625,52474.10546875,51015.765625,51679.796875,51679.796875,52054723579,-0.008997504596578998,-0.009038226589304248,0.03085228295422054
2021-02-19 00:00:00+00:00,51675.98046875,56113.65234375,50937.27734375,55888.1328125,55888.1328125,63495496918,0.08143096900475189,0.07828513543693166,0.041081178369361177
2021-02-20 00:00:00+00:00,55887.3359375,57505.2265625,54626.55859375,56099.51953125,56099.51953125,68145460026,0.0037823185014820293,0.0037751835203801024,0.03656008970569145
2021-02-21 00:00:00+00:00,56068.56640625,58330.5703125,55672.609375,57539.9453125,57539.9453125,51897585191,0.025676258785917394,0.02535215971053203,0.03657915330719344
2021-02-22 00:00:00+00:00,57532.73828125,57533.390625,48967.56640625,54207.3203125,54207.3203125,92052420332,-0.05791845963531039,-0.05966344725525414,0.05031713833085717
2021-02-23 00:00:00+00:00,54204.9296875,54204.9296875,45290.58984375,48824.42578125,48824.42578125,106102492824,-0.09930198541853996,-0.10458524450100902,0.0718283991974093
2021-02-24 00:00:00+00:00,48835.0859375,51290.13671875,47213.5,49705.33203125,49705.33203125,63695521388,0.018042326886684945,0.017881495738120444,0.05640366918879343
2021-02-25 00:00:00+00:00,49709.08203125,51948.96875,47093.8515625,47093.8515625,47093.8515625,54506565949,-0.052539242009451814,-0.053969759252051705,0.055337779535888004
2021-02-26 00:00:00+00:00,47180.46484375,48370.78515625,44454.84375,46339.76171875,46339.76171875,350967941479,-0.016012490351298148,-0.016142075456887308,0.04641717236223494
2021-02-27 00:00:00+00:00,46344.7734375,48253.26953125,45269.02734375,46188.453125,46188.453125,45910946382,-0.003265200081699504,-0.0032705424799890207,0.048260505785294595
2021-02-28 00:00:00+00:00,46194.015625,46716.4296875,43241.6171875,45137.76953125,45137.76953125,53443887451,-0.022747754528746222,-0.02301047656676125,0.02645950309436595
2021-03-01 00:00:00+00:00,45159.50390625,49784.015625,45115.09375,49631.2421875,49631.2421875,53891300112,0.09955017057586457,0.09490116032713884,0.05638985989365365
2021-03-02 00:00:00+00:00,49612.10546875,50127.51171875,47228.84375,48378.98828125,48378.98828125,47530897720,-0.025231161886280384,-0.025554925208490772,0.05078153801760174
2021-03-03 00:00:00+00:00,48415.81640625,52535.13671875,48274.3203125,50538.2421875,50538.2421875,53220811975,0.04463205996986197,0.043664727693901485,0.05148216858595467
2021-03-04 00:00:00+00:00,50522.3046875,51735.08984375,47656.9296875,48561.16796875,48561.16796875,52343816680,-0.039120359814156846,-0.0399061221991278,0.05741512091205767
2021-03-05 00:00:00+00:00,48527.03125,49396.4296875,46542.515625,48927.3046875,48927.3046875,48625928883,0.007539701660092213,0.007511420176535919,0.05457796395918592
2021-03-06 00:00:00+00:00,48899.23046875,49147.21875,47257.52734375,48912.3828125,48912.3828125,34363564661,-0.0003049805235605385,-0.0003050270395783075,0.03227267621001626
2021-03-07 00:00:00+00:00,48918.6796875,51384.3671875,48918.6796875,51206.69140625,51206.69140625,43137459378,0.046906498146797926,0.0458396233606819,0.03539611405940866
2021-03-08 00:00:00+00:00,51174.1171875,52314.0703125,49506.0546875,52246.5234375,52246.5234375,48597428048,0.020306565464276005,0.020103136515502152,0.03135841359031461
2021-03-09 00:00:00+00:00,52272.96875,54824.1171875,51981.83203125,54824.1171875,54824.1171875,50912227385,0.049335220420617,0.048156840253235314,0.02201121364714275
2021-03-10 00:00:00+00:00,54824.01171875,57258.25390625,53290.890625,56008.55078125,56008.55078125,57295577614,0.021604243798385436,0.021374179798027783,0.02017001910551097
2021-03-11 00:00:00+00:00,55963.1796875,58091.0625,54484.59375,57805.12109375,57805.12109375,56772343595,0.032076714848716215,0.031573000390297756,0.013202963526846382
2021-03-12 00:00:00+00:00,57821.21875,57996.62109375,55376.6484375,57332.08984375,57332.08984375,55689944702,-0.008183206626845796,-0.008216872853115568,0.020561392315009166
2021-03-13 00:00:00+00:00,57343.37109375,61683.86328125,56217.97265625,61243.0859375,61243.0859375,60669829814,0.06821652767950437,0.06599046126171279,0.028047416267318447
2021-03-14 00:00:00+00:00,61221.1328125,61597.91796875,59302.31640625,59302.31640625,59302.31640625,43901225564,-0.031689610370558396,-0.03220259265928875,0.03768273502602859
2021-03-15 00:00:00+00:00,59267.4296875,60540.9921875,55393.1640625,55907.19921875,55907.19921875,66419369890,-0.05725100456855314,-0.05895520841682183,0.04982765247864892
2021-03-16 00:00:00+00:00,55840.78515625,56833.1796875,53555.02734375,56804.90234375,56804.90234375,59749798599,0.01605702194966918,0.015929471547609108,0.04776974988615292
2021-03-17 00:00:00+00:00,56825.828125,58969.81640625,54528.62890625,58870.89453125,58870.89453125,60258313191,0.036369962842253134,0.03572418708035779,0.05063873305204311
2021-03-18 00:00:00+00:00,58893.078125,60116.25,54253.578125,57858.921875,57858.921875,55746041000,-0.017189693893861602,-0.017339151916613386,0.03773957917799706
2021-03-19 00:00:00+00:00,57850.44140625,59498.375,56643.703125,58346.65234375,58346.65234375,49063873786,0.008429650137686817,0.008394319050580128,0.03648288639021714
2021-03-20 00:00:00+00:00,58332.26171875,60031.28515625,58213.296875,58313.64453125,58313.64453125,50361731222,-0.0005657190459794625,-0.0005658791253751102,0.019660817739803233
2021-03-21 00:00:00+00:00,58309.9140625,58767.8984375,56005.6171875,57523.421875,57523.421875,51943414539,-0.013551247955811196,-0.013643904139846409,0.021226197496582694
2021-03-22 00:00:00+00:00,57517.890625,58471.48046875,54288.15625,54529.14453125,54529.14453125,56521454974,-0.05205318540083803,-0.05345688104443306,0.02367150688048197
2021-03-23 00:00:00+00:00,54511.66015625,55985.44140625,53470.6953125,54738.9453125,54738.9453125,56435023914,0.0038474981233158623,0.0038401154329438564,0.025073786752914135
2021-03-24 00:00:00+00:00,54710.48828125,57262.3828125,52514.33203125,52774.265625,52774.265625,70567223787,-0.035891807492523076,-0.036551757777657644,0.024391243634631382
2021-03-25 00:00:00+00:00,52726.74609375,53392.38671875,50856.5703125,51704.16015625,51704.16015625,67999812841,-0.020277031922222966,-0.020485432915556448,0.02190838681065669
2021-03-26 00:00:00+00:00,51683.01171875,55137.3125,51579.85546875,55137.3125,55137.3125,56652197978,0.06639992475218648,0.06428841931989358,0.04583148941982899
2021-03-27 00:00:00+00:00,55137.56640625,56568.21484375,54242.91015625,55973.51171875,55973.51171875,47266542233,0.015165759461888806,0.015051908974823298,0.03870819464759665
2021-03-28 00:00:00+00:00,55974.94140625,56610.3125,55071.11328125,55950.74609375,55950.74609375,47686580918,-0.0004067213991215679,-0.0004068041327035923,0.03879278407944647
2021-03-29 00:00:00+00:00,55947.8984375,58342.09765625,55139.33984375,57750.19921875,57750.19921875,57625587027,0.03216137854506651,0.03165502939331705,0.032240136824553296
2021-03-30 00:00:00+00:00,57750.1328125,59447.22265625,57251.55078125,58917.69140625,58917.69140625,54414116432,0.020216245195582738,0.020014609919984168,0.024243115240353393
2021-03-31 00:00:00+00:00,58930.27734375,59930.02734375,57726.41796875,58918.83203125,58918.83203125,65520826225,1.9359634988669328e-05,1.935944759335448e-05,0.013686751478663812
2021-04-01 00:00:00+00:00,58926.5625,59586.0703125,58505.27734375,59095.80859375,59095.80859375,61669163792,0.0030037350775407035,0.0029992328786879927,0.014339561394575814
2021-04-02 00:00:00+00:00,59098.87890625,60267.1875,58869.28125,59384.3125,59384.3125,58727860620,0.004881969011259368,0.004870090844088338,0.013471268483383887
2021-04-03 00:00:00+00:00,59397.41015625,60110.26953125,57603.890625,57603.890625,57603.890625,59641344484,-0.029981350293480258,-0.030439981167968613,0.01842962061433531
2021-04-04 00:00:00+00:00,57604.83984375,58913.74609375,57168.67578125,58758.5546875,58758.5546875,50749662970,0.0200448971410081,0.019846643132378484,0.01838295557725158
2021-04-05 00:00:00+00:00,58760.875,59891.296875,57694.82421875,59057.87890625,59057.87890625,60706272115,0.005094138552963257,0.005081207326213134,0.018560053043647794
2021-04-06 00:00:00+00:00,59171.93359375,59479.578125,57646.80859375,58192.359375,58192.359375,66058027988,-0.014655445594718208,-0.01476389754962159,0.0196247435599886
2021-04-07 00:00:00+00:00,58186.5078125,58731.14453125,55604.0234375,56048.9375,56048.9375,75645303584,-0.036833390122360865,-0.037528870853164246,0.024002124443046842
2021-04-08 00:00:00+00:00,56099.9140625,58338.73828125,55879.0859375,58323.953125,58323.953125,53053855641,0.04058980823677527,0.03978767570422682,0.029992877845236177
2021-04-09 00:00:00+00:00,58326.5625,58937.046875,57807.86328125,58245.00390625,58245.00390625,46655208546,-0.0013536328475677317,-0.001354549836114697,0.02837996319819069
2021-04-10 00:00:00+00:00,58253.77734375,61276.6640625,58038.70703125,59793.234375,59793.234375,58238470525,0.026581343719059625,0.026234198096664975,0.031100200908821294
2021-04-11 00:00:00+00:00,59846.23046875,60790.5546875,59289.796875,60204.96484375,60204.96484375,46280252580,0.006885903949730876,0.006862304387402612,0.02956951200094376
2021-04-12 00:00:00+00:00,60175.9453125,61253.03515625,59589.875,59893.453125,59893.453125,51828688519,-0.005174186540237491,-0.005187618998143358,0.01914991686879741
2021-04-13 00:00:00+00:00,59890.01953125,63742.28515625,59869.95703125,63503.45703125,63503.45703125,69983454362,0.06027376479221824,0.05852714345026763,0.026180744540362618
2021-04-14 00:00:00+00:00,63523.75390625,64863.09765625,61554.796875,63109.6953125,63109.6953125,77451779687,-0.00620063437737306,-0.006219938149170958,0.027108235525023797
2021-04-15 00:00:00+00:00,63075.1953125,63821.671875,62208.96484375,63314.01171875,63314.01171875,60954381579,0.003237480473297971,0.003232251116976691,0.02689736328218956
2021-04-16 00:00:00+00:00,63258.50390625,63594.72265625,60222.53125,61572.7890625,61572.7890625,84293007468,-0.027501379378466195,-0.027886621874568536,0.03231949677383653
2021-04-17 00:00:00+00:00,61529.921875,62572.17578125,60361.3515625,60683.8203125,60683.8203125,66138759198,-0.014437688523377457,-0.014542926101405163,0.03327667365289467
2021-04-18 00:00:00+00:00,60701.88671875,61057.45703125,52829.53515625,56216.18359375,56216.18359375,97468872758,-0.0736215468265391,-0.07647243109811933,0.03128462095976643
2021-04-19 00:00:00+00:00,56191.5859375,57520.0546875,54368.59375,55724.265625,55724.265625,65344865159,-0.008750468945115109,-0.008788979117796622,0.03093094221442027
2021-04-20 00:00:00+00:00,55681.79296875,57062.1484375,53448.046875,56473.03125,56473.03125,67849323955,0.013436976092944253,0.013347500558966063,0.03345784572277848
2021-04-21 00:00:00+00:00,56471.12890625,56757.97265625,53695.46875,53906.08984375,53906.08984375,54926612466,-0.045454287638402646,-0.04651974554182734,0.03515132939581312
2021-04-22 00:00:00+00:00,53857.10546875,55410.23046875,50583.8125,51762.2734375,51762.2734375,74798630778,-0.0397694659817468,-0.040581883746807136,0.03484688770767819
2021-04-23 00:00:00+00:00,51739.80859375,52120.79296875,47714.6640625,51093.65234375,51093.65234375,86668667320,-0.012917150838772984,-0.013001302685204313,0.024544169030167345
2021-04-24 00:00:00+00:00,51143.2265625,51167.5625,48805.28515625,50050.8671875,50050.8671875,49014494781,-0.02040928977310741,-0.020620437180110716,0.023861331975568504
2021-04-25 00:00:00+00:00,50052.83203125,50506.01953125,47159.484375,49004.25390625,49004.25390625,46117114240,-0.02091099195802515,-0.02113272327896639,0.014380317415178605
2021-04-26 00:00:00+00:00,49077.79296875,54288.00390625,48852.796875,54021.75390625,54021.75390625,58284039825,0.10238907033660749,0.09747970680195452,0.05520211051782689
2021-04-27 00:00:00+00:00,54030.3046875,55416.96484375,53319.1875,55033.1171875,55033.1171875,49448222757,0.018721407731506323,0.01854831914865377,0.050339526656087485
2021-04-28 00:00:00+00:00,55036.63671875,56227.20703125,53887.91796875,54824.703125,54824.703125,48000572955,-0.003787066282106566,-0.0037942553737364284,0.04934323889208494
2021-04-29 00:00:00+00:00,54858.08984375,55115.84375,52418.02734375,53555.109375,53555.109375,46088929780,-0.02315733013830157,-0.023429673825133245,0.049850748255356535
2021-04-30 00:00:00+00:00,53568.6640625,57900.71875,53129.6015625,57750.17578125,57750.17578125,52395931985,0.07833176806484676,0.07541518772096198,0.05172894555099549
2021-05-01 00:00:00+00:00,57714.6640625,58448.33984375,57052.2734375,57828.05078125,57828.05078125,42836427360,0.0013484807439372304,0.0013475723603123622,0.037647976781685986
2021-05-02 00:00:00+00:00,57825.86328125,57902.59375,56141.90625,56631.078125,56631.078125,38177405335,-0.020698824187899145,-0.020916047590224387,0.04039257599412865
2021-05-03 00:00:00+00:00,56620.2734375,58973.30859375,56590.87109375,57200.29296875,57200.29296875,51713139031,0.010051280367532334,0.010001102205402288,0.040049530156201635
2021-05-04 00:00:00+00:00,57214.1796875,57214.1796875,53191.42578125,53333.5390625,53333.5390625,68564706967,-0.06760024652955021,-0.06999363622377694,0.052731492314775315
2021-05-05 00:00:00+00:00,53252.1640625,57911.36328125,52969.0546875,57424.0078125,57424.0078125,69241316747,0.07669599321369813,0.07389708647447689,0.052184268559573976
2021-05-06 00:00:00+00:00,57441.30859375,58363.31640625,55382.5078125,56396.515625,56396.515625,69523285106,-0.01789307689659958,-0.018055093557641698,0.052672837456816876
2021-05-07 00:00:00+00:00,56413.953125,58606.6328125,55321.84765625,57356.40234375,57356.40234375,68434023376,0.017020319573156195,0.016877096781434925,0.05253175302094941
2021-05-08 00:00:00+00:00,57352.765625,59464.61328125,56975.2109375,58803.77734375,58803.77734375,65382980634,0.02523475916996243,0.024921619702789645,0.053476458133332766
2021-05-09 00:00:00+00:00,58877.390625,59210.8828125,56482.00390625,58232.31640625,58232.31640625,65906690347,-0.009718099130935132,-0.009765628034028508,0.03620652849631709
2021-05-10 00:00:00+00:00,58250.87109375,59519.35546875,54071.45703125,55859.796875,55859.796875,71776546298,-0.04074231762821234,-0.041595541159714526,0.02694865808653747
2021-05-11 00:00:00+00:00,55847.2421875,56872.54296875,54608.65234375,56704.57421875,56704.57421875,61308396325,0.01512317249631967,0.015009957344289306,0.027160834936435452
2021-05-12 00:00:00+00:00,56714.53125,57939.36328125,49150.53515625,49150.53515625,49150.53515625,75215403907,-0.1332174549686006,-0.142967146773037,0.0677197846680936
2021-05-13 00:00:00+00:00,49735.43359375,51330.84375,46980.01953125,49716.19140625,49716.19140625,96721152926,0.011508648851976444,0.011442928110092723,0.06516319701518107
2021-05-14 00:00:00+00:00,49682.98046875,51438.1171875,48868.578125,49880.53515625,49880.53515625,55737497453,0.00330563837155351,0.003300186759766157,0.06660278022136878
2021-05-15 00:00:00+00:00,49855.49609375,50639.6640625,46664.140625,46760.1875,46760.1875,59161047474,-0.06255641898138342,-0.06459870319528387,0.06829394442456821
2021-05-16 00:00:00+00:00,46716.63671875,49720.04296875,43963.3515625,46456.05859375,46456.05859375,64047871555,-0.0065040138312105755,-0.006525257090234029,0.06490201061885216
2021-05-17 00:00:00+00:00,46415.8984375,46623.55859375,42207.2890625,43537.51171875,43537.51171875,74903638450,-0.06282381595309616,-0.0648839844864655,0.037504342813832324
2021-05-18 00:00:00+00:00,43488.05859375,45812.45703125,42367.83203125,42909.40234375,42909.40234375,56187365084,-0.014426855146374762,-0.014531934084628221,0.032831638066735724
2021-05-19 00:00:00+00:00,42944.9765625,43546.1171875,30681.49609375,37002.44140625,37002.44140625,126358098747,-0.13766122609163733,-0.14810707635188664,0.05642336679100288
2021-05-20 00:00:00+00:00,36753.66796875,42462.984375,35050.6171875,40782.73828125,40782.73828125,88281943359,0.10216344466291027,0.0972750161239599,0.08961087928855276
2021-05-21 00:00:00+00:00,40596.94921875,42172.171875,33616.453125,37304.69140625,37304.69140625,82051616861,-0.08528232829817228,-0.08913981683679192,0.09238364215245141
2021-05-22 00:00:00+00:00,37371.03125,38831.0546875,35383.68359375,37536.6328125,37536.6328125,57377273240,0.006217486259949112,0.0061982374372439785,0.09380129048935087
2021-05-23 00:00:00+00:00,37531.44921875,38289.21875,31227.33984375,34770.58203125,34770.58203125,78469274361,-0.0736893688644572,-0.07654564579833298,0.09538717870700043
2021-05-24 00:00:00+00:00,34700.36328125,39835.140625,34551.08203125,38705.98046875,38705.98046875,67359584098,0.11318183957815453,0.10722243682664231,0.09273275659684496
2021-05-25 00:00:00+00:00,38795.78125,39776.3515625,36581.4296875,38402.22265625,38402.22265625,56211915803,-0.007847826326095597,-0.007878782581024249,0.07854749730630117
2021-05-26 00:00:00+00:00,38392.625,40782.078125,37905.8359375,39294.19921875,39294.19921875,51346735160,0.023227211885217036,0.022961565812768543,0.06603728279789087
2021-05-27 00:00:00+00:00,39316.890625,40379.6171875,37247.90234375,38436.96875,38436.96875,43210968721,-0.021815700174415475,-0.02205718107153495,0.0676745042787722
2021-05-28 00:00:00+00:00,38507.08203125,38856.96875,34779.0390625,35697.60546875,35697.60546875,55200191952,-0.07126897282320166,-0.07393611150144239,0.06689649466480518
2021-05-29 00:00:00+00:00,35684.15625,37234.5,33693.9296875,34616.06640625,34616.06640625,45231013335,-0.03029724398312339,-0.030765691542153008,0.03533620504393138
2021-05-30 00:00:00+00:00,34607.40625,36400.66796875,33520.73828125,35678.12890625,35678.12890625,31646080921,0.03068120125307594,0.030219944078986264,0.04259502664318932
2021-05-31 00:00:00+00:00,35658.59375,37468.25,34241.9453125,37332.85546875,37332.85546875,39009847639,0.04637929771620186,0.04533591723246496,0.04833175470464375
2021-06-01 00:00:00+00:00,37293.79296875,37896.734375,35787.0859375,36684.92578125,36684.92578125,34639423297,-0.017355481635803582,-0.01750785357311659,0.048095936379613506
2021-06-02 00:00:00+00:00,36699.921875,38231.33984375,35966.30859375,37575.1796875,37575.1796875,33070867190,0.02426756732611457,0.02397778870231388,0.032676665238601424
2021-06-03 00:00:00+00:00,37599.41015625,39478.953125,37243.97265625,39208.765625,39208.765625,35460750427,0.043475133082156336,0.042556616951370016,0.025283195013023032
2021-06-04 00:00:00+00:00,39242.484375,39242.484375,35717.72265625,36894.40625,36894.40625,41831090187,-0.05902658087058821,-0.06084038726712561,0.04534500262245123
2021-06-05 00:00:00+00:00,36880.15625,37917.71484375,34900.4140625,35551.95703125,35551.95703125,35959473399,-0.03638625350557034,-0.03706474257477647,0.04269089401233681
2021-06-06 00:00:00+00:00,35538.609375,36436.421875,35304.578125,35862.37890625,35862.37890625,28913440585,0.008731498936251025,0.008693599850188834,0.043110544380271676
2021-06-07 00:00:00+00:00,35835.265625,36790.5703125,33480.640625,33560.70703125,33560.70703125,33683936663,-0.06418068028941804,-0.06633285563534304,0.04692758451147458
2021-06-08 00:00:00+00:00,33589.51953125,34017.38671875,31114.443359375,33472.6328125,33472.6328125,49902050442,-0.0026243254847995168,-0.002627775063457771,0.033742380615206194
2021-06-09 00:00:00+00:00,33416.9765625,37537.37109375,32475.865234375,37345.12109375,37345.12109375,53972919008,0.11569117681725527,0.10947410238213756,0.0667297134357689
2021-06-10 00:00:00+00:00,37389.515625,38334.32421875,35847.59375,36702.59765625,36702.59765625,43576032854,-0.01720501684509279,-0.017354742993128305,0.06435328982834106
2021-06-11 00:00:00+00:00,36697.03125,37608.6953125,36044.44921875,37334.3984375,37334.3984375,38699736985,0.01721406171757467,0.017067578415986145,0.06453756698923735
2021-06-12 00:00:00+00:00,37340.14453125,37408.92578125,34728.19140625,35552.515625,35552.515625,37924228550,-0.047727642256857994,-0.048904195040405544,0.05981382545851882
2021-06-13 00:00:00+00:00,35555.7890625,39322.78125,34864.109375,39097.859375,39097.859375,40669112838,0.09972131894675185,0.09505680129465752,0.06924306717089668
2021-06-14 00:00:00+00:00,39016.96875,40978.36328125,38757.28515625,40218.4765625,40218.4765625,43148914673,0.028661855288592664,0.02825878796632069,0.05412851354772394
2021-06-15 00:00:00+00:00,40427.16796875,41295.26953125,39609.46875,40406.26953125,40406.26953125,46420149185,0.004669320789865594,0.004658453327527578,0.05169743066255353
2021-06-16 00:00:00+00:00,40168.69140625,40516.77734375,38176.03515625,38347.0625,38347.0625,39211635100,-0.05096256237308472,-0.052307031596144006,0.06091069680383872
2021-06-17 00:00:00+00:00,38341.421875,39513.671875,37439.67578125,38053.50390625,38053.50390625,37096670047,-0.007655308506355651,-0.007684760787668957,0.05414522045224145
2021-06-18 00:00:00+00:00,38099.4765625,38187.26171875,35255.85546875,35787.24609375,35787.24609375,36200887275,-0.0595545108824469,-0.06140159139173661,0.03814410588558642
2021-06-19 00:00:00+00:00,35854.52734375,36457.796875,34933.0625,35615.87109375,35615.87109375,31207279719,-0.004788717174578294,-0.004800219817294286,0.03023169394814839
2021-06-20 00:00:00+00:00,35563.140625,36059.484375,33432.07421875,35698.296875,35698.296875,36664034054,0.002314299179515533,0.0023116253137915738,0.02968279527613994
2021-06-21 00:00:00+00:00,35641.14453125,35721.640625,31295.935546875,31676.693359375,31676.693359375,52809038594,-0.11265533282181261,-0.119521795848678,0.052056371793815115
2021-06-22 00:00:00+00:00,31622.376953125,33292.453125,28893.62109375,32505.66015625,32505.66015625,58964353058,0.02616961270137308,0.025833047609393114,0.058705031901897575
2021-06-23 00:00:00+00:00,32515.71484375,34753.41015625,31772.6328125,33723.02734375,33723.02734375,46317108925,0.0374509295196066,0.03676667515561315,0.06250410920678665
2021-06-24 00:00:00+00:00,33682.80078125,35228.8515625,32385.21484375,34662.4375,34662.4375,33123368116,0.027856637741157764,0.027475699857643344,0.06503382431298196
2021-06-25 00:00:00+00:00,34659.10546875,35487.24609375,31350.884765625,31637.779296875,31637.779296875,40230904226,-0.0872604012088013,-0.09130465397426267,0.07496646957094007
2021-06-26 00:00:00+00:00,31594.6640625,32637.587890625,30184.501953125,32186.27734375,32186.27734375,38585385521,0.017336806155961115,0.01718823840092292,0.053280123472411685
2021-06-27 00:00:00+00:00,32287.5234375,34656.12890625,32071.7578125,34649.64453125,34649.64453125,35511640894,0.07653470332064805,0.0737472744793095,0.06197051789403395
2021-06-28 00:00:00+00:00,34679.12109375,35219.890625,33902.07421875,34434.3359375,34434.3359375,33892523752,-0.006213875976586625,-0.006233262455755746,0.06078088641499891
2021-06-29 00:00:00+00:00,34475.55859375,36542.109375,34252.484375,35867.77734375,35867.77734375,37901460044,0.04162825758718758,0.040785121124139886,0.06232821170949189
2021-06-30 00:00:00+00:00,35908.38671875,36074.7578125,34086.15234375,35040.8359375,35040.8359375,34059036099,-0.02305527321430456,-0.02332520296585249,0.03838300097015062
2021-07-01 00:00:00+00:00,35035.984375,35035.984375,32883.78125,33572.1171875,33572.1171875,37838957079,-0.04191448950075438,-0.04281824560087459,0.04786174636470346
2021-07-02 00:00:00+00:00,33549.6015625,33939.58984375,32770.6796875,33897.046875,33897.046875,38728974942,0.00967855812266083,0.00963202091343982,0.031922085648358696
2021-07-03 00:00:00+00:00,33854.421875,34909.26171875,33402.6953125,34668.546875,34668.546875,24383958643,0.022760094790705843,0.022504948021345134,0.03402554875042539
2021-07-04 00:00:00+00:00,34665.56640625,35937.56640625,34396.4765625,35287.78125,35287.78125,24924307911,0.017861561294527206,0.017703918010918158,0.028447274790001156
2021-07-05 00:00:00+00:00,35284.34375,35284.34375,33213.66015625,33746.00390625,33746.00390625,26721554282,-0.043691535402215154,-0.04467475626166748,0.03338553907417032
2021-07-06 00:00:00+00:00,33723.5078125,35038.53515625,33599.91796875,34235.1953125,34235.1953125,26501259870,0.014496276584600176,0.014392210079461632,0.02756420253056629
2021-07-07 00:00:00+00:00,34225.6796875,34997.6640625,33839.2890625,33855.328125,33855.328125,24796027477,-0.011095808977648836,-0.011157826650301255,0.02804935262243117
2021-07-08 00:00:00+00:00,33889.60546875,33907.90625,32133.18359375,32877.37109375,32877.37109375,29910396946,-0.028886355129662422,-0.029311778537964177,0.027098213571428668
2021-07-09 00:00:00+00:00,32861.671875,34042.29296875,32318.880859375,33798.01171875,33798.01171875,27436021028,0.02800225791699673,0.02761736344787324,0.029905032154363565
2021-07-10 00:00:00+00:00,33811.2421875,34209.0703125,33116.01171875,33520.51953125,33520.51953125,22971873468,-0.008210311003178261,-0.0082442012335933,0.022430500650004213
2021-07-11 00:00:00+00:00,33509.078125,34584.703125,33346.73828125,34240.1875,34240.1875,20108729370,0.021469475378479208,0.021242252673874872,0.023799118266103012
2021-07-12 00:00:00+00:00,34254.015625,34592.15625,32697.30859375,33155.84765625,33155.84765625,24321499537,-0.031668630428790756,-0.032180926347831006,0.027791811071729313
2021-07-13 00:00:00+00:00,33125.46875,33327.1015625,32261.419921875,32702.025390625,32702.025390625,19120856669,-0.013687548281983153,-0.013782086425800635,0.025008785869552567
2021-07-14 00:00:00+00:00,32723.845703125,33061.3984375,31639.125,32822.34765625,32822.34765625,21376531210,0.003679352094793975,0.0036725998364308425,0.01991630977766004
2021-07-15 00:00:00+00:00,32827.875,33159.640625,31175.708984375,31780.73046875,31780.73046875,21300524237,-0.031734999531688124,-0.032249468356842406,0.023249623551062217
2021-07-16 00:00:00+00:00,31841.55078125,32218.40625,31100.673828125,31421.5390625,31421.5390625,23699476918,-0.011302175908234458,-0.01136653085848622,0.015266710677837815
2021-07-17 00:00:00+00:00,31397.30859375,31935.9453125,31223.990234375,31533.068359375,31533.068359375,18895018942,0.003549453661488622,0.003543169217346287,0.01484554813193891
2021-07-18 00:00:00+00:00,31533.884765625,32398.99609375,31215.4921875,31796.810546875,31796.810546875,18787986667,0.008363987433579023,0.008329203113175575,0.016636160789885328
2021-07-19 00:00:00+00:00,31800.01171875,31885.859375,30563.734375,30817.83203125,30817.83203125,20434789545,-0.030788575922789052,-0.031272502988710885,0.018940161192496308
2021-07-20 00:00:00+00:00,30838.28515625,31006.1875,29360.955078125,29807.34765625,29807.34765625,23148267245,-0.03278895069501786,-0.033338555734212405,0.01922667848476231
2021-07-21 00:00:00+00:00,29796.28515625,32752.326171875,29526.18359375,32110.693359375,32110.693359375,28203024559,0.07727442675168827,0.07443417235693212,0.04363961963181943
2021-07-22 00:00:00+00:00,32138.873046875,32576.400390625,31745.298828125,32313.10546875,32313.10546875,19555230518,0.006303573302191001,0.006283788882169604,0.04364433448809275
2021-07-23 00:00:00+00:00,32305.958984375,33581.55078125,32057.892578125,33581.55078125,33581.55078125,22552046192,0.03925482537500802,0.038503942271904575,0.04624782550451395
2021-07-24 00:00:00+00:00,33593.73046875,34490.390625,33424.859375,34292.4453125,34292.4453125,21664706865,0.021169199000986128,0.020948244356669858,0.03978120162894522
2021-07-25 00:00:00+00:00,34290.29296875,35364.92578125,33881.8359375,35350.1875,35350.1875,20856685287,0.030844758309330533,0.030378619797658737,0.025528408879422773
2021-07-26 00:00:00+00:00,35384.03125,40499.67578125,35287.3125,37337.53515625,37337.53515625,51022126212,0.05621887171744144,0.05469542869161192,0.018211166269720115
2021-07-27 00:00:00+00:00,37276.03515625,39406.94140625,36441.7265625,39406.94140625,39406.94140625,35097370560,0.055424286615063156,0.0539428534880362,0.014728107386022132
2021-07-28 00:00:00+00:00,39503.1875,40816.0703125,38862.4375,39995.90625,39995.90625,38702404695,0.014945713184850051,0.01483512651645551,0.018521371072835028
2021-07-29 00:00:00+00:00,39995.453125,40593.0703125,39352.05859375,40008.421875,40008.421875,27167146027,0.00031292265067750513,0.00031287370059631146,0.023932704391659596
2021-07-30 00:00:00+00:00,40027.484375,42235.546875,38397.35546875,42235.546875,42235.546875,33072782960,0.055666404612466414,0.0541722306526184,0.026088236484277685
2021-07-31 00:00:00+00:00,42196.3046875,42231.44921875,41110.83203125,41626.1953125,41626.1953125,25802845343,-0.014427457617713135,-0.014532545375150554,0.031270472248662376
2021-08-01 00:00:00+00:00,41460.84375,42541.6796875,39540.94140625,39974.89453125,39974.89453125,26688438115,-0.039669750474507826,-0.04047804375571393,0.035226137932734096
2021-08-02 00:00:00+00:00,39907.26171875,40419.1796875,38746.34765625,39201.9453125,39201.9453125,25595265436,-0.019335866368471732,-0.01952524946480863,0.03565537947888809
2021-08-03 00:00:00+00:00,39178.40234375,39750.03125,37782.05078125,38152.98046875,38152.98046875,26189830450,-0.02675797936526192,-0.0271224912051319,0.036912655176186
2021-08-04 00:00:00+00:00,38213.33203125,39952.296875,37589.1640625,39747.50390625,39747.50390625,25372562724,0.041792893187100555,0.04094316463847637,0.031247432981292445
2021-08-05 00:00:00+00:00,39744.515625,41341.93359375,37458.00390625,40869.5546875,40869.5546875,35185031017,0.02822946527400849,0.027838357371246687,0.03584463488846953
2021-08-06 00:00:00+00:00,40865.8671875,43271.66015625,39932.1796875,42816.5,42816.5,38226483046,0.04763803587748594,0.04653814062641624,0.034607852169832504
2021-08-07 00:00:00+00:00,42832.796875,44689.859375,42618.56640625,44555.80078125,44555.80078125,40030862141,0.04062220829002827,0.03981881145877593,0.030251711954951153
2021-08-08 00:00:00+00:00,44574.4375,45282.3515625,43331.91015625,43798.1171875,43798.1171875,36302664750,-0.017005273846830926,-0.017151523902089738,0.025926570531777028
2021-08-09 00:00:00+00:00,43791.92578125,46456.83203125,42848.6875,46365.40234375,46365.40234375,38734079049,0.058616336068955555,0.056962712090068326,0.028816815826713662
2021-08-10 00:00:00+00:00,46280.84765625,46637.98828125,44705.5546875,45585.03125,45585.03125,33546019517,-0.016830892309838696,-0.01697414139260822,0.036033724542032436
2021-08-11 00:00:00+00:00,45599.703125,46735.6328125,45351.7109375,45593.63671875,45593.63671875,34319709073,0.00018877838873909702,0.0001887605723412682,0.033995334129444194
2021-08-12 00:00:00+00:00,45576.87890625,46228.91015625,43861.4453125,44428.2890625,44428.2890625,33723620826,-0.02555943636254754,-0.025891753544200504,0.033525447869813325
2021-08-13 00:00:00+00:00,44439.69140625,47831.9765625,44282.41796875,47793.3203125,47793.3203125,31744259539,0.07574073458615982,0.07300947971891747,0.04474815441668602
2021-08-14 00:00:00+00:00,47810.6875,48098.68359375,46177.6328125,47096.9453125,47096.9453125,31211354442,-0.01457055076832292,-0.014677743757973101,0.040172587010878676
2021-08-15 00:00:00+00:00,47096.66796875,47357.10546875,45579.58984375,47047.00390625,47047.00390625,30988958446,-0.0010603958689597848,-0.0010609584864258955,0.038788076299385334
2021-08-16 00:00:00+00:00,47019.9609375,47998.09765625,45700.3203125,46004.484375,46004.484375,32776876610,-0.02215910567498447,-0.02240830692116523,0.04093704401729816
2021-08-17 00:00:00+00:00,45936.45703125,47139.5703125,44512.41796875,44695.359375,44695.359375,33451362600,-0.028456465011732934,-0.02886919903458737,0.04145878958325352
2021-08-18 00:00:00+00:00,44686.75,45952.0625,44364.02734375,44801.1875,44801.1875,32194123075,0.002367765389513554,0.002364966650012081,0.013432806177110209
2021-08-19 00:00:00+00:00,44741.8828125,46970.76171875,43998.31640625,46717.578125,46717.578125,37204312299,0.04277544261522093,0.04188585333234935,0.027765195312363728
2021-08-20 00:00:00+00:00,46723.12109375,49342.15234375,46650.70703125,49339.17578125,49339.17578125,34706867452,0.056115872471717454,0.05459790698385328,0.037496359429746086
2021-08-21 00:00:00+00:00,49327.07421875,49717.01953125,48312.19921875,48905.4921875,48905.4921875,40585205312,-0.008789842693618932,-0.008828701235467067,0.035015857553868754
2021-08-22 00:00:00+00:00,48869.10546875,49471.609375,48199.94140625,49321.65234375,49321.65234375,25370975378,0.00850947690403503,0.008473475397263706,0.02715925726881524
2021-08-23 00:00:00+00:00,49291.67578125,50482.078125,49074.60546875,49546.1484375,49546.1484375,34305053719,0.004551674225862445,0.0045413466832814305,0.026827414813499526
2021-08-24 00:00:00+00:00,49562.34765625,49878.76953125,47687.1171875,47706.1171875,47706.1171875,35361168834,-0.037137725293038826,-0.03784489433094968,0.03352554098042258
2021-08-25 00:00:00+00:00,47727.2578125,49202.87890625,47163.61328125,48960.7890625,48960.7890625,32646349931,0.02630002081428562,0.02596012195042943,0.023794325437066267
2021-08-26 00:00:00+00:00,49002.640625,49347.58203125,46405.78125,46942.21875,46942.21875,32666549568,-0.04122830434622349,-0.0421022974523753,0.030147329928204507
2021-08-27 00:00:00+00:00,46894.5546875,49112.78515625,46394.28125,49058.66796875,49058.66796875,34511076995,0.04508626296557394,0.04409943030226678,0.03820482437667588
2021-08-28 00:00:00+00:00,49072.5859375,49283.50390625,48499.23828125,48902.40234375,48902.40234375,28568103401,-0.003185280633781984,-0.0031903644385737097,0.038077220060168455
2021-08-29 00:00:00+00:00,48911.25,49644.11328125,47925.85546875,48829.83203125,48829.83203125,25889650240,-0.0014839825657210204,-0.0014850847584068098,0.03276914151680752
2021-08-30 00:00:00+00:00,48834.8515625,48925.60546875,46950.2734375,47054.984375,47054.984375,31847007016,-0.0363476092875793,-0.03702463994727715,0.034587953543345304
2021-08-31 00:00:00+00:00,47024.33984375,48189.55078125,46750.09375,47166.6875,47166.6875,34730363427,0.0023738850726162664,0.002371071858731938,0.028848909129678746
2021-09-01 00:00:00+00:00,47099.7734375,49111.08984375,46562.4375,48847.02734375,48847.02734375,39139399125,0.03562556399047523,0.03500565378801719,0.025546464284297857
2021-09-02 00:00:00+00:00,48807.84765625,50343.421875,48652.3203125,49327.72265625,49327.72265625,39508070319,0.009840830417728652,0.00979272478817146,0.025908234731870355
2021-09-03 00:00:00+00:00,49288.25,50982.2734375,48386.0859375,50025.375,50025.375,43206179619,0.014143210068944922,0.014044128006187486,0.026353158175305834
2021-09-04 00:00:00+00:00,50009.32421875,50545.58203125,49548.78125,49944.625,49944.625,37471327794,-0.0016141808032423821,-0.0016154849967335088,0.014286147245239902
2021-09-05 00:00:00+00:00,49937.859375,51868.6796875,49538.59765625,51753.41015625,51753.41015625,30322676319,0.03621581213694158,0.035575435016673145,0.01631175163396705
2021-09-06 00:00:00+00:00,51769.00390625,52700.94140625,51053.6796875,52633.53515625,52633.53515625,38884105426,0.017006125728580734,0.0168631403802205,0.013517585199958835
2021-09-07 00:00:00+00:00,52660.48046875,52853.765625,43285.20703125,46811.12890625,46811.12890625,65210059683,-0.1106216071695616,-0.11723249529729855,0.061124581618599676
2021-09-08 00:00:00+00:00,46827.76171875,47334.0546875,44561.39453125,46091.390625,46091.390625,49007762488,-0.015375366885328479,-0.015494793572991005,0.059570281827386794
2021-09-09 00:00:00+00:00,45774.7421875,47261.94921875,45669.73828125,46391.421875,46391.421875,38672657013,0.006509485739778498,0.006488390533953229,0.06017957572992943
2021-09-10 00:00:00+00:00,46396.6640625,47031.7421875,44344.484375,44883.91015625,44883.91015625,39154666597,-0.032495484247323514,-0.03303518664446581,0.053256829198079426
2021-09-11 00:00:00+00:00,44869.83984375,45969.29296875,44818.265625,45201.45703125,45201.45703125,34499835245,0.0070748487352050304,0.0070499394103558715,0.05131333378522533
2021-09-12 00:00:00+00:00,45206.62890625,46364.87890625,44790.4609375,46063.26953125,46063.26953125,27881980161,0.019066033632592516,0.01888655452823882,0.020784851226751354
2021-09-13 00:00:00+00:00,46057.21484375,46598.6796875,43591.3203125,44963.07421875,44963.07421875,40969943253,-0.023884438158555232,-0.024174296052118335,0.0223683240531324
2021-09-14 00:00:00+00:00,44960.05078125,47218.125,44752.33203125,47092.4921875,47092.4921875,38652152880,0.0473592610325122,0.046272006777909304,0.03231960796803761
2021-09-15 00:00:00+00:00,47098.0,48450.46875,46773.328125,48176.34765625,48176.34765625,30484496466,0.023015462091804384,0.022754601314508963,0.025726735408456807
2021-09-16 00:00:00+00:00,48158.90625,48486.828125,47079.55859375,47783.359375,47783.359375,31764293754,-0.008157286726135138,-0.0081907394359386,0.027613123468381604
2021-09-17 00:00:00+00:00,47771.00390625,48160.921875,46832.5234375,47267.51953125,47267.51953125,28727713711,-0.010795386730801604,-0.010854079709278335,0.028700875434337917
2021-09-18 00:00:00+00:00,47273.52734375,48791.78125,47087.28515625,48278.36328125,48278.36328125,28575630451,0.021385589090024082,0.02116012615402399,0.023870935638764954
2021-09-19 00:00:00+00:00,48268.85546875,48328.3671875,46919.8046875,47260.21875,47260.21875,26967722648,-0.021089044077959085,-0.021314594702563614,0.020013782594911385
2021-09-20 00:00:00+00:00,47261.40625,47328.19921875,42598.9140625,42843.80078125,42843.80078125,43909845642,-0.09344895316951951,-0.09810793836995628,0.04460922734951305
2021-09-21 00:00:00+00:00,43012.234375,43607.609375,39787.609375,40693.67578125,40693.67578125,48701090088,-0.050185206746199196,-0.051488267863326775,0.04510350817359904
2021-09-22 00:00:00+00:00,40677.953125,43978.62109375,40625.6328125,43574.5078125,43574.5078125,38139709246,0.07079311406361999,0.06839960199678301,0.06429070370127515
2021-09-23 00:00:00+00:00,43560.296875,44942.17578125,43109.33984375,44895.09765625,44895.09765625,34244064430,0.0303064775724482,0.02985630902322461,0.0656594992788087
2021-09-24 00:00:00+00:00,44894.30078125,45080.4921875,40936.55859375,42839.75,42839.75,42839345714,-0.04578111561282838,-0.04686219528987527,0.06729307832117586
2021-09-25 00:00:00+00:00,42840.890625,42996.2578125,41759.921875,42716.59375,42716.59375,31604717236,-0.002874812528084303,-0.002878952738409655,0.05104784970835324
2021-09-26 00:00:00+00:00,42721.62890625,43919.30078125,40848.4609375,43208.5390625,43208.5390625,30661222077,0.011516492054097771,0.011450682044497961,0.042385745415383674
2021-09-27 00:00:00+00:00,43234.18359375,44313.24609375,42190.6328125,42235.73046875,42235.73046875,30980029059,-0.02251426719942695,-0.022771582829569807,0.029793692157170704
2021-09-28 00:00:00+00:00,42200.8984375,42775.14453125,40931.6640625,41034.54296875,41034.54296875,30214940550,-0.02844007873591181,-0.028852332947741827,0.0227461794986315
2021-09-29 00:00:00+00:00,41064.984375,42545.2578125,40829.66796875,41564.36328125,41564.36328125,30602359905,0.012911568502261384,0.012828924814572349,0.019185285977215957
2021-09-30 00:00:00+00:00,41551.26953125,44092.6015625,41444.58203125,43790.89453125,43790.89453125,31141681925,0.05356827518164842,0.05218276011816411,0.03258202055667048
2021-10-01 00:00:00+00:00,43816.7421875,48436.01171875,43320.0234375,48116.94140625,48116.94140625,42850641582,0.09878873042688929,0.09420841893127979,0.051957824545280966
2021-10-02 00:00:00+00:00,48137.46875,48282.0625,47465.49609375,47711.48828125,47711.48828125,30614346492,-0.008426411013467638,-0.008462113921141138,0.04923087092982944
2021-10-03 00:00:00+00:00,47680.02734375,49130.69140625,47157.2890625,48199.953125,48199.953125,26638115879,0.010237887379882071,0.010185835179136425,0.04110238315569238
2021-10-04 00:00:00+00:00,48208.90625,49456.77734375,47045.00390625,49112.90234375,49112.90234375,33383173002,0.018940873580984396,0.018763728593427256,0.040484587855607275
2021-10-05 00:00:00+00:00,49174.9609375,51839.984375,49072.83984375,51514.8125,51514.8125,35873904236,0.048905889117254686,0.047747610534684515,0.040015371533307524
2021-10-06 00:00:00+00:00,51486.6640625,55568.46484375,50488.19140625,55361.44921875,55361.44921875,49034730168,0.0746704982911468,0.07201410137731079,0.03185645835197324
2021-10-07 00:00:00+00:00,55338.625,55338.625,53525.46875,53805.984375,53805.984375,36807860413,-0.02809653406297008,-0.028498794333346032,0.03822194069480621
2021-10-08 00:00:00+00:00,53802.14453125,55922.98046875,53688.0546875,53967.84765625,53967.84765625,34800873924,0.0030082765538104184,0.0030037607441677503,0.0389999099332729
2021-10-09 00:00:00+00:00,53929.78125,55397.9453125,53735.14453125,54968.22265625,54968.22265625,32491211414,0.01853649985027972,0.01836679291081593,0.03901008933409862
2021-10-10 00:00:00+00:00,54952.8203125,56401.3046875,54264.2578125,54771.578125,54771.578125,39527792364,-0.003577422040362044,-0.003583836316874845,0.0374360453979554
2021-10-11 00:00:00+00:00,54734.125,57793.0390625,54519.765625,57484.7890625,57484.7890625,42637331698,0.04953684064585273,0.04834896270757248,0.028397631870065942
2021-10-12 00:00:00+00:00,57526.83203125,57627.87890625,54477.97265625,56041.05859375,56041.05859375,41083758949,-0.025114999851183484,-0.02543576350608531,0.027443164731645597
2021-10-13 00:00:00+00:00,56038.2578125,57688.66015625,54370.97265625,57401.09765625,57401.09765625,41684252783,0.02426861834211813,0.023978814816483514,0.028058004137045872
2021-10-14 00:00:00+00:00,57372.83203125,58478.734375,56957.07421875,57321.5234375,57321.5234375,36615791366,-0.001386283921372633,-0.0013872457018979745,0.02838520409247717
2021-10-15 00:00:00+00:00,57345.90234375,62757.12890625,56868.14453125,61593.94921875,61593.94921875,51780081801,0.07453440740995654,0.0718874583745788,0.03864300701535594
2021-10-16 00:00:00+00:00,61609.52734375,62274.4765625,60206.12109375,60892.1796875,60892.1796875,34250964237,-0.01139348166745524,-0.011458884632588321,0.03827468692008383
2021-10-17 00:00:00+00:00,60887.65234375,61645.5234375,59164.46875,61553.6171875,61553.6171875,29032367511,0.01086243756414218,0.010803865067540788,0.03252750884647166
2021-10-18 00:00:00+00:00,61548.8046875,62614.66015625,60012.7578125,62026.078125,62026.078125,38055562075,0.007675599893030238,0.007646292349290159,0.032692661189637054
2021-10-19 00:00:00+00:00,62043.1640625,64434.53515625,61622.93359375,64261.9921875,64261.9921875,40471196346,0.036047967727284025,0.03541344366049976,0.0320775378675547
2021-10-20 00:00:00+00:00,64284.5859375,66930.390625,63610.67578125,65992.8359375,65992.8359375,40788955582,0.026934175102288238,0.026577834542035658,0.018133326617184815
2021-10-21 00:00:00+00:00,66002.234375,66600.546875,62117.41015625,62210.171875,62210.171875,45908121370,-0.057319313661295834,-0.059027668390729156,0.03717606191552961
2021-10-22 00:00:00+00:00,62237.890625,63715.0234375,60122.796875,60692.265625,60692.265625,38434082775,-0.024399647264276236,-0.02470225108270476,0.03896699581730449
2021-10-23 00:00:00+00:00,60694.62890625,61743.87890625,59826.5234375,61393.6171875,61393.6171875,26882546034,0.011555863919028075,0.011489604888576206,0.03926182177440485
2021-10-24 00:00:00+00:00,61368.34375,61505.8046875,59643.34375,60930.8359375,60930.8359375,27316183882,-0.007537937512081094,-0.007566491344887265,0.033254496936173536
2021-10-25 00:00:00+00:00,60893.92578125,63729.32421875,60691.80078125,63039.82421875,63039.82421875,31064911614,0.0346128236844363,0.03402727333400422,0.03543455892760953
2021-10-26 00:00:00+00:00,63032.76171875,63229.02734375,59991.16015625,60363.79296875,60363.79296875,34878965587,-0.04244985266320056,-0.04337718610106227,0.03023800460697161
2021-10-27 00:00:00+00:00,60352.0,61435.18359375,58208.1875,58482.38671875,58482.38671875,43657076893,-0.03116779376295975,-0.03166384386368273,0.03144898354344146
2021-10-28 00:00:00+00:00,58470.73046875,62128.6328125,58206.91796875,60622.13671875,60622.13671875,45257083247,0.03658793903693369,0.03593449158802419,0.03660119895186524
2021-10-29 00:00:00+00:00,60624.87109375,62927.609375,60329.96484375,62227.96484375,62227.96484375,36856881767,0.02648913766352501,0.026144375505153635,0.038497087205729925
2021-10-30 00:00:00+00:00,62239.36328125,62330.14453125,60918.38671875,61888.83203125,61888.83203125,32157938616,-0.005449845794435637,-0.0054647503804892625,0.03471652563562306
2021-10-31 00:00:00+00:00,61850.48828125,62406.171875,60074.328125,61318.95703125,61318.95703125,32241199927,-0.009208042570786446,-0.009250698649359285,0.027584228558545386
2021-11-01 00:00:00+00:00,61320.44921875,62419.00390625,59695.18359375,61004.40625,61004.40625,36150572843,-0.005129747739996526,-0.005142950065019365,0.020977317096322563
2021-11-02 00:00:00+00:00,60963.25390625,64242.79296875,60673.0546875,63226.40234375,63226.40234375,37746665647,0.03642353446805324,0.0357758773484733,0.020925407522175688
2021-11-03 00:00:00+00:00,63254.3359375,63516.9375,61184.23828125,62970.046875,62970.046875,36124731509,-0.004054563588107407,-0.004062805617150114,0.018776328145206647
2021-11-04 00:00:00+00:00,62941.8046875,63123.2890625,60799.6640625,61452.23046875,61452.23046875,32615846901,-0.024103783966732184,-0.02439903425460908,0.022325623417447146
2021-11-05 00:00:00+00:00,61460.078125,62541.46875,60844.609375,61125.67578125,61125.67578125,30605102446,-0.005313959884109654,-0.005328129187967981,0.02204868576328838
2021-11-06 00:00:00+00:00,61068.875,61590.68359375,60163.78125,61527.48046875,61527.48046875,29094934221,0.006573419146120196,0.006551908440948538,0.022070740042269138
2021-11-07 00:00:00+00:00,61554.921875,63326.98828125,61432.48828125,63326.98828125,63326.98828125,24726754302,0.029247220896912562,0.028827681539784322,0.019452927613391364
2021-11-08 00:00:00+00:00,63344.06640625,67673.7421875,63344.06640625,67566.828125,67566.828125,41125608330,0.06695154718111462,0.06480556096155835,0.03429489645493704
2021-11-09 00:00:00+00:00,67549.734375,68530.3359375,66382.0625,66971.828125,66971.828125,42357991721,-0.008806096371717143,-0.008845099182201409,0.030416845801283555
2021-11-10 00:00:00+00:00,66953.3359375,68789.625,63208.11328125,64995.23046875,64995.23046875,48730828378,-0.029513867421399387,-0.02995816542044536,0.036386480042384095
2021-11-11 00:00:00+00:00,64978.890625,65579.015625,64180.48828125,64949.9609375,64949.9609375,35880633236,-0.0006965054346836919,-0.0006967481072823624,0.036813474278442886
2021-11-12 00:00:00+00:00,64863.98046875,65460.81640625,62333.9140625,64155.94140625,64155.94140625,36084893887,-0.01222509636324598,-0.012300437518712916,0.03637804223183868
2021-11-13 00:00:00+00:00,64158.12109375,64915.67578125,63303.734375,64469.52734375,64469.52734375,30474228777,0.0048878705639170406,0.00487596370827555,0.013331421632959754
2021-11-14 00:00:00+00:00,64455.37109375,65495.1796875,63647.80859375,65466.83984375,65466.83984375,25122092191,0.015469517787564335,0.015351084638069591,0.017359389169551473
2021-11-15 00:00:00+00:00,65521.2890625,66281.5703125,63548.14453125,63557.87109375,63557.87109375,30558763548,-0.02915932332393234,-0.029592905846716044,0.01722596862011457
2021-11-16 00:00:00+00:00,63721.1953125,63721.1953125,59016.3359375,60161.24609375,60161.24609375,46844335592,-0.05344145330150951,-0.05492245425158357,0.02797221987661279
2021-11-17 00:00:00+00:00,60139.62109375,60823.609375,58515.41015625,60368.01171875,60368.01171875,39178392930,0.003436857419438999,0.00343096492223367,0.02925190193297937
2021-11-18 00:00:00+00:00,60360.13671875,60948.5,56550.79296875,56942.13671875,56942.13671875,41388338699,-0.05674983989800575,-0.058423750403308876,0.03342896510589383
2021-11-19 00:00:00+00:00,56896.12890625,58351.11328125,55705.1796875,58119.578125,58119.578125,38702407772,0.020677857806173483,0.02046697304630566,0.03500735288130304
2021-11-20 00:00:00+00:00,58115.08203125,59859.87890625,57469.7265625,59697.1953125,59697.1953125,30624264863,0.027144333086984274,0.02678245961804076,0.04120794391336666
2021-11-21 00:00:00+00:00,59730.5078125,60004.42578125,58618.9296875,58730.4765625,58730.4765625,26123447605,-0.01619370466132397,-0.016326255638854346,0.0343219342159653
2021-11-22 00:00:00+00:00,58706.84765625,59266.359375,55679.83984375,56289.2890625,56289.2890625,35036121783,-0.041565940596482776,-0.042454514477448545,0.0375490389337461
2021-11-23 00:00:00+00:00,56304.5546875,57875.515625,55632.76171875,57569.07421875,57569.07421875,37485803899,0.022735855747423095,0.022481248103212805,0.03035850770045969
2021-11-24 00:00:00+00:00,57565.8515625,57803.06640625,55964.22265625,56280.42578125,56280.42578125,36635566789,-0.02238438701660228,-0.02263871996463873,0.02998896403669183
2021-11-25 00:00:00+00:00,57165.41796875,59367.96875,57146.68359375,57274.6796875,57274.6796875,34284016248,0.017666069374003168,0.01751183816078035,0.027614695678864137
2021-11-26 00:00:00+00:00,58960.28515625,59183.48046875,53569.765625,53569.765625,53569.765625,41810748221,-0.06468677053655503,-0.06687380102128215,0.038429260433844585
2021-11-27 00:00:00+00:00,53736.4296875,55329.2578125,53668.35546875,54815.078125,54815.078125,30560857714,0.02324655494514305,0.02298046960742265,0.039318972984511265
2021-11-28 00:00:00+00:00,54813.0234375,57393.84375,53576.734375,57248.45703125,57248.45703125,28116886357,0.044392510044424904,0.043435386277887976,0.04387418969775468
2021-11-29 00:00:00+00:00,57291.90625,58872.87890625,56792.52734375,57806.56640625,57806.56640625,32370840356,0.009748898117819094,0.009701684218223901,0.042262438989127946
2021-11-30 00:00:00+00:00,57830.11328125,59113.40234375,56057.28125,57005.42578125,57005.42578125,36708594618,-0.013858989986877734,-0.013955922421075117,0.042341733373973345
2021-12-01 00:00:00+00:00,56907.96484375,59041.68359375,56553.08203125,57229.828125,57229.828125,36858195307,0.003936508510805847,0.003928780734843055,0.021479480773817672
2021-12-02 00:00:00+00:00,57217.37109375,57349.234375,55895.1328125,56477.81640625,56477.81640625,32379968686,-0.013140205787574133,-0.013227302108743101,0.02338442746695518
2021-12-03 00:00:00+00:00,56509.1640625,57482.16796875,52496.5859375,53598.24609375,53598.24609375,39789134215,-0.05098586481791345,-0.05233158566534184,0.024237021037479285
2021-12-04 00:00:00+00:00,53727.87890625,53904.6796875,42874.6171875,49200.703125,49200.703125,61385677469,-0.08204639683653359,-0.08560843085516442,0.036248558916921726
2021-12-05 00:00:00+00:00,49201.51953125,49768.1484375,47857.49609375,49368.84765625,49368.84765625,37198201161,0.003417522933012007,0.003411696472447897,0.039154191158187836
2021-12-06 00:00:00+00:00,49413.48046875,50929.51953125,47281.03515625,50582.625,50582.625,37707308001,0.02458589579002135,0.024288526851428814,0.04414495242270628
2021-12-07 00:00:00+00:00,50581.828125,51934.78125,50175.80859375,50700.0859375,50700.0859375,33676814852,0.002322159783127109,0.002319467736866812,0.045675461416058466
2021-12-08 00:00:00+00:00,50667.6484375,51171.375,48765.98828125,50504.796875,50504.796875,28479699446,-0.00385184874717448,-0.0038592862213869153,0.04255536424530388
2021-12-09 00:00:00+00:00,50450.08203125,50797.1640625,47358.3515625,47672.12109375,47672.12109375,29603577251,-0.05608726213196957,-0.057721555808476536,0.030636591622623728
2021-12-10 00:00:00+00:00,47642.14453125,50015.25390625,47023.69921875,47243.3046875,47243.3046875,30966005122,-0.00899511908452133,-0.009035819421615396,0.030150779604720793
2021-12-11 00:00:00+00:00,47264.6328125,49458.2109375,46942.34765625,49362.5078125,49362.5078125,25775869261,0.044857216044006165,0.04388024071672512,0.03619370133362184
2021-12-12 00:00:00+00:00,49354.85546875,50724.8671875,48725.8515625,50098.3359375,50098.3359375,21939223599,0.014906619570362878,0.014796607838164322,0.037229764403575095
2021-12-13 00:00:00+00:00,50114.7421875,50205.0,45894.84765625,46737.48046875,46737.48046875,32166727776,-0.0670851717099511,-0.06944137030817533,0.04790097643666097
2021-12-14 00:00:00+00:00,46709.82421875,48431.3984375,46424.49609375,46612.6328125,46612.6328125,34638619079,-0.00267125345649466,-0.002674827620426481,0.04169620226140122
2021-12-15 00:00:00+00:00,48379.75390625,49473.95703125,46671.96484375,48896.72265625,48896.72265625,36541828520,0.04900151967252708,0.04783877809998121,0.047501469168623855
2021-12-16 00:00:00+00:00,48900.46484375,49425.57421875,47529.87890625,47665.42578125,47665.42578125,27268150947,-0.025181582897818466,-0.025504064198459072,0.0439954994429551
2021-12-17 00:00:00+00:00,47653.73046875,48004.89453125,45618.21484375,46202.14453125,46202.14453125,32902725329,-0.030699007215741814,-0.031180093256039692,0.04309729518785314
2021-12-18 00:00:00+00:00,46219.25390625,47313.828125,45598.44140625,46848.77734375,46848.77734375,26098292690,0.013995731563123393,0.01389869565630835,0.03205620532072526
2021-12-19 00:00:00+00:00,46853.8671875,48089.6640625,46502.953125,46707.015625,46707.015625,25154053861,-0.0030259427628138713,-0.0030305301841360094,0.03206533844200721
2021-12-20 00:00:00+00:00,46707.0625,47401.71875,45579.80859375,46880.27734375,46880.27734375,30961902129,0.003709543768351198,0.003702680378992096,0.01926147060446864
2021-12-21 00:00:00+00:00,46886.078125,49300.91796875,46698.7734375,48936.61328125,48936.61328125,27055803928,0.04386356169401262,0.042928792887466996,0.02689146460998834
2021-12-22 00:00:00+00:00,48937.09765625,49544.796875,48450.94140625,48628.51171875,48628.51171875,24447979559,-0.006295931447672265,-0.006315834406489169,0.019842393718851825
2021-12-23 00:00:00+00:00,48626.34375,51332.33984375,48065.8359375,50784.5390625,50784.5390625,28223878108,0.04433669194360079,0.043381939329586325,0.02493102039340447
2021-12-24 00:00:00+00:00,50806.05078125,51814.02734375,50514.49609375,50822.1953125,50822.1953125,24367912228,0.0007414904357732066,0.0007412156675569818,0.02425407668860646
2021-12-25 00:00:00+00:00,50854.91796875,51176.59765625,50236.70703125,50429.859375,50429.859375,19030650914,-0.007719775485643066,-0.0077497271989944395,0.026267702787495083
2021-12-26 00:00:00+00:00,50428.69140625,51196.37890625,49623.10546875,50809.515625,50809.515625,20964372926,0.0075284019171428795,0.007500204929835927,0.020956058357959127
2021-12-27 00:00:00+00:00,50802.609375,51956.328125,50499.46875,50640.41796875,50640.41796875,24324345758,-0.003328070621613999,-0.003333620966693561,0.02050163361990114
2021-12-28 00:00:00+00:00,50679.859375,50679.859375,47414.2109375,47588.85546875,47588.85546875,33430376883,-0.06025942562091624,-0.062151426511976506,0.028044368318865552
2021-12-29 00:00:00+00:00,47623.87109375,48119.7421875,46201.49609375,46444.7109375,46444.7109375,30049226299,-0.02404227880624954,-0.024336011956341844,0.027202590557267346
2021-12-30 00:00:00+00:00,46490.60546875,47879.96484375,46060.3125,47178.125,47178.125,26686491018,0.01579112126431248,0.01566773871313257,0.03114224568643654
2021-12-31 00:00:00+00:00,47169.37109375,48472.52734375,45819.953125,46306.4453125,46306.4453125,36974172400,-0.018476352917798256,-0.018649172756865187,0.028883228030668562
2022-01-01 00:00:00+00:00,46311.74609375,47827.3125,46288.484375,47686.8125,47686.8125,24582667004,0.029809396471367267,0.02937373314776973,0.03601680864646814
2022-01-02 00:00:00+00:00,47680.92578125,47881.40625,46856.9375,47345.21875,47345.21875,27951569547,-0.007163274962024402,-0.007189054400021723,0.02288416920661112
2022-01-03 00:00:00+00:00,47343.54296875,47510.7265625,45835.96484375,46458.1171875,46458.1171875,33071628362,-0.0187368774698079,-0.018914636695763702,0.021595805180159282
2022-01-04 00:00:00+00:00,46458.8515625,47406.546875,45752.46484375,45897.57421875,45897.57421875,42494677905,-0.012065555013512697,-0.012138934663861074,0.020099494884802987
2022-01-05 00:00:00+00:00,45899.359375,46929.046875,42798.22265625,43569.00390625,43569.00390625,36851084859,-0.050734060615097554,-0.05206628845481275,0.029102813667422574
2022-01-06 00:00:00+00:00,43565.51171875,43748.71875,42645.5390625,43160.9296875,43160.9296875,30208048289,-0.009366159015892994,-0.009410297303589778,0.018489642904327547
2022-01-07 00:00:00+00:00,43153.5703125,43153.5703125,41077.4453125,41557.90234375,41557.90234375,84196607520,-0.03714070469186992,-0.037847988650375176,0.018284880167679346
2022-01-08 00:00:00+00:00,41561.46484375,42228.94140625,40672.27734375,41733.94140625,41733.94140625,28066355845,0.004235994902819673,0.004227048332596754,0.022897665293923525
2022-01-09 00:00:00+00:00,41734.7265625,42663.94921875,41338.16015625,41911.6015625,41911.6015625,21294384372,0.004256970472081845,0.004247935206112907,0.0255788271454655
2022-01-10 00:00:00+00:00,41910.23046875,42199.484375,39796.5703125,41821.26171875,41821.26171875,32104232331,-0.0021554853640055605,-0.002157811766201214,0.017509697433686144
2022-01-11 00:00:00+00:00,41819.5078125,43001.15625,41407.75390625,42735.85546875,42735.85546875,26327648900,0.021869109453241498,0.021633410637439378,0.02191718511447849
2022-01-12 00:00:00+00:00,42742.1796875,44135.3671875,42528.98828125,43949.1015625,43949.1015625,33499938689,0.028389418684672707,0.027993907251911834,0.012906153155291982
2022-01-13 00:00:00+00:00,43946.7421875,44278.421875,42447.04296875,42591.5703125,42591.5703125,47691135082,-0.030888714484173407,-0.03137582795207003,0.023324079493577805
2022-01-14 00:00:00+00:00,42598.87109375,43346.6875,41982.6171875,43099.69921875,43099.69921875,23577403399,0.011930269358978673,0.011859664695822615,0.023585672565900422
2022-01-15 00:00:00+00:00,43101.8984375,43724.671875,42669.03515625,43177.3984375,43177.3984375,18371348298,0.001802778677309158,0.0018011556222094572,0.023325536316562905
2022-01-16 00:00:00+00:00,43172.0390625,43436.80859375,42691.0234375,43113.87890625,43113.87890625,17902097845,-0.0014711291913973579,-0.0014722123644015362,0.021786768302969925
2022-01-17 00:00:00+00:00,43118.12109375,43179.390625,41680.3203125,42250.55078125,42250.55078125,21690904261,-0.020024366790964976,-0.02022757169904886,0.017528229325330564
2022-01-18 00:00:00+00:00,42250.07421875,42534.40234375,41392.21484375,42375.6328125,42375.6328125,22417209227,0.0029604828561313745,0.002956109256612036,0.01181936307870529
2022-01-19 00:00:00+00:00,42374.0390625,42478.3046875,41242.9140625,41744.328125,41744.328125,23091543258,-0.014897823244158781,-0.01500991044287061,0.010540525002122934
2022-01-20 00:00:00+00:00,41744.02734375,43413.0234375,40672.82421875,40680.41796875,40680.41796875,20382033940,-0.02548634039729203,-0.02581674309560386,0.012269244880563066
2022-01-21 00:00:00+00:00,40699.60546875,41060.52734375,35791.42578125,36457.31640625,36457.31640625,43011992031,-0.10381165615712484,-0.10960468291543993,0.043869225089477
2022-01-22 00:00:00+00:00,36471.58984375,36688.8125,34349.25,35030.25,35030.25,39714385405,-0.039143484680769114,-0.039930188839646726,0.043255024919863605
2022-01-23 00:00:00+00:00,35047.359375,36433.3125,34784.96875,36276.8046875,36276.8046875,26017975951,0.03558509252717301,0.034966573781181565,0.05218369291315849
2022-01-24 00:00:00+00:00,36275.734375,37247.51953125,33184.05859375,36654.328125,36654.328125,41856658597,0.010406744495611076,0.010352967106698903,0.055277228313116704
2022-01-25 00:00:00+00:00,36654.8046875,37444.5703125,35779.4296875,36954.00390625,36954.00390625,26428189594,0.008175727030871549,0.008142486826951165,0.057353625707102625
2022-01-26 00:00:00+00:00,36950.515625,38825.41015625,36374.90625,36852.12109375,36852.12109375,31324598034,-0.002757016878562668,-0.0027608244495656064,0.027271709167625252
2022-01-27 00:00:00+00:00,36841.87890625,37148.32421875,35629.28125,37138.234375,37138.234375,25041426629,0.007763821260712289,0.007733837890785913,0.013970047376572623
2022-01-28 00:00:00+00:00,37128.4453125,37952.87890625,36211.109375,37784.33203125,37784.33203125,22238830523,0.017397102127314046,0.017247505090414967,0.007190910388937759
2022-01-29 00:00:00+00:00,37780.71484375,38576.26171875,37406.47265625,38138.1796875,38138.1796875,17194183075,0.00936493083845824,0.00932135173920975,0.007126164507052594
2022-01-30 00:00:00+00:00,38151.91796875,38266.33984375,37437.7109375,37917.6015625,37917.6015625,14643548444,-0.005783656346668664,-0.005800446457155093,0.009393074967275553
2022-01-31 00:00:00+00:00,37920.28125,38647.26171875,36733.57421875,38483.125,38483.125,20734730465,0.01491453610450133,0.014804408066392667,0.008970767238909072
2022-02-01 00:00:00+00:00,38481.765625,39115.1328125,38113.6640625,38743.2734375,38743.2734375,20288500328,0.00676006528835682,0.006737318502634114,0.009007519503072603
2022-02-02 00:00:00+00:00,38743.71484375,38834.6171875,36832.73046875,36952.984375,36952.984375,19155189416,-0.046209029430310355,-0.04731073995912287,0.02512172958194261
2022-02-03 00:00:00+00:00,36944.8046875,37154.6015625,36375.5390625,37154.6015625,37154.6015625,18591534769,0.005456046132945147,0.005441215831991581,0.024645400463628498
2022-02-04 00:00:00+00:00,37149.265625,41527.78515625,37093.62890625,41500.875,41500.875,29412210792,0.116978066100073,0.11062688345744714,0.057314913558053474
2022-02-05 00:00:00+00:00,41501.48046875,41847.1640625,41038.09765625,41441.1640625,41441.1640625,19652846215,-0.001438787435204647,-0.0014398234837348135,0.05800185460494192
2022-02-06 00:00:00+00:00,41441.12109375,42500.78515625,41244.90625,42412.43359375,42412.43359375,16142097334,0.023437312952531153,0.02316687651757865,0.05789540519718583
2022-02-07 00:00:00+00:00,42406.78125,44401.86328125,41748.15625,43840.28515625,43840.28515625,28641855926,0.033665872045371525,0.033111582709537346,0.04489222072391237
2022-02-08 00:00:00+00:00,43854.65234375,45293.8671875,42807.8359375,44118.4453125,44118.4453125,33079398868,0.0063448528050995545,0.006324808965338507,0.044752322147692584
2022-02-09 00:00:00+00:00,44096.703125,44727.80078125,43232.96875,44338.796875,44338.796875,23245887300,0.004994545046617338,0.00498211368199733,0.014360813478003954
2022-02-10 00:00:00+00:00,44347.80078125,45661.171875,43402.80859375,43565.11328125,43565.11328125,32142048537,-0.01744935921313273,-0.01760339378138894,0.019417423800387003
2022-02-11 00:00:00+00:00,43571.12890625,43810.83203125,42114.5390625,42407.9375,42407.9375,26954925781,-0.026561982607033352,-0.026921126055171853,0.023429819822216365
2022-02-12 00:00:00+00:00,42412.30078125,42992.55078125,41852.57421875,42244.46875,42244.46875,18152390304,-0.0038546734323026133,-0.00386212183286643,0.014486079856106627
2022-02-13 00:00:00+00:00,42236.56640625,42693.0546875,41950.94140625,42197.515625,42197.515625,14741589015,-0.001111462077505676,-0.001112080209543203,0.01303126033633461
2022-02-14 00:00:00+00:00,42157.3984375,42775.77734375,41681.95703125,42586.91796875,42586.91796875,20827783012,0.009228086961576842,0.009185768314632001,0.01423139753028075
2022-02-15 00:00:00+00:00,42586.46484375,44667.21875,42491.03515625,44575.203125,44575.203125,22721659051,0.04668769779745485,0.045630604487240684,0.02646863843710492
2022-02-16 00:00:00+00:00,44578.27734375,44578.27734375,43456.69140625,43961.859375,43961.859375,19792547657,-0.013759752216496501,-0.01385529504989858,0.022998050292895148
2022-02-17 00:00:00+00:00,43937.0703125,44132.97265625,40249.37109375,40538.01171875,40538.01171875,26246662813,-0.07788223029977337,-0.08108233071910446,0.04635203105200429
2022-02-18 00:00:00+00:00,40552.1328125,40929.15234375,39637.6171875,40030.9765625,40030.9765625,23310007704,-0.012507647384577658,-0.012586526423760572,0.04619427076736733
2022-02-19 00:00:00+00:00,40026.0234375,40418.87890625,39713.05859375,40122.15625,40122.15625,13736557863,0.0022777282826873524,0.002275138191892225,0.045555437579542224
2022-02-20 00:00:00+00:00,40118.1015625,40119.890625,38112.8125,38431.37890625,38431.37890625,18340576452,-0.04214073972532317,-0.043054421746525254,0.033108956031569076
2022-02-21 00:00:00+00:00,38423.2109375,39394.4375,36950.4765625,37075.28125,37075.28125,29280402798,-0.03528620868790788,-0.03592381094835431,0.03192500704584089
2022-02-22 00:00:00+00:00,37068.76953125,38359.85546875,36488.93359375,38286.02734375,38286.02734375,25493150450,0.03265642371222732,0.03213453434150656,0.030360697616413742
2022-02-23 00:00:00+00:00,38285.28125,39122.39453125,37201.81640625,37296.5703125,37296.5703125,21849073843,-0.025843815613622922,-0.026183634615420347,0.031090256048489834
2022-02-24 00:00:00+00:00,37278.56640625,38968.83984375,34459.21875,38332.609375,38332.609375,46383802093,0.027778400368163814,0.027399579951549815,0.036044323604560106
2022-02-25 00:00:00+00:00,38333.74609375,39630.32421875,38111.34375,39214.21875,39214.21875,26545599159,0.022998939789759643,0.022738450595305906,0.03238510043829586
2022-02-26 00:00:00+00:00,39213.08203125,40005.34765625,38702.53515625,39105.1484375,39105.1484375,17467554129,-0.002781397053842838,-0.0027852723260769346,0.024624616178953153
2022-02-27 00:00:00+00:00,39098.69921875,39778.94140625,37268.9765625,37709.78515625,37709.78515625,23450127612,-0.03568234201898368,-0.036334517924426976,0.028439910058010002
2022-02-28 00:00:00+00:00,37706.0,43760.45703125,37518.21484375,43193.234375,43193.234375,35690014104,0.1454118392886461,0.13576425730332167,0.06465029445511139
2022-03-01 00:00:00+00:00,43194.50390625,44793.6015625,42952.5859375,44354.63671875,44354.63671875,32479047645,0.026888524570001016,0.026533380332524757,0.06465800936450879
2022-03-02 00:00:00+00:00,44357.6171875,45077.578125,43432.8515625,43924.1171875,43924.1171875,29183112630,-0.009706302725009275,-0.009753715935407227,0.06705601580626101
2022-03-03 00:00:00+00:00,43925.1953125,44021.578125,41914.75,42451.7890625,42451.7890625,24967782593,-0.03351981142193561,-0.03409447865241336,0.07135325376132325
2022-03-04 00:00:00+00:00,42458.140625,42479.61328125,38805.84765625,39137.60546875,39137.60546875,28516271427,-0.07806935036049167,-0.0812852755652355,0.08173827627999626
2022-03-05 00:00:00+00:00,39148.44921875,39566.3359375,38777.03515625,39400.5859375,39400.5859375,16975917450,0.00671938064683042,0.0066969062286334315,0.04160677308709825
2022-03-06 00:00:00+00:00,39404.19921875,39640.17578125,38211.6484375,38419.984375,38419.984375,19745229902,-0.024887994408395286,-0.025202937052357023,0.0332356729049276
2022-03-07 00:00:00+00:00,38429.3046875,39430.2265625,37260.203125,38062.0390625,38062.0390625,28546143503,-0.009316643885282638,-0.0093603152707349,0.03329223835385166
2022-03-08 00:00:00+00:00,38059.90234375,39304.44140625,37957.38671875,38737.26953125,38737.26953125,25776583476,0.017740259990833174,0.01758473821596099,0.038753297615133096
2022-03-09 00:00:00+00:00,38742.81640625,42465.671875,38706.09375,41982.92578125,41982.92578125,32284121034,0.08378639716414904,0.08046083301385845,0.04051479985868057
2022-03-10 00:00:00+00:00,41974.0703125,42004.7265625,38832.94140625,39437.4609375,39437.4609375,31078064711,-0.060630954045771346,-0.06254685680053026,0.05342730220401413
2022-03-11 00:00:00+00:00,39439.96875,40081.6796875,38347.43359375,38794.97265625,38794.97265625,26364890465,-0.016291319622939393,-0.016425482290646415,0.052521000044423484
2022-03-12 00:00:00+00:00,38794.46484375,39308.59765625,38772.53515625,38904.01171875,38904.01171875,14616450657,0.002810649293818468,0.002806706804667275,0.05214692150302145
2022-03-13 00:00:00+00:00,38884.7265625,39209.3515625,37728.14453125,37849.6640625,37849.6640625,17300745310,-0.027101257933814904,-0.027475269974984843,0.05317696012986053
2022-03-14 00:00:00+00:00,37846.31640625,39742.5,37680.734375,39666.75390625,39666.75390625,24322159070,0.0480080837903738,0.04689129940953424,0.04030931748037815
2022-03-15 00:00:00+00:00,39664.25,39794.62890625,38310.2109375,39338.78515625,39338.78515625,23934000868,-0.008268101563720931,-0.00830247189817811,0.028718610291523974
2022-03-16 00:00:00+00:00,39335.5703125,41465.453125,39022.34765625,41143.9296875,41143.9296875,39616916192,0.04588714481344902,0.044865467674200424,0.03298579540928034
2022-03-17 00:00:00+00:00,41140.84375,41287.53515625,40662.87109375,40951.37890625,40951.37890625,22009601093,-0.00467993171076464,-0.004690916877794194,0.03365797208552961
2022-03-18 00:00:00+00:00,40944.83984375,42195.74609375,40302.3984375,41801.15625,41801.15625,34421564942,0.020750884742987363,0.020538517974936225,0.026231170819526035
2022-03-19 00:00:00+00:00,41794.6484375,42316.5546875,41602.66796875,42190.65234375,42190.65234375,19664853187,0.009317830622209256,0.009274687432012266,0.021509774626930826
2022-03-20 00:00:00+00:00,42191.40625,42241.1640625,41004.7578125,41247.82421875,41247.82421875,20127946682,-0.022346848712323064,-0.022600322885966202,0.02551678989222304
2022-03-21 00:00:00+00:00,41246.1328125,41454.41015625,40668.04296875,41077.99609375,41077.99609375,24615543271,-0.004117262624553253,-0.004125761887466681,0.016256824120551107
2022-03-22 00:00:00+00:00,41074.10546875,43124.70703125,40948.28125,42358.80859375,42358.80859375,32004652376,0.031180014163224357,0.03070379130997368,0.020916528799506104
2022-03-23 00:00:00+00:00,42364.37890625,42893.5078125,41877.5078125,42892.95703125,42892.95703125,25242943069,0.012610091153007819,0.012531246090632069,0.019878455945531098
2022-03-24 00:00:00+00:00,42886.65234375,44131.85546875,42726.1640625,43960.93359375,43960.93359375,31042992291,0.024898646221148013,0.024593725965785046,0.02176302342546532
2022-03-25 00:00:00+00:00,43964.546875,44999.4921875,43706.28515625,44348.73046875,44348.73046875,30574413034,0.008821397620525806,0.008782716407665668,0.013674140241833353
2022-03-26 00:00:00+00:00,44349.859375,44735.99609375,44166.2734375,44500.828125,44500.828125,16950455995,0.003429583093865096,0.0034237154855725296,0.011317439258118976
2022-03-27 00:00:00+00:00,44505.35546875,46827.546875,44437.29296875,46820.4921875,46820.4921875,28160889722,0.052126312256127294,0.050813175792382204,0.018887382590326657
2022-03-28 00:00:00+00:00,46821.8515625,48086.8359375,46690.203125,47128.00390625,47128.00390625,36362175703,0.0065678873583499,0.0065464127633699815,0.019655355995890973
2022-03-29 00:00:00+00:00,47100.4375,48022.2890625,47100.4375,47465.73046875,47465.73046875,31397059069,0.0071661546110000085,0.00714059973919024,0.019924227324392193
2022-03-30 00:00:00+00:00,47456.8984375,47655.1484375,46746.2109375,47062.6640625,47062.6640625,29333883962,-0.008491735032190584,-0.0085279952347302,0.02266437876307909
2022-03-31 00:00:00+00:00,47062.1484375,47512.02734375,45390.5390625,45538.67578125,45538.67578125,33327427106,-0.03238210822970233,-0.03291800954258311,0.03051985213859835
2022-04-01 00:00:00+00:00,45554.1640625,46616.2421875,44403.140625,46281.64453125,46281.64453125,38162644287,0.016315115388267687,0.016183454010017757,0.019269608883833653
2022-04-02 00:00:00+00:00,46285.5,47028.28125,45782.51171875,45868.94921875,45868.94921875,29336594194,-0.008917040798352427,-0.008957035540670266,0.018726909690719027
2022-04-03 00:00:00+00:00,45859.12890625,47313.4765625,45634.10546875,46453.56640625,46453.56640625,25414397610,0.012745379989237415,0.012664841243046981,0.019785926318277986
2022-04-04 00:00:00+00:00,46445.2734375,46791.08984375,45235.81640625,46622.67578125,46622.67578125,32499785455,0.003640395949819908,0.0036337857461326666,0.019885202219994978
2022-04-05 00:00:00+00:00,46624.5078125,47106.140625,45544.80859375,45555.9921875,45555.9921875,29640604055,-0.02287907280900814,-0.02314486060589607,0.016212579500912084
2022-04-06 00:00:00+00:00,45544.35546875,45544.35546875,43193.953125,43206.73828125,43206.73828125,39393395788,-0.05156849392240015,-0.05294570510057487,0.025726829657948147
2022-04-07 00:00:00+00:00,43207.5,43860.69921875,42899.90625,43503.84765625,43503.84765625,26101973106,0.006876459247305178,0.0068529242315328075,0.02738151558625966
2022-04-08 00:00:00+00:00,43505.13671875,43903.01953125,42183.2890625,42287.6640625,42287.6640625,27215995394,-0.02795577079433975,-0.028353972258937266,0.024685179183374095
2022-04-09 00:00:00+00:00,42282.078125,42786.81640625,42183.25390625,42782.13671875,42782.13671875,16050772496,0.011693070951357853,0.011625235289932529,0.026678385565097672
2022-04-10 00:00:00+00:00,42781.08984375,43376.37890625,42021.20703125,42207.671875,42207.671875,17654475582,-0.013427680050824398,-0.013518646577317169,0.02648817548556609
2022-04-11 00:00:00+00:00,42201.0390625,42424.58984375,39373.05859375,39521.90234375,39521.90234375,33949912166,-0.06363225953812457,-0.06574699455484899,0.03123394686718794
2022-04-12 00:00:00+00:00,39533.71484375,40617.5859375,39388.328125,40127.18359375,40127.18359375,30991500854,0.015315083892861292,0.015198991801760953,0.0330527812710993
2022-04-13 00:00:00+00:00,40123.5703125,41430.0546875,39712.74609375,41166.73046875,41166.73046875,27691105228,0.025906300465151855,0.02557641749549052,0.0366789587830863
2022-04-14 00:00:00+00:00,41160.21875,41451.48046875,39695.74609375,39935.515625,39935.515625,24342001973,-0.029908006531745968,-0.030364373354540806,0.036620989268540564
2022-04-15 00:00:00+00:00,39939.40234375,40617.72265625,39866.83203125,40553.46484375,40553.46484375,21756855753,0.015473675726454417,0.015355179227128868,0.03887773762371498
2022-04-16 00:00:00+00:00,40552.31640625,40633.6796875,40078.42578125,40424.484375,40424.484375,16833150693,-0.0031805042860567623,-0.0031855728397045674,0.022085685266217545
2022-04-17 00:00:00+00:00,40417.77734375,40570.7265625,39620.89453125,39716.953125,39716.953125,19087633042,-0.017502542356175654,-0.017657522881942136,0.022982314441396673
2022-04-18 00:00:00+00:00,39721.203125,40986.3203125,38696.19140625,40826.21484375,40826.21484375,33705182072,0.027929174608607443,0.027546268364385663,0.02358342420629708
2022-04-19 00:00:00+00:00,40828.17578125,41672.9609375,40618.6328125,41502.75,41502.75,25303206547,0.016571096753378534,0.016435294339235306,0.017960241916984563
2022-04-20 00:00:00+00:00,41501.74609375,42126.30078125,40961.09765625,41374.37890625,41374.37890625,27819532341,-0.003093074404708074,-0.003097867846210707,0.01788940644565954
2022-04-21 00:00:00+00:00,41371.515625,42893.58203125,40063.828125,40527.36328125,40527.36328125,35372786395,-0.020471984048854197,-0.020684439708319406,0.021076376976383763
2022-04-22 00:00:00+00:00,40525.86328125,40777.7578125,39315.41796875,39740.3203125,39740.3203125,28011716745,-0.019420038833716236,-0.019611085251918917,0.021510951327476577
2022-04-23 00:00:00+00:00,39738.72265625,39935.859375,39352.203125,39486.73046875,39486.73046875,16138021249,-0.0063811726165236005,-0.006401619327578674,0.015087767990666235
2022-04-24 00:00:00+00:00,39478.375,39845.92578125,39233.5390625,39469.29296875,39469.29296875,17964398167,-0.0004416040475622163,-0.00044170158334548267,0.009466623543765434
2022-04-25 00:00:00+00:00,39472.60546875,40491.75390625,38338.37890625,40458.30859375,40458.30859375,35445730570,0.025057850055308917,0.024749050076096804,0.018478848919977205
2022-04-26 00:00:00+00:00,40448.421875,40713.890625,37884.984375,38117.4609375,38117.4609375,34569088416,-0.057858267871623625,-0.05959955698854747,0.030978761654270784
2022-04-27 00:00:00+00:00,38120.30078125,39397.91796875,37997.3125,39241.12109375,39241.12109375,30981015184,0.029478882606909007,0.029052734994520196,0.035418570229064084
2022-04-28 00:00:00+00:00,39241.4296875,40269.46484375,38941.421875,39773.828125,39773.828125,33903704907,0.013575224570606004,0.013483906721524785,0.03598679814108621
2022-04-29 00:00:00+00:00,39768.6171875,39887.26953125,38235.53515625,38609.82421875,38609.82421875,30882994649,-0.02926557389929385,-0.02970235366082905,0.03865160688275449
2022-04-30 00:00:00+00:00,38605.859375,38771.2109375,37697.94140625,37714.875,37714.875,23895713731,-0.023179313474195662,-0.023452178557919624,0.03544051653840554
2022-05-01 00:00:00+00:00,37713.265625,38627.859375,37585.7890625,38469.09375,38469.09375,27002760110,0.019997911964443782,0.019800580200401846,0.026614424009819813
2022-05-02 00:00:00+00:00,38472.1875,39074.97265625,38156.5625,38529.328125,38529.328125,32922642426,0.001565786170879102,0.0015645616058173508,0.022031471326485367
2022-05-03 00:00:00+00:00,38528.109375,38629.99609375,37585.62109375,37750.453125,37750.453125,27326943244,-0.020215120218891713,-0.02042224184090012,0.020607052037417143
2022-05-04 00:00:00+00:00,37748.01171875,39902.94921875,37732.05859375,39698.37109375,39698.37109375,36754404490,0.051599856624237495,0.050312677532991644,0.030570996026556257
2022-05-05 00:00:00+00:00,39695.74609375,39789.28125,35856.515625,36575.140625,36575.140625,43106256317,-0.07867402068901796,-0.08194136472907673,0.04967144063168303
2022-05-06 00:00:00+00:00,36573.18359375,36624.359375,35482.1328125,36040.921875,36040.921875,37795577489,-0.014606061408683924,-0.014713780107637159,0.047517239151355854
2022-05-07 00:00:00+00:00,36042.50390625,36129.92578125,34940.82421875,35501.953125,35501.953125,24375896406,-0.014954355270636377,-0.015067299056939674,0.046816247309768765
2022-05-08 00:00:00+00:00,35502.94140625,35502.94140625,33878.96484375,34059.265625,34059.265625,36763041910,-0.040636848764922684,-0.04148559878699712,0.04819967653696262
2022-05-09 00:00:00+00:00,34060.015625,34222.07421875,30296.953125,30296.953125,30296.953125,63355494961,-0.11046369999353145,-0.1170549632581505,0.04464416796698697
2022-05-10 00:00:00+00:00,30273.654296875,32596.30859375,29944.802734375,31022.90625,31022.90625,59811038817,0.02396125848050934,0.023678692386482958,0.0524539286176476
2022-05-11 00:00:00+00:00,31016.18359375,32013.40234375,28170.4140625,28936.35546875,28936.35546875,70388855818,-0.06725839173272163,-0.06962706368652095,0.05342649966161764
2022-05-12 00:00:00+00:00,28936.734375,30032.439453125,26350.490234375,29047.751953125,29047.751953125,66989173272,0.003849706798608521,0.0038423156405122537,0.05655633950106639
2022-05-13 00:00:00+00:00,29030.91015625,30924.802734375,28782.330078125,29283.103515625,29283.103515625,42841124537,0.008102229834508146,0.008069582993285078,0.06046616833266256
2022-05-14 00:00:00+00:00,29285.642578125,30192.802734375,28702.91015625,30101.265625,30101.265625,28579868620,0.027939733537411415,0.02755654035085545,0.03949511058806324
2022-05-15 00:00:00+00:00,30098.5859375,31308.19140625,29527.740234375,31305.11328125,31305.11328125,25835372065,0.03999325713567892,0.039214229608877514,0.042451523767273305
2022-05-16 00:00:00+00:00,31304.375,31305.341796875,29251.884765625,29862.91796875,29862.91796875,32613897286,-0.046069001557128786,-0.047163938825930986,0.03317661578369838
2022-05-17 00:00:00+00:00,29862.408203125,30694.490234375,29570.302734375,30425.857421875,30425.857421875,29101473475,0.018850785235190015,0.018675310971867837,0.03356242233195479
2022-05-18 00:00:00+00:00,30424.478515625,30618.716796875,28720.271484375,28720.271484375,28720.271484375,31285268319,-0.05605711989808215,-0.05768962303395388,0.04506408111789714
2022-05-19 00:00:00+00:00,28720.359375,30430.751953125,28708.955078125,30314.333984375,30314.333984375,33773447707,0.05550304428240649,0.054017472510896065,0.050860077361077935
2022-05-20 00:00:00+00:00,30311.119140625,30664.9765625,28793.60546875,29200.740234375,29200.740234375,30749382605,-0.036734890846488066,-0.03742660999960213,0.04809224084917716
2022-05-21 00:00:00+00:00,29199.859375,29588.869140625,29027.39453125,29432.2265625,29432.2265625,17274840442,0.007927413013061102,0.007896156156526583,0.044765050959423444
2022-05-22 00:00:00+00:00,29432.47265625,30425.861328125,29275.18359375,30323.72265625,30323.72265625,21631532270,0.030289794482822652,0.02984011653578575,0.04636068283136904
2022-05-23 00:00:00+00:00,30309.396484375,30590.5859375,28975.560546875,29098.91015625,29098.91015625,31483454557,-0.04039123144227663,-0.04122961033666706,0.04164430347127538
2022-05-24 00:00:00+00:00,29101.125,29774.35546875,28786.58984375,29655.5859375,29655.5859375,26616506245,0.019130468401079792,0.01894978176706928,0.03284802251575154
2022-05-25 00:00:00+00:00,29653.134765625,30157.78515625,29384.94921875,29562.361328125,29562.361328125,27525063551,-0.003143576713387941,-0.0031485281301596416,0.027346723316610543
2022-05-26 00:00:00+00:00,29564.77734375,29834.16015625,28261.90625,29267.224609375,29267.224609375,36774325352,-0.009983529917456657,-0.010033699544872113,0.027630031972147175
2022-05-27 00:00:00+00:00,29251.140625,29346.943359375,28326.61328125,28627.57421875,28627.57421875,36582005748,-0.02185551924250806,-0.022097889022563728,0.02233411400132815
2022-05-28 00:00:00+00:00,28622.625,28814.900390625,28554.56640625,28814.900390625,28814.900390625,35519577634,0.006543557286537771,0.006522241153916333,0.01566284754746104
2022-05-29 00:00:00+00:00,29019.8671875,29498.009765625,28841.107421875,29445.95703125,29445.95703125,18093886409,0.02190035821988534,0.02166399017895866,0.01658846371297751
2022-05-30 00:00:00+00:00,29443.365234375,31949.630859375,29303.572265625,31726.390625,31726.390625,39277993274,0.07744470968730455,0.07459222816391974,0.037638624954926946
2022-05-31 00:00:00+00:00,31723.865234375,32249.86328125,31286.154296875,31792.310546875,31792.310546875,33538210634,0.0020777630413166825,0.0020756074770069063,0.036051270610184274
2022-06-01 00:00:00+00:00,31792.5546875,31957.28515625,29501.587890625,29799.080078125,29799.080078125,41135817341,-0.06269536357891181,-0.06474693067083527,0.04987641051591874
2022-06-02 00:00:00+00:00,29794.890625,30604.734375,29652.705078125,30467.48828125,30467.48828125,29083562061,0.02243049790035867,0.02218263391098452,0.05024904958892582
2022-06-03 00:00:00+00:00,30467.806640625,30633.03515625,29375.689453125,29704.390625,29704.390625,26175547452,-0.02504629358369581,-0.02536528971019155,0.05215522373105859
2022-06-04 00:00:00+00:00,29706.138671875,29930.564453125,29500.005859375,29832.9140625,29832.9140625,16588370958,0.004326748833952898,0.00431741536890466,0.03388668872115442
2022-06-05 00:00:00+00:00,29835.1171875,30117.744140625,29574.44921875,29906.662109375,29906.662109375,17264085441,0.00247203631266113,0.002468985857085947,0.03392886067523191
2022-06-06 00:00:00+00:00,29910.283203125,31693.291015625,29894.1875,31370.671875,31370.671875,31947336829,0.048952630028413324,0.04779217112896654,0.02699993846956054
2022-06-07 00:00:00+00:00,31371.7421875,31489.68359375,29311.68359375,31155.478515625,31155.478515625,40770974039,-0.006859698773187373,-0.006883334658869973,0.02692526922125398
2022-06-08 00:00:00+00:00,31151.48046875,31253.69140625,29944.404296875,30214.35546875,30214.35546875,30242059107,-0.03020730515832104,-0.030672946983430784,0.028456483814342542
2022-06-09 00:00:00+00:00,30215.279296875,30609.310546875,30020.265625,30111.998046875,30111.998046875,21692004719,-0.003387708269364409,-0.0033934595457949636,0.02860320156867846
2022-06-10 00:00:00+00:00,30110.330078125,30245.80859375,28978.146484375,29083.8046875,29083.8046875,29867476527,-0.03414563715680452,-0.03474221923780006,0.03292096334628041
2022-06-11 00:00:00+00:00,29084.666015625,29401.916015625,28236.212890625,28360.810546875,28360.810546875,27246574439,-0.024858994495164377,-0.02517319741030233,0.014192261912082263
2022-06-12 00:00:00+00:00,28373.513671875,28502.685546875,26762.6484375,26762.6484375,26762.6484375,34163220274,-0.056351073137826724,-0.05800108151881945,0.019604984717794857
2022-06-13 00:00:00+00:00,26737.578125,26795.58984375,22141.2578125,22487.388671875,22487.388671875,68204556440,-0.15974726027617203,-0.17405255177667042,0.06719903471788871
2022-06-14 00:00:00+00:00,22487.986328125,23018.951171875,20950.818359375,22206.79296875,22206.79296875,50913575242,-0.012477914053041661,-0.012556416941057361,0.06540191035605092
2022-06-15 00:00:00+00:00,22196.73046875,22642.671875,20178.376953125,22572.83984375,22572.83984375,54912007015,0.01648355417709846,0.01634917508386348,0.073944741885968
2022-06-16 00:00:00+00:00,22576.3046875,22868.921875,20265.2265625,20381.650390625,20381.650390625,31183975654,-0.09707194434960298,-0.10211240133010355,0.0753010914798875
2022-06-17 00:00:00+00:00,20385.71875,21243.3125,20326.51953125,20471.482421875,20471.482421875,27132421514,0.004407495444594733,0.004397810882562394,0.08185884047170518
2022-06-18 00:00:00+00:00,20473.42578125,20736.041015625,17708.623046875,19017.642578125,19017.642578125,42009436760,-0.07101780974085614,-0.07366571122488891,0.05167388711740556
2022-06-19 00:00:00+00:00,19010.90234375,20683.822265625,18067.15234375,20553.271484375,20553.271484375,35329942625,0.0807475952890373,0.07765301952407,0.0724098282914329
2022-06-20 00:00:00+00:00,20553.37109375,20913.322265625,19689.169921875,20599.537109375,20599.537109375,30818458597,0.002251010260589048,0.002248480532576946,0.07112364784852981
2022-06-21 00:00:00+00:00,20594.294921875,21620.62890625,20415.0625,20710.59765625,20710.59765625,28970212744,0.0053914098304885805,0.005376928208097346,0.053522585916654555
2022-06-22 00:00:00+00:00,20719.4140625,20835.75,19848.078125,19987.029296875,19987.029296875,28574793478,-0.034937106663198714,-0.03556200532463169,0.05621507363237743
2022-06-23 00:00:00+00:00,19986.607421875,21135.76171875,19950.1171875,21085.876953125,21085.876953125,26188097173,0.05497803800296652,0.053519949652552336,0.04489278887295996
2022-06-24 00:00:00+00:00,21084.6484375,21472.91796875,20777.51171875,21231.65625,21231.65625,24957784918,0.006913598955313738,0.006889809613761697,0.03162110241901865
2022-06-25 00:00:00+00:00,21233.609375,21520.9140625,20964.5859375,21502.337890625,21502.337890625,18372538715,0.012748964915301864,0.01266838104662478,0.03161466025144894
2022-06-26 00:00:00+00:00,21496.494140625,21783.724609375,21016.26953125,21027.294921875,21027.294921875,18027170497,-0.02209261947079333,-0.02234031636729734,0.034605011304739794
2022-06-27 00:00:00+00:00,21028.23828125,21478.08984375,20620.19921875,20735.478515625,20735.478515625,20965695707,-0.013877981325425726,-0.013975180844796839,0.029565348785156667
2022-06-28 00:00:00+00:00,20731.544921875,21164.423828125,20228.8125,20280.634765625,20280.634765625,21381535161,-0.02193553187871977,-0.022179692795419582,0.016515701307844084
2022-06-29 00:00:00+00:00,20281.169921875,20364.15625,19937.791015625,20104.0234375,20104.0234375,23552740328,-0.008708372798288844,-0.00874651225988825,0.014384662533203509
2022-06-30 00:00:00+00:00,20108.3125,20141.16015625,18729.65625,19784.7265625,19784.7265625,26267239923,-0.01588223750298734,-0.016009711756282033,0.005765998338926338
2022-07-01 00:00:00+00:00,19820.470703125,20632.671875,19073.708984375,19269.3671875,19269.3671875,30767551159,-0.02604834458398897,-0.02639361166796203,0.006932840006321717
2022-07-02 00:00:00+00:00,19274.8359375,19371.748046875,19027.08203125,19242.255859375,19242.255859375,18100418740,-0.0014069651515379311,-0.0014079558563739067,0.01007742381924808
2022-07-03 00:00:00+00:00,19242.095703125,19558.26953125,18966.951171875,19297.076171875,19297.076171875,16390821947,0.002848954556089245,0.0028449039765122944,0.011675151652653938
2022-07-04 00:00:00+00:00,19297.314453125,20258.748046875,19063.06640625,20231.26171875,20231.26171875,21594638208,0.04841073013105235,0.04727542718300751,0.028240107179069208
2022-07-05 00:00:00+00:00,20225.353515625,20635.466796875,19341.232421875,20190.115234375,20190.115234375,26715546990,-0.0020338071321012174,-0.002035878126304793,0.026755981954396997
2022-07-06 00:00:00+00:00,20194.619140625,20595.529296875,19823.51171875,20548.24609375,20548.24609375,24598943708,0.017737930428710857,0.017582449257883936,0.0208115756007086
2022-07-07 00:00:00+00:00,20547.814453125,21771.81640625,20296.103515625,21637.587890625,21637.587890625,25814972520,0.053013857820514154,0.05165639338861742,0.024858492772653566
2022-07-08 00:00:00+00:00,21637.154296875,22314.94140625,21257.453125,21731.1171875,21731.1171875,49899834488,0.004322538045727464,0.0043132227124235666,0.02456089714352607
2022-07-09 00:00:00+00:00,21716.828125,21877.138671875,21445.95703125,21592.20703125,21592.20703125,29641127858,-0.006392223420980114,-0.0064127411638449485,0.023418506042051142
2022-07-10 00:00:00+00:00,21591.080078125,21591.080078125,20727.123046875,20860.44921875,20860.44921875,28688807249,-0.03388990349346599,-0.03447747972502637,0.03167250396866173
2022-07-11 00:00:00+00:00,20856.353515625,20856.353515625,19924.5390625,19970.556640625,19970.556640625,24150249025,-0.04265931997884009,-0.04359596339476734,0.03759912172393808
2022-07-12 00:00:00+00:00,19970.474609375,20043.4453125,19308.53125,19323.9140625,19323.9140625,25810220018,-0.03237979740682695,-0.03291562138901987,0.020461331726842218
2022-07-13 00:00:00+00:00,19325.97265625,20223.052734375,18999.953125,20212.07421875,20212.07421875,33042430345,0.04596171114078618,0.044936759944821686,0.03599632563553666
2022-07-14 00:00:00+00:00,20211.466796875,20789.89453125,19689.2578125,20569.919921875,20569.919921875,31158743333,0.017704551212910147,0.017549651263241726,0.038825069035000596
2022-07-15 00:00:00+00:00,20573.15625,21138.244140625,20397.0,20836.328125,20836.328125,25905575359,0.012951348577769028,0.012868197042892807,0.03700226880117761
2022-07-16 00:00:00+00:00,20834.103515625,21514.404296875,20518.8984375,21190.31640625,21190.31640625,24302954056,0.01698899533192111,0.016846296291970084,0.028094394544949206
2022-07-17 00:00:00+00:00,21195.041015625,21600.640625,20778.1796875,20779.34375,20779.34375,22927802083,-0.01939436147960416,-0.01958489970974724,0.022943639166149932
2022-07-18 00:00:00+00:00,20781.912109375,22633.033203125,20781.912109375,22485.689453125,22485.689453125,39974475562,0.08211740099467768,0.07891967823012867,0.035695224750436676
2022-07-19 00:00:00+00:00,22467.849609375,23666.962890625,21683.40625,23389.43359375,23389.43359375,48765202697,0.0401919693193753,0.03940528200341783,0.036448367147386806
2022-07-20 00:00:00+00:00,23393.19140625,24196.818359375,23009.94921875,23231.732421875,23231.732421875,42932549127,-0.006742410894342465,-0.006765243636369361,0.03913380713606963
2022-07-21 00:00:00+00:00,23233.201171875,23388.322265625,22431.1484375,23164.62890625,23164.62890625,33631012204,-0.0028884421706671937,-0.0028926217700481673,0.040717528299046436
2022-07-22 00:00:00+00:00,23163.751953125,23671.927734375,22603.416015625,22714.978515625,22714.978515625,31421555646,-0.01941107679491816,-0.019601945764881813,0.04072144326443162
2022-07-23 00:00:00+00:00,22706.984375,22977.2109375,22002.91015625,22465.478515625,22465.478515625,24021799169,-0.010983941711781742,-0.011044710597189035,0.022983538758462298
2022-07-24 00:00:00+00:00,22465.509765625,22974.001953125,22306.83984375,22609.1640625,22609.1640625,23565495303,0.006395837363315726,0.006375470790258249,0.00962767131566424
2022-07-25 00:00:00+00:00,22607.15625,22649.12109375,21361.642578125,21361.701171875,21361.701171875,35574561406,-0.05517510011323534,-0.056755659782032404,0.02433076921959755
2022-07-26 00:00:00+00:00,21361.12109375,21361.12109375,20776.81640625,21239.75390625,21239.75390625,28624673855,-0.005708686992848544,-0.0057250438268413185,0.02395658326312405
2022-07-27 00:00:00+00:00,21244.169921875,22986.529296875,21070.806640625,22930.548828125,22930.548828125,31758955233,0.0796052030234431,0.07659542154936112,0.04812906734754025
2022-07-28 00:00:00+00:00,22933.640625,24110.470703125,22722.265625,23843.88671875,23843.88671875,40212386158,0.0398306162434614,0.03905783089201425,0.04994448693305789
2022-07-29 00:00:00+00:00,23845.212890625,24294.787109375,23481.173828125,23804.6328125,23804.6328125,35887249746,-0.0016462880701044735,-0.001647644691440151,0.0502943967657103
2022-07-30 00:00:00+00:00,23796.818359375,24572.580078125,23580.5078125,23656.20703125,23656.20703125,28148218301,-0.006235163651508224,-0.006254683466181995,0.0366917178148645
2022-07-31 00:00:00+00:00,23652.0703125,24121.642578125,23275.703125,23336.896484375,23336.896484375,23553591896,-0.013497960448739299,-0.013589886059606543,0.038228370792606985
2022-08-01 00:00:00+00:00,23336.71875,23464.787109375,22890.796875,23314.19921875,23314.19921875,25849159141,-0.0009725914343493569,-0.0009730647082914476,0.02060290789044145
2022-08-02 00:00:00+00:00,23308.43359375,23415.041015625,22710.083984375,22978.1171875,22978.1171875,28389250717,-0.014415336683737068,-0.01452024708261338,0.00641715288994108
2022-08-03 00:00:00+00:00,22981.302734375,23578.650390625,22747.8359375,22846.5078125,22846.5078125,26288169966,-0.0057275961266136655,-0.005744061707541017,0.005723625053510689
2022-08-04 00:00:00+00:00,22848.21484375,23198.009765625,22485.701171875,22630.95703125,22630.95703125,25120229769,-0.009434736504108754,-0.009479525568520927,0.005628206677833378
2022-08-05 00:00:00+00:00,22626.833984375,23422.828125,22612.177734375,23289.314453125,23289.314453125,28881249043,0.029091011085651708,0.028675899088160428,0.017000839188865604
2022-08-06 00:00:00+00:00,23291.423828125,23326.5625,22961.279296875,22961.279296875,22961.279296875,15978259885,-0.014085221654344782,-0.014185359813054537,0.018101741936919935
2022-08-07 00:00:00+00:00,22963.505859375,23359.009765625,22894.556640625,23175.890625,23175.890625,15886817043,0.009346662498644243,0.009303252730044901,0.01745170551109488
2022-08-08 00:00:00+00:00,23179.52734375,24203.689453125,23176.546875,23809.486328125,23809.486328125,28575544847,0.02733856978257987,0.02697154534457858,0.019915472284705943
2022-08-09 00:00:00+00:00,23811.484375,23898.615234375,22982.0,23164.318359375,23164.318359375,23555719219,-0.02709709734425869,-0.02747099349637511,0.024918249255014974
2022-08-10 00:00:00+00:00,23162.8984375,24127.4140625,22771.51953125,23947.642578125,23947.642578125,32837431722,0.033815983988709775,0.03325679505388167,0.026079222115504192
2022-08-11 00:00:00+00:00,23948.345703125,24822.62890625,23900.99609375,23957.529296875,23957.529296875,37127036580,0.00041284726535173455,0.00041276206736784357,0.024052327082220996
2022-08-12 00:00:00+00:00,23957.203125,24412.56640625,23657.265625,24402.818359375,24402.818359375,27265804688,0.018586602023192844,0.018415982056898608,0.024470533143849553
2022-08-13 00:00:00+00:00,24402.1875,24860.05078125,24346.115234375,24424.068359375,24424.068359375,22987346289,0.0008708010561344626,0.0008704221288590054,0.02275329419226326
2022-08-14 00:00:00+00:00,24429.056640625,24974.9140625,24206.259765625,24319.333984375,24319.333984375,22994133555,-0.004288162539464846,-0.0042973830773317305,0.015740289656080656
2022-08-15 00:00:00+00:00,24318.31640625,25135.58984375,23839.775390625,24136.97265625,24136.97265625,35123501685,-0.007498615226969818,-0.00752687118445491,0.010034874758725077
2022-08-16 00:00:00+00:00,24126.13671875,24228.416015625,23733.5,23883.291015625,23883.291015625,27753685646,-0.010510085263709001,-0.010565706274135412,0.011453548114130123
2022-08-17 00:00:00+00:00,23881.31640625,24407.05859375,23243.353515625,23335.998046875,23335.998046875,30931623076,-0.02291530796119967,-0.023181944883864696,0.009017637187911468
2022-08-18 00:00:00+00:00,23341.0390625,23563.83203125,23177.6015625,23212.73828125,23212.73828125,23747613147,-0.005281958173694035,-0.005295957030778942,0.0076599165077784834
2022-08-19 00:00:00+00:00,23213.3125,23213.3125,20868.84765625,20877.552734375,20877.552734375,40509610260,-0.10059931398792521,-0.10602664190168617,0.04277326903873203
2022-08-20 00:00:00+00:00,20872.841796875,21350.806640625,20856.73046875,21166.060546875,21166.060546875,27595671000,0.013819043648011897,0.013724431302661714,0.04652082292765236
2022-08-21 00:00:00+00:00,21160.392578125,21668.845703125,21103.197265625,21534.12109375,21534.12109375,23102307723,0.01738918520335342,0.017239723512555944,0.05036999149515858
2022-08-22 00:00:00+00:00,21531.462890625,21531.462890625,20939.18359375,21398.908203125,21398.908203125,31666498758,-0.006279006699941081,-0.006298802571622582,0.05072731825231923
2022-08-23 00:00:00+00:00,21401.044921875,21646.203125,20955.138671875,21528.087890625,21528.087890625,31878280659,0.006036741981122917,0.0060185938546632,0.05164254761811575
2022-08-24 00:00:00+00:00,21526.455078125,21783.076171875,21195.005859375,21395.01953125,21395.01953125,31962253368,-0.006181150878381003,-0.00620033327852915,0.010954692380643852
2022-08-25 00:00:00+00:00,21395.458984375,21789.63671875,21362.44140625,21600.904296875,21600.904296875,31028679593,0.009623023027591993,0.009577016652955654,0.010253751047139359
2022-08-26 00:00:00+00:00,21596.0859375,21804.908203125,20199.482421875,20260.01953125,20260.01953125,42326789564,-0.06207539958496022,-0.06408571655966329,0.029870986374591582
2022-08-27 00:00:00+00:00,20262.48046875,20340.775390625,19890.5234375,20041.73828125,20041.73828125,30116729776,-0.010773990107132536,-0.010832449813926528,0.029715560268534107
2022-08-28 00:00:00+00:00,20041.03515625,20139.0546875,19616.814453125,19616.814453125,19616.814453125,24366810591,-0.021201944769558057,-0.0214299343072556,0.027771341405723744
2022-08-29 00:00:00+00:00,19615.154296875,20357.462890625,19600.78515625,20297.994140625,20297.994140625,32637854078,0.03472427641744291,0.034134991629983055,0.03669594111518298
2022-08-30 00:00:00+00:00,20298.611328125,20542.64453125,19617.640625,19796.80859375,19796.80859375,34483360283,-0.024691382971281484,-0.02500132778356697,0.03518719783671731
2022-08-31 00:00:00+00:00,19799.58203125,20420.990234375,19799.58203125,20049.763671875,20049.763671875,33225232872,0.012777568511970205,0.012696624168793951,0.02503141345068093
2022-09-01 00:00:00+00:00,20050.498046875,20198.390625,19653.96875,20127.140625,20127.140625,30182031010,0.0038592451457939436,0.0038518173635346637,0.024606557558175
2022-09-02 00:00:00+00:00,20126.072265625,20401.568359375,19814.765625,19969.771484375,19969.771484375,29123998928,-0.007818752974256604,-0.007849479691159277,0.022160317182101003
2022-09-03 00:00:00+00:00,19969.71875,20037.009765625,19698.35546875,19832.087890625,19832.087890625,23613051457,-0.006894600364241943,-0.006918477935497839,0.014166380126135154
2022-09-04 00:00:00+00:00,19832.470703125,19999.689453125,19636.81640625,19986.712890625,19986.712890625,25245861652,0.007796708085036963,0.007766470822269511,0.00904999490012677
2022-09-05 00:00:00+00:00,19988.7890625,20031.16015625,19673.046875,19812.37109375,19812.37109375,28813460025,-0.008722884940063236,-0.008761151996171085,0.007632471507320368
2022-09-06 00:00:00+00:00,19817.724609375,20155.26953125,18800.171875,18837.66796875,18837.66796875,43403978910,-0.04919669232863699,-0.0504480646723607,0.021879164175135052
2022-09-07 00:00:00+00:00,18837.68359375,19427.171875,18644.466796875,19290.32421875,19290.32421875,35239757134,0.024029314602578067,0.02374515374913594,0.02763207504483376
2022-09-08 00:00:00+00:00,19289.94140625,19417.3515625,19076.71484375,19329.833984375,19329.833984375,32194477850,0.0020481649337233954,0.00204607030353663,0.027921773308260928
2022-09-09 00:00:00+00:00,19328.140625,21439.41015625,19310.962890625,21381.15234375,21381.15234375,48469528171,0.10612188190716765,0.10086009766789074,0.055796181631341264
2022-09-10 00:00:00+00:00,21376.912109375,21760.275390625,21168.72265625,21680.5390625,21680.5390625,36913738894,0.014002365912589188,0.01390523841339878,0.05444086866840735
2022-09-11 00:00:00+00:00,21678.54296875,21770.552734375,21406.9453125,21769.255859375,21769.255859375,34493951963,0.004092001431295067,0.004083651963045384,0.041129830140145644
2022-09-12 00:00:00+00:00,21770.1484375,22439.181640625,21603.896484375,22370.44921875,22370.44921875,50212088965,0.027616624254801714,0.027242163871664303,0.04104931712275757
2022-09-13 00:00:00+00:00,22371.48046875,22673.8203125,20062.669921875,20296.70703125,20296.70703125,51091116622,-0.09270006906083372,-0.09728219892342403,0.07090890302283318
2022-09-14 00:00:00+00:00,20184.5546875,20467.201171875,19793.396484375,20241.08984375,20241.08984375,37872380889,-0.0027402074343571003,-0.0027439686753737906,0.04955558006709365
2022-09-15 00:00:00+00:00,20242.2890625,20318.166015625,19636.734375,19701.2109375,19701.2109375,36389011503,-0.026672422800232853,-0.02703458624126178,0.04777028490466804
2022-09-16 00:00:00+00:00,19704.005859375,19870.62890625,19400.076171875,19772.583984375,19772.583984375,30123362273,0.003622774615297697,0.0036162281734326176,0.04771388204792061
2022-09-17 00:00:00+00:00,19777.033203125,20162.53125,19777.033203125,20127.576171875,20127.576171875,24957448100,0.017953757980268437,0.017794492715736767,0.045550959455900215
2022-09-18 00:00:00+00:00,20127.234375,20127.234375,19387.4921875,19419.505859375,19419.505859375,31254779144,-0.035179114785287124,-0.03581280604750071,0.022137584443936074
2022-09-19 00:00:00+00:00,19418.572265625,19639.48046875,18390.318359375,19544.12890625,19544.12890625,40177002624,0.006417415961943007,0.006396912022913548,0.0231220162585289
2022-09-20 00:00:00+00:00,19545.591796875,19602.45703125,18813.455078125,18890.7890625,18890.7890625,36791346508,-0.033428956945789956,-0.03400047754708742,0.024780719184556894
2022-09-21 00:00:00+00:00,18891.283203125,19674.630859375,18290.314453125,18547.400390625,18547.400390625,46363793975,-0.018177571658806957,-0.018344813515223775,0.024053786818255034
2022-09-22 00:00:00+00:00,18534.650390625,19456.91015625,18415.591796875,19413.55078125,19413.55078125,41135767926,0.04669928789927913,0.045641677549128984,0.034052463865731006
2022-09-23 00:00:00+00:00,19412.400390625,19464.671875,18617.552734375,19297.638671875,19297.638671875,38896078052,-0.005970680514919002,-0.00598857629671097,0.030185198404368806
2022-09-24 00:00:00+00:00,19296.990234375,19310.197265625,18861.974609375,18937.01171875,18937.01171875,26149643168,-0.01868762076318642,-0.018864440709329067,0.030693213293939422
2022-09-25 00:00:00+00:00,18936.310546875,19134.732421875,18696.46875,18802.09765625,18802.09765625,23359966112,-0.007124358610731463,-0.007149858037088313,0.026730676402642314
2022-09-26 00:00:00+00:00,18803.900390625,19274.873046875,18721.28515625,19222.671875,19222.671875,44148798321,0.022368473265013344,0.022121968157295297,0.026266082217626125
2022-09-27 00:00:00+00:00,19221.83984375,20338.455078125,18915.66796875,19110.546875,19110.546875,58571439619,-0.005832956039052206,-0.005850034170169328,0.015140694443543124
2022-09-28 00:00:00+00:00,19104.62109375,19688.34375,18553.296875,19426.720703125,19426.720703125,53071298734,0.016544467837213528,0.016409099157190264,0.01725515454737354
2022-09-29 00:00:00+00:00,19427.779296875,19589.265625,18924.353515625,19573.05078125,19573.05078125,41037843771,0.007532412719634118,0.007504185755091534,0.01305784410260555
2022-09-30 00:00:00+00:00,19573.431640625,20109.849609375,19265.662109375,19431.7890625,19431.7890625,43975248085,-0.0072171538473359,-0.007243323491751529,0.013082505059605235
2022-10-01 00:00:00+00:00,19431.10546875,19471.154296875,19231.08203125,19312.095703125,19312.095703125,18719537670,-0.0061596674907298254,-0.006178716506548767,0.010560875250546168
2022-10-02 00:00:00+00:00,19311.849609375,19370.30859375,18970.62109375,19044.107421875,19044.107421875,20765955327,-0.013876706359042923,-0.013973887936277964,0.012339544110738511
2022-10-03 00:00:00+00:00,19044.068359375,19653.54296875,19025.2265625,19623.580078125,19623.580078125,30484729489,0.030427924155919772,0.0299741763073446,0.01746671670987677
2022-10-04 00:00:00+00:00,19623.583984375,20380.34375,19523.83984375,20336.84375,20336.84375,35887278685,0.036347275524413414,0.035702295702777984,0.023269813975076242
2022-10-05 00:00:00+00:00,20335.900390625,20343.748046875,19801.80078125,20160.716796875,20160.716796875,33223790572,-0.008660486125090072,-0.00869820607502516,0.02351055170307226
2022-10-06 00:00:00+00:00,20161.0390625,20408.392578125,19900.087890625,19955.443359375,19955.443359375,34711412966,-0.01018185214187517,-0.010234041758595132,0.024155693531696085
2022-10-07 00:00:00+00:00,19957.55859375,20041.0859375,19395.79296875,19546.849609375,19546.849609375,29227315390,-0.02047530303595302,-0.02068782806747579,0.025718177607987964
2022-10-08 00:00:00+00:00,19546.328125,19601.6953125,19299.4140625,19416.568359375,19416.568359375,16437423167,-0.006665076603316944,-0.0066873874171619555,0.021824652246227802
2022-10-09 00:00:00+00:00,19417.478515625,19542.5390625,19349.259765625,19446.42578125,19446.42578125,16837262532,0.0015377290838616275,0.0015365479891413887,0.007977715652029387
2022-10-10 00:00:00+00:00,19446.416015625,19515.466796875,19102.978515625,19141.484375,19141.484375,27425022774,-0.01568110303046133,-0.01580535214708789,0.008534437248595667
2022-10-11 00:00:00+00:00,19139.0,19241.9609375,18925.603515625,19051.41796875,19051.41796875,28711532910,-0.00470529894576166,-0.004716403712704758,0.008905956013786466
2022-10-12 00:00:00+00:00,19052.646484375,19203.19921875,19029.7578125,19157.4453125,19157.4453125,24950173846,0.005565325579645286,0.005549896374470987,0.008199885641288616
2022-10-13 00:00:00+00:00,19156.966796875,19453.328125,18319.822265625,19382.904296875,19382.904296875,44219840004,0.011768739552548313,0.011700026522297709,0.010506002186838092
2022-10-14 00:00:00+00:00,19382.533203125,19889.146484375,19115.408203125,19185.65625,19185.65625,38452356727,-0.010176392755898878,-0.010228526229371489,0.011268500344153725
2022-10-15 00:00:00+00:00,19185.4375,19212.541015625,19019.25,19067.634765625,19067.634765625,16192235532,-0.0061515479500473536,-0.006170546675591737,0.009078082511713012
2022-10-16 00:00:00+00:00,19068.9140625,19389.603515625,19068.9140625,19268.09375,19268.09375,17988916650,0.010513049302600663,0.010458171486817167,0.009927045418670413
2022-10-17 00:00:00+00:00,19268.5625,19635.802734375,19173.333984375,19550.7578125,19550.7578125,27472552998,0.014670058500208416,0.014563494131467007,0.011384813979254239
2022-10-18 00:00:00+00:00,19550.466796875,19666.994140625,19144.76953125,19334.416015625,19334.416015625,30580012344,-0.011065647631146036,-0.011127327349328565,0.012111252846891612
2022-10-19 00:00:00+00:00,19335.02734375,19348.416015625,19127.6875,19139.53515625,19139.53515625,22425387184,-0.010079479991405349,-0.010130621895940859,0.012091657309455342
2022-10-20 00:00:00+00:00,19138.0859375,19315.19921875,18971.458984375,19053.740234375,19053.740234375,24493974420,-0.004482602172654282,-0.004492679159130498,0.011916307259180806
2022-10-21 00:00:00+00:00,19053.203125,19237.384765625,18770.970703125,19172.46875,19172.46875,32459287866,0.006231244583192241,0.00621191065339352,0.01109463502368051
2022-10-22 00:00:00+00:00,19172.380859375,19248.068359375,19132.244140625,19208.189453125,19208.189453125,16104440957,0.0018631248583989013,0.0018613913940529582,0.007519742655605471
2022-10-23 00:00:00+00:00,19207.734375,19646.65234375,19124.197265625,19567.0078125,19567.0078125,22128794335,0.018680488353712166,0.01850815095417208,0.010940960310458827
2022-10-24 00:00:00+00:00,19567.76953125,19589.125,19206.32421875,19345.572265625,19345.572265625,30202235805,-0.011316781236911488,-0.011381303255268389,0.011306994606991229
2022-10-25 00:00:00+00:00,19344.96484375,20348.412109375,19261.447265625,20095.857421875,20095.857421875,47761524910,0.03878330120960949,0.038050125599863024,0.01867372499459007
2022-10-26 00:00:00+00:00,20092.236328125,20938.134765625,20076.1171875,20770.44140625,20770.44140625,58895950537,0.03356831063305088,0.033017194358947406,0.02080696498733289
2022-10-27 00:00:00+00:00,20772.802734375,20854.044921875,20255.373046875,20285.8359375,20285.8359375,49625110402,-0.0233314959115013,-0.023607984321621485,0.02725545605251519
2022-10-28 00:00:00+00:00,20287.95703125,20724.98046875,20086.068359375,20595.3515625,20595.3515625,43994715910,0.015257721000682789,0.015142492579417856,0.02706198817102569
2022-10-29 00:00:00+00:00,20595.103515625,20988.39453125,20566.484375,20818.4765625,20818.4765625,40369840645,0.01083375534148523,0.010775490653264773,0.024309690458035493
2022-10-30 00:00:00+00:00,20817.982421875,20917.005859375,20547.462890625,20635.603515625,20635.603515625,31486345556,-0.008784170461560437,-0.008822978719624204,0.021967183496656998
2022-10-31 00:00:00+00:00,20633.6953125,20795.3203125,20287.458984375,20495.7734375,20495.7734375,45668466815,-0.006776156462742766,-0.006799218852899474,0.015743050910817964
2022-11-01 00:00:00+00:00,20494.8984375,20647.2890625,20359.845703125,20485.2734375,20485.2734375,39819303159,-0.0005123007449325812,-0.0005124320157945651,0.01061367509039188
2022-11-02 00:00:00+00:00,20482.958984375,20742.810546875,20087.134765625,20159.50390625,20159.50390625,55552169483,-0.015902620594443806,-0.01603042401585493,0.010073727331131693
2022-11-03 00:00:00+00:00,20162.689453125,20382.095703125,20086.240234375,20209.98828125,20209.98828125,43228750179,0.0025042468919260763,0.002501116490787244,0.007272846105250708
2022-11-04 00:00:00+00:00,20208.76953125,21209.560546875,20188.01953125,21147.23046875,21147.23046875,64072727950,0.0463751969796804,0.04533199824767065,0.023689395833952517
2022-11-05 00:00:00+00:00,21144.83203125,21446.88671875,21097.634765625,21282.69140625,21282.69140625,37846047609,0.006405611254872046,0.006385182519711849,0.022778089861826167
2022-11-06 00:00:00+00:00,21285.056640625,21345.376953125,20920.19140625,20926.486328125,20926.486328125,35082693210,-0.01673684363155281,-0.01687848726805324,0.025263887493333848
2022-11-07 00:00:00+00:00,20924.62109375,21053.24609375,20489.97265625,20602.81640625,20602.81640625,53510852236,-0.015466997985227438,-0.015587859865227252,0.025175640237271344
2022-11-08 00:00:00+00:00,20600.671875,20664.607421875,17603.544921875,18541.271484375,18541.271484375,118992465607,-0.10006131594948431,-0.10542864681146098,0.055347768248282005
2022-11-09 00:00:00+00:00,18543.76171875,18590.458984375,15682.6923828125,15880.7802734375,15880.7802734375,102905151606,-0.14349022466876316,-0.15488954817014716,0.06940765146759495
2022-11-10 00:00:00+00:00,15883.158203125,18054.3125,15834.0185546875,17586.771484375,17586.771484375,83202283721,0.10742489862358795,0.1020374090112842,0.09844868649297872
2022-11-11 00:00:00+00:00,17583.251953125,17650.943359375,16543.482421875,17034.29296875,17034.29296875,55871616488,-0.03141443647663533,-0.03191845360130116,0.09786432896507041
2022-11-12 00:00:00+00:00,17036.875,17066.67578125,16651.775390625,16799.185546875,16799.185546875,29717699419,-0.013802006476365758,-0.013898139747380939,0.09797755158497173
2022-11-13 00:00:00+00:00,16799.72265625,16920.765625,16320.634765625,16353.365234375,16353.365234375,27209183682,-0.026538209918333333,-0.026896704984698754,0.09108299492679033
2022-11-14 00:00:00+00:00,16352.0283203125,17109.32421875,15872.94140625,16618.19921875,16618.19921875,49630243054,0.016194463988263186,0.016064732404599078,0.05521108982229929
2022-11-15 00:00:00+00:00,16617.484375,17051.962890625,16542.55078125,16884.61328125,16884.61328125,36599436183,0.016031463998783302,0.01590431717951544,0.022991209617589253
2022-11-16 00:00:00+00:00,16884.341796875,16960.294921875,16430.111328125,16669.439453125,16669.439453125,33925512989,-0.0127437818409466,-0.012825680370738035,0.019354293827175996
2022-11-17 00:00:00+00:00,16670.42578125,16726.439453125,16460.68359375,16687.517578125,16687.517578125,27868914022,0.0010845070736082985,0.0010839194206494296,0.018649613981280275
2022-11-18 00:00:00+00:00,16687.912109375,16947.05859375,16564.611328125,16697.77734375,16697.77734375,26862218609,0.0006148167681003791,0.0006146278457023498,0.012146980708595692
2022-11-19 00:00:00+00:00,16696.220703125,16797.876953125,16570.41015625,16711.546875,16711.546875,16106223492,0.0008246325823211276,0.0008242927596795972,0.010166147016270251
2022-11-20 00:00:00+00:00,16712.919921875,16746.779296875,16248.6923828125,16291.83203125,16291.83203125,21313378652,-0.025115259939095247,-0.02543603029442077,0.011813852530523927
2022-11-21 00:00:00+00:00,16291.2236328125,16291.2236328125,15599.046875,15787.2841796875,15787.2841796875,37429485518,-0.030969374751391165,-0.03145906258707414,0.016183540922286938
2022-11-22 00:00:00+00:00,15782.30078125,16253.0478515625,15656.6064453125,16189.76953125,16189.76953125,30726828760,0.025494274188105903,0.02517471508039186,0.022847835955174325
2022-11-23 00:00:00+00:00,16195.5888671875,16638.193359375,16170.5029296875,16610.70703125,16610.70703125,32958875628,0.02600021570334854,0.025667956985737504,0.027039264714286856
2022-11-24 00:00:00+00:00,16611.63671875,16771.474609375,16501.767578125,16604.46484375,16604.46484375,26129037414,-0.0003757930043709612,-0.00037586363225689277,0.02702383788657214
2022-11-25 00:00:00+00:00,16602.26953125,16603.31640625,16388.404296875,16521.841796875,16521.841796875,18678255976,-0.004975953615638518,-0.004988374895103048,0.023811759275859858
2022-11-26 00:00:00+00:00,16521.576171875,16666.86328125,16416.228515625,16464.28125,16464.28125,18000008764,-0.0034839061881034583,-0.0034899891216231276,0.015630175814106206
2022-11-27 00:00:00+00:00,16463.8828125,16594.40625,16437.025390625,16444.626953125,16444.626953125,20443898509,-0.0011937537130568554,-0.0011944668045808346,0.012734634623659043
2022-11-28 00:00:00+00:00,16440.22265625,16482.93359375,16054.5302734375,16217.322265625,16217.322265625,27743025156,-0.013822428939733733,-0.013918848240971523,0.005419355320811334
2022-11-29 00:00:00+00:00,16217.6396484375,16522.2578125,16139.396484375,16444.982421875,16444.982421875,23581685468,0.014038085481754337,0.01394046411034608,0.010098667549085536
2022-11-30 00:00:00+00:00,16445.4765625,17190.9375,16445.4765625,17168.56640625,17168.56640625,29523576583,0.044000289316970864,0.043059766583943886,0.022141343432035717
2022-12-01 00:00:00+00:00,17168.001953125,17197.498046875,16888.388671875,16967.1328125,16967.1328125,22895392882,-0.011732697360023692,-0.011802068595367332,0.02346225875668678
2022-12-02 00:00:00+00:00,16968.68359375,17088.66015625,16877.880859375,17088.66015625,17088.66015625,19539705127,0.007162515027905547,0.007136986045805121,0.023115348513052653
2022-12-03 00:00:00+00:00,17090.09765625,17116.041015625,16888.140625,16908.236328125,16908.236328125,16217776704,-0.010558102652595158,-0.010614234867796273,0.02237878734270419
2022-12-04 00:00:00+00:00,16908.169921875,17157.767578125,16903.439453125,17130.486328125,17130.486328125,16824520830,0.013144481522908036,0.01305884246336571,0.022327083840909864
2022-12-05 00:00:00+00:00,17128.89453125,17378.15234375,16922.431640625,16974.826171875,16974.826171875,22209086834,-0.00908673304822849,-0.009128269217154126,0.01152158020095331
2022-12-06 00:00:00+00:00,16975.23828125,17091.86328125,16939.921875,17089.50390625,17089.50390625,19889922369,0.006755753090715411,0.006733035250819497,0.010635579763741604
2022-12-07 00:00:00+00:00,17089.505859375,17109.376953125,16750.55859375,16848.126953125,16848.126953125,19675404389,-0.01412428087141393,-0.014224977832437721,0.011979303551642749
2022-12-08 00:00:00+00:00,16847.349609375,17267.916015625,16788.783203125,17233.474609375,17233.474609375,20496603770,0.022871839541696026,0.022614200081039638,0.015332501400839482
2022-12-09 00:00:00+00:00,17232.1484375,17280.546875,17100.8359375,17133.15234375,17133.15234375,20328426366,-0.005821360340788395,-0.005838370505888547,0.014802810788950582
2022-12-10 00:00:00+00:00,17134.220703125,17216.826171875,17120.68359375,17128.724609375,17128.724609375,12706781969,-0.00025843080632004245,-0.00025846420531521353,0.013936889232677805
2022-12-11 00:00:00+00:00,17129.7109375,17245.634765625,17091.8203125,17104.193359375,17104.193359375,14122486832,-0.0014321702613265819,-0.00143319679738864,0.013691346033742093
2022-12-12 00:00:00+00:00,17102.5,17212.564453125,16899.39453125,17206.4375,17206.4375,19617581341,0.005977723618808328,0.0059599279123048595,0.011119345907278222
2022-12-13 00:00:00+00:00,17206.44140625,17930.0859375,17111.763671875,17781.318359375,17781.318359375,26634741631,0.033410801008343594,0.03286478873072886,0.015459228978769574
2022-12-14 00:00:00+00:00,17782.06640625,18318.53125,17739.513671875,17815.650390625,17815.650390625,25534481470,0.0019307922256450727,0.0019289306421712124,0.014285385493541098
2022-12-15 00:00:00+00:00,17813.64453125,17846.744140625,17322.58984375,17364.865234375,17364.865234375,20964448341,-0.02530276169357326,-0.02562838102102438,0.020860904019360235
2022-12-16 00:00:00+00:00,17364.546875,17505.525390625,16584.701171875,16647.484375,16647.484375,24031608960,-0.04131220425223303,-0.04218980898149945,0.029196026500246493
2022-12-17 00:00:00+00:00,16646.982421875,16800.58984375,16614.029296875,16795.091796875,16795.091796875,14463581825,0.008866650272798315,0.008827572352892032,0.02950185190710352
2022-12-18 00:00:00+00:00,16795.609375,16815.38671875,16697.8203125,16757.9765625,16757.9765625,10924354698,-0.0022098857704312413,-0.002212331171359141,0.02133455686041595
2022-12-19 00:00:00+00:00,16759.041015625,16807.52734375,16398.13671875,16439.6796875,16439.6796875,17221074814,-0.01899375344110854,-0.01917645189485355,0.019969858749497707
2022-12-20 00:00:00+00:00,16441.787109375,17012.984375,16427.8671875,16906.3046875,16906.3046875,22722096615,0.028384068842582266,0.027988705082472278,0.02678927046197773
2022-12-21 00:00:00+00:00,16904.52734375,16916.80078125,16755.912109375,16817.53515625,16817.53515625,14882945045,-0.005250676176186131,-0.005264509420176635,0.01761378841381892
2022-12-22 00:00:00+00:00,16818.380859375,16866.673828125,16592.408203125,16830.341796875,16830.341796875,16441573050,0.0007615052090579333,0.0007612154110786702,0.017200390018966005
2022-12-23 00:00:00+00:00,16829.64453125,16905.21875,16794.458984375,16796.953125,16796.953125,15329265213,-0.001983838015767403,-0.0019858084288219657,0.017192021820028266
2022-12-24 00:00:00+00:00,16796.9765625,16864.703125,16793.52734375,16847.755859375,16847.755859375,9744636213,0.003024520816182319,0.0030199561547248985,0.013271058153751935
2022-12-25 00:00:00+00:00,16847.505859375,16860.5546875,16755.25390625,16841.986328125,16841.986328125,11656379938,-0.000342451024228807,-0.0003425096739709631,0.00310522331239237
2022-12-26 00:00:00+00:00,16842.25,16920.123046875,16812.369140625,16919.8046875,16919.8046875,11886957804,0.004620497716771643,0.004609855984671537,0.002629629969279921
2022-12-27 00:00:00+00:00,16919.291015625,16959.845703125,16642.072265625,16717.173828125,16717.173828125,15748580239,-0.011975957353969946,-0.012048246868378581,0.006528555989180553
2022-12-28 00:00:00+00:00,16716.400390625,16768.169921875,16497.556640625,16552.572265625,16552.572265625,17005713920,-0.009846255365429935,-0.009895050300250239,0.007592773820391845
2022-12-29 00:00:00+00:00,16552.322265625,16651.755859375,16508.68359375,16642.341796875,16642.341796875,14472237479,0.0054232979508825885,0.00540864482551941,0.008117826641290425
2022-12-30 00:00:00+00:00,16641.330078125,16643.427734375,16408.474609375,16602.5859375,16602.5859375,15929162910,-0.002388838052975517,-0.002391695878759684,0.008035924079950263
2022-12-31 00:00:00+00:00,16603.673828125,16628.986328125,16517.51953125,16547.49609375,16547.49609375,11239186456,-0.0033181483870876605,-0.003323665649558149,0.006893476100004724
2023-01-01 00:00:00+00:00,16547.9140625,16630.439453125,16521.234375,16625.080078125,16625.080078125,9244361700,0.0046885633896178724,0.00467760631157723,0.006318804324331454
2023-01-02 00:00:00+00:00,16625.509765625,16759.34375,16572.228515625,16688.470703125,16688.470703125,12097775227,0.0038129515588565255,0.003805700684704715,0.004153686137558451
2023-01-03 00:00:00+00:00,16688.84765625,16760.447265625,16622.37109375,16679.857421875,16679.857421875,13903079207,-0.000516121662866742,-0.0005162548994983624,0.0036187987672808434
2023-01-04 00:00:00+00:00,16680.205078125,16964.5859375,16667.763671875,16863.23828125,16863.23828125,18421743322,0.010994150293785143,0.010934153962035356,0.005447485676991353
2023-01-05 00:00:00+00:00,16863.47265625,16884.021484375,16790.283203125,16836.736328125,16836.736328125,13692758566,-0.0015715814888571655,-0.0015728177184386805,0.004964996162508862
2023-01-06 00:00:00+00:00,16836.47265625,16991.994140625,16716.421875,16951.96875,16951.96875,14413662913,0.006844106816741524,0.006820792235553174,0.0051834863055168715
2023-01-07 00:00:00+00:00,16952.1171875,16975.017578125,16914.19140625,16955.078125,16955.078125,7714767174,0.00018342264818071996,0.00018340582830352,0.00544547772078814
2023-01-08 00:00:00+00:00,16954.146484375,17091.14453125,16924.05078125,17091.14453125,17091.14453125,9768827914,0.008025112314249405,0.00799308234902105,0.005334023978532682
2023-01-09 00:00:00+00:00,17093.9921875,17389.95703125,17093.9921875,17196.5546875,17196.5546875,18624736866,0.006167530562816603,0.006148589187306557,0.004304191051560373
2023-01-10 00:00:00+00:00,17192.94921875,17484.720703125,17162.990234375,17446.29296875,17446.29296875,15808338949,0.014522576515372032,0.014418133870887372,0.005078736914621246
2023-01-11 00:00:00+00:00,17446.359375,17934.896484375,17337.994140625,17934.896484375,17934.896484375,18372283782,0.02800615102017323,0.02762115049773119,0.010454071414384862
2023-01-12 00:00:00+00:00,18117.59375,19030.087890625,17995.203125,18869.587890625,18869.587890625,34971338710,0.052115795988246116,0.05080318049018759,0.01846853481902235
2023-01-13 00:00:00+00:00,18868.90625,19964.322265625,18753.1640625,19909.57421875,19909.57421875,29225029694,0.05511441660269112,0.053649212803668606,0.021260330769468747
2023-01-14 00:00:00+00:00,19910.537109375,21075.142578125,19907.828125,20976.298828125,20976.298828125,38967784639,0.05357847423830919,0.052192440560842025,0.017741102039971673
2023-01-15 00:00:00+00:00,20977.484375,20993.748046875,20606.986328125,20880.798828125,20880.798828125,19298407543,-0.004552757413617381,-0.0045631527773636734,0.025041869024383823
2023-01-16 00:00:00+00:00,20882.224609375,21360.875,20715.74609375,21169.6328125,21169.6328125,26792494050,0.013832516023570829,0.013737719952276949,0.026896024777194827
2023-01-17 00:00:00+00:00,21175.833984375,21438.66015625,20978.533203125,21161.51953125,21161.51953125,24999983362,-0.00038325091993141047,-0.00038332437933474676,0.0282127761841909
2023-01-18 00:00:00+00:00,21161.05078125,21564.501953125,20541.544921875,20688.78125,20688.78125,30005625418,-0.022339524368838015,-0.02259283115330066,0.028059800493672567
2023-01-19 00:00:00+00:00,20686.74609375,21163.01171875,20685.380859375,21086.79296875,21086.79296875,21152848261,0.019238045679950355,0.019055334102897954,0.016414289953880404
2023-01-20 00:00:00+00:00,21085.373046875,22692.357421875,20919.126953125,22676.552734375,22676.552734375,28799154319,0.07539125404137925,0.0726845526110478,0.035299291652950704
2023-01-21 00:00:00+00:00,22677.427734375,23282.34765625,22511.833984375,22777.625,22777.625,32442278429,0.004457126566322689,0.004447222994453112,0.03572303855091241
2023-01-22 00:00:00+00:00,22777.986328125,23056.73046875,22387.900390625,22720.416015625,22720.416015625,24746386230,-0.002511630794474806,-0.002514790230431855,0.03595910592509584
2023-01-23 00:00:00+00:00,22721.087890625,23126.486328125,22654.3046875,22934.431640625,22934.431640625,26518700512,0.009419529327844067,0.00937544219856928,0.030151213024589257
2023-01-24 00:00:00+00:00,22929.626953125,23134.01171875,22549.744140625,22636.46875,22636.46875,26405069715,-0.012991945703908492,-0.013077079200906103,0.03377224356040771
2023-01-25 00:00:00+00:00,22639.267578125,23722.099609375,22406.076171875,23117.859375,23117.859375,30685366709,0.021266153759075257,0.021043184701323544,0.012782108950671589
2023-01-26 00:00:00+00:00,23108.955078125,23237.078125,22911.373046875,23032.77734375,23032.77734375,26357839322,-0.003680359408276712,-0.003687148593844675,0.013198727180105585
2023-01-27 00:00:00+00:00,23030.716796875,23417.720703125,22654.59375,23078.728515625,23078.728515625,25383335641,0.0019950339114214177,0.001993046474165044,0.012945301537520928
2023-01-28 00:00:00+00:00,23079.96484375,23165.896484375,22908.845703125,23031.08984375,23031.08984375,14712928379,-0.0020641809553220147,-0.002066314313093378,0.012571048211424959
2023-01-29 00:00:00+00:00,23031.44921875,23919.890625,22985.0703125,23774.56640625,23774.56640625,27423687259,0.03228143207915801,0.03177133538504421,0.015754438353312458
2023-01-30 00:00:00+00:00,23774.6484375,23789.34765625,22657.58203125,22840.138671875,22840.138671875,27205595568,-0.03930367092328346,-0.040096914665951826,0.025543115575636027
2023-01-31 00:00:00+00:00,22840.796875,23225.021484375,22765.568359375,23139.283203125,23139.283203125,22837828665,0.013097316769725253,0.013012288539514132,0.026412521138918846
2023-02-01 00:00:00+00:00,23137.8359375,23764.5390625,22877.75,23723.76953125,23723.76953125,26683255504,0.025259482888651652,0.024945734590003956,0.028552937679312683
2023-02-02 00:00:00+00:00,23720.82421875,24167.2109375,23468.595703125,23471.87109375,23471.87109375,32066936882,-0.01061797692681965,-0.010674749877368259,0.02937201515878278
2023-02-03 00:00:00+00:00,23469.412109375,23678.103515625,23279.955078125,23449.322265625,23449.322265625,27083066007,-0.0009606745041729203,-0.000961136247671562,0.024881203050222157
2023-02-04 00:00:00+00:00,23446.3203125,23556.94921875,23291.794921875,23331.84765625,23331.84765625,15639298538,-0.005009723012217249,-0.0050223137428644544,0.014499745999827791
2023-02-05 00:00:00+00:00,23332.248046875,23423.435546875,22841.759765625,22955.666015625,22955.666015625,19564262605,-0.01612309690031044,-0.016254488231275857,0.01592090838657554
2023-02-06 00:00:00+00:00,22954.021484375,23119.279296875,22692.025390625,22760.109375,22760.109375,23825006542,-0.008518883333286542,-0.008555376421285297,0.005778851129737408
2023-02-07 00:00:00+00:00,22757.267578125,23310.974609375,22756.2578125,23264.291015625,23264.291015625,27187964471,0.022151986720186922,0.02191019571493288,0.014385973963180877
2023-02-08 00:00:00+00:00,23263.416015625,23367.958984375,22731.09765625,22939.3984375,22939.3984375,25371367758,-0.013965290320121615,-0.014063722484005989,0.015360641333942972
2023-02-09 00:00:00+00:00,22946.56640625,22996.4375,21773.974609375,21819.0390625,21819.0390625,32572572185,-0.04883996317743455,-0.05007294792111713,0.025611392849472493
2023-02-10 00:00:00+00:00,21819.005859375,21941.185546875,21539.392578125,21651.18359375,21651.18359375,27078406594,-0.007693073387383564,-0.0077228177249046275,0.02565844015171158
2023-02-11 00:00:00+00:00,21651.841796875,21891.41015625,21618.44921875,21870.875,21870.875,16356226232,0.010146854341645195,0.010095720621826006,0.0275183989879253
2023-02-12 00:00:00+00:00,21870.90234375,22060.994140625,21682.828125,21788.203125,21788.203125,17821046406,-0.003779998514005456,-0.0037871607629455096,0.02248116789285397
2023-02-13 00:00:00+00:00,21787.0,21898.4140625,21460.087890625,21808.1015625,21808.1015625,23918742607,0.0009132665684197239,0.0009128497942385424,0.02330498008242501
2023-02-14 00:00:00+00:00,21801.822265625,22293.140625,21632.39453125,22220.8046875,22220.8046875,26792596581,0.018924303145655852,0.018747466050136215,0.010742731575680719
2023-02-15 00:00:00+00:00,22220.5859375,24307.841796875,22082.76953125,24307.841796875,24307.841796875,32483312909,0.09392266116037784,0.08977000786319626,0.03823651205811949
2023-02-16 00:00:00+00:00,24307.349609375,25134.1171875,23602.5234375,23623.474609375,23623.474609375,39316664596,-0.028154173176657027,-0.028558101481565734,0.0448676985606831
2023-02-17 00:00:00+00:00,23621.283203125,24924.041015625,23460.755859375,24565.6015625,24565.6015625,41358451255,0.03988096453648349,0.03910624942610064,0.0443758162240961
2023-02-18 00:00:00+00:00,24565.296875,24798.8359375,24468.373046875,24641.27734375,24641.27734375,19625427158,0.0030805588480080637,0.0030758236488141917,0.04410425106634697
2023-02-19 00:00:00+00:00,24640.02734375,25093.0546875,24327.642578125,24327.642578125,24327.642578125,25555105670,-0.012728023845912761,-0.01280971909443967,0.047265119711826856
2023-02-20 00:00:00+00:00,24336.623046875,25020.458984375,23927.91015625,24829.1484375,24829.1484375,28987376573,0.020614650916729094,0.02040504474431612,0.026667994088059938
2023-02-21 00:00:00+00:00,24833.048828125,25126.8515625,24200.36328125,24436.353515625,24436.353515625,31252098714,-0.01581991113645098,-0.015946381537723795,0.02315487923179146
2023-02-22 00:00:00+00:00,24437.41796875,24472.33984375,23644.318359375,24188.84375,24188.84375,30199996781,-0.01012875204423358,-0.010180396881003117,0.01500056428869295
2023-02-23 00:00:00+00:00,24190.71875,24572.08984375,23693.919921875,23947.4921875,23947.4921875,30476264066,-0.00997780485063493,-0.010027916762018151,0.014797076705242175
2023-02-24 00:00:00+00:00,23946.0078125,24103.705078125,23007.072265625,23198.126953125,23198.126953125,26811744928,-0.03129201289670536,-0.03179206740644356,0.018931092766204506
2023-02-25 00:00:00+00:00,23200.125,23210.2109375,22861.55859375,23175.375,23175.375,16100721565,-0.0009807668166905703,-0.000981248083164121,0.011401435722854613
2023-02-26 00:00:00+00:00,23174.150390625,23654.3671875,23084.220703125,23561.212890625,23561.212890625,16644534842,0.016648614774302573,0.016511545833869257,0.01748224630645048
2023-02-27 00:00:00+00:00,23561.451171875,23857.890625,23205.87890625,23522.87109375,23522.87109375,22660763494,-0.0016273269569350157,-0.001628652491694882,0.01754746732175806
2023-02-28 00:00:00+00:00,23521.837890625,23585.384765625,23077.650390625,23147.353515625,23147.353515625,20535363434,-0.01596393470118429,-0.016092730875103014,0.018131375442083614
2023-03-01 00:00:00+00:00,23150.9296875,23880.6328125,23088.626953125,23646.55078125,23646.55078125,24662841200,0.02156606219747892,0.021336804939163678,0.015142407510979722
2023-03-02 00:00:00+00:00,23647.01953125,23739.138671875,23245.021484375,23475.466796875,23475.466796875,20386398516,-0.007235050302163204,-0.007261350209481709,0.015883492000243606
2023-03-03 00:00:00+00:00,23476.6328125,23479.34765625,22213.23828125,22362.6796875,22362.6796875,26062404610,-0.047402129167592566,-0.04856242572977136,0.02541053761460877
2023-03-04 00:00:00+00:00,22362.923828125,22405.177734375,22198.98046875,22353.349609375,22353.349609375,11166012913,-0.0004172164631153219,-0.0004173035221196778,0.025521103336188556
2023-03-05 00:00:00+00:00,22354.14453125,22613.685546875,22307.142578125,22435.513671875,22435.513671875,13317001733,0.0036756935285233716,0.00366895467532336,0.025907537388219607
2023-03-06 00:00:00+00:00,22436.81640625,22584.29296875,22331.314453125,22429.7578125,22429.7578125,17353192895,-0.00025655126328649747,-0.0002565841781915384,0.021601869754365722
2023-03-07 00:00:00+00:00,22428.322265625,22527.41796875,22011.26171875,22219.76953125,22219.76953125,22765452204,-0.00936203961743065,-0.009406138966041635,0.021541058230481528
2023-03-08 00:00:00+00:00,22216.44140625,22268.896484375,21708.05078125,21718.080078125,21718.080078125,22536575684,-0.022578517406286358,-0.022837315061132093,0.010637504247931038
2023-03-09 00:00:00+00:00,21720.080078125,21802.716796875,20210.306640625,20363.021484375,20363.021484375,30364664171,-0.06239311158608585,-0.06442451332853331,0.02754424677599928
2023-03-10 00:00:00+00:00,20367.001953125,20370.595703125,19628.25390625,20187.244140625,20187.244140625,39578257695,-0.008632183779056501,-0.00866965688311379,0.02552321366294155
2023-03-11 00:00:00+00:00,20187.876953125,20792.525390625,20068.66015625,20632.41015625,20632.41015625,30180288176,0.022051846825845045,0.021812221244110887,0.03128966955744163
2023-03-12 00:00:00+00:00,20628.029296875,22185.03125,20448.806640625,22163.94921875,22163.94921875,29279035521,0.07422977009964415,0.07160391184533008,0.050864652793284074
2023-03-13 00:00:00+00:00,22156.40625,24550.837890625,21918.19921875,24197.533203125,24197.533203125,49466362688,0.09175187888693825,0.08778363436848541,0.06163841433511691
2023-03-14 00:00:00+00:00,24201.765625,26514.716796875,24081.18359375,24746.07421875,24746.07421875,54622230164,0.022669294883089997,0.02241616479750579,0.039641193815549196
2023-03-15 00:00:00+00:00,24770.92578125,25240.615234375,23964.91015625,24375.9609375,24375.9609375,43655701450,-0.014956444322371198,-0.015069419825617957,0.041618727870744346
2023-03-16 00:00:00+00:00,24373.45703125,25190.326171875,24225.111328125,25052.7890625,25052.7890625,33866061747,0.027766213062754286,0.027387721969650478,0.041158457906586066
2023-03-17 00:00:00+00:00,25055.123046875,27787.8125,24955.169921875,27423.9296875,27423.9296875,50730261335,0.0946457745317153,0.09043081735478727,0.045535453141176095
2023-03-18 00:00:00+00:00,27448.1171875,27725.953125,26636.26171875,26965.87890625,26965.87890625,35723036817,-0.01670259464889101,-0.016843655914946763,0.04357288609271228
2023-03-19 00:00:00+00:00,26969.50390625,28440.560546875,26907.716796875,28038.67578125,28038.67578125,37769448859,0.039783493752593824,0.03901251239696352,0.04427101811427298
2023-03-20 00:00:00+00:00,28041.6015625,28527.724609375,27242.880859375,27767.236328125,27767.236328125,44774027664,-0.00968089417783835,-0.009728058677075274,0.043112182309626115
2023-03-21 00:00:00+00:00,27768.392578125,28439.5625,27439.646484375,28175.81640625,28175.81640625,36102192830,0.014714466837708162,0.014607259457310753,0.04339114988618046
2023-03-22 00:00:00+00:00,28158.720703125,28803.3359375,26759.99609375,27307.4375,27307.4375,33382021890,-0.030820008681536337,-0.031304934786025286,0.027794184478452753
2023-03-23 00:00:00+00:00,27301.95703125,28729.84375,27183.36328125,28333.97265625,28333.97265625,24220433689,0.03759177902540278,0.03690243092144147,0.03033947618282411
2023-03-24 00:00:00+00:00,28324.111328125,28388.4375,27039.265625,27493.28515625,27493.28515625,25980310960,-0.02967065403073854,-0.03011973318555565,0.029495016768667268
2023-03-25 00:00:00+00:00,27487.337890625,27791.826171875,27196.234375,27494.70703125,27494.70703125,13383005987,5.17171735541222e-05,5.171583626720892e-05,0.02933813471372804
2023-03-26 00:00:00+00:00,27495.5234375,28178.14453125,27445.046875,27994.330078125,27994.330078125,13878363192,0.018171608313816145,0.01800847790347154,0.02985357192706024
2023-03-27 00:00:00+00:00,27994.068359375,28037.92578125,26606.689453125,27139.888671875,27139.888671875,18188895178,-0.03052194511765327,-0.030997440056033318,0.029776506185204537
2023-03-28 00:00:00+00:00,27132.888671875,27460.71875,26677.818359375,27268.130859375,27268.130859375,17783600385,0.004725228944394866,0.004714100093914092,0.021911954656997135
2023-03-29 00:00:00+00:00,27267.03125,28619.54296875,27259.662109375,28348.44140625,28348.44140625,20684945906,0.0396180637553154,0.03885339931269162,0.025638428861411332
2023-03-30 00:00:00+00:00,28350.140625,29159.90234375,27720.16015625,28033.5625,28033.5625,22435349951,-0.0111074503792854,-0.011169598741333131,0.02676926643316237
2023-03-31 00:00:00+00:00,28032.26171875,28639.896484375,27583.71484375,28478.484375,28478.484375,19001327598,0.015871042968584437,0.015746414888453637,0.02648847446479972
2023-04-01 00:00:00+00:00,28473.33203125,28802.45703125,28297.171875,28411.03515625,28411.03515625,10876469901,-0.0023684272611504964,-0.0023712364214005313,0.0193074254060713
2023-04-02 00:00:00+00:00,28462.845703125,28518.958984375,27884.087890625,28199.30859375,28199.30859375,12284641999,-0.00745226498561502,-0.007480171844976413,0.020726580944062014
2023-04-03 00:00:00+00:00,28183.080078125,28475.623046875,27276.720703125,27790.220703125,27790.220703125,19556501327,-0.014507018470504951,-0.014613274150394037,0.011924005066681747
2023-04-04 00:00:00+00:00,27795.2734375,28433.7421875,27681.3046875,28168.08984375,28168.08984375,15284538859,0.0135971982612757,0.01350558587463783,0.013237166073766791
2023-04-05 00:00:00+00:00,28169.7265625,28739.23828125,27843.763671875,28177.984375,28177.984375,17052315986,0.000351267384649967,0.0003512057047058866,0.010430031640072848
2023-04-06 00:00:00+00:00,28175.2265625,28178.384765625,27738.759765625,28044.140625,28044.140625,13837809380,-0.004749940528704033,-0.004761257346579407,0.010498873474948616
2023-04-07 00:00:00+00:00,28038.966796875,28111.59375,27794.03125,27925.859375,27925.859375,10861680497,-0.004217681389550476,-0.00422660089629551,0.010217818599586457
2023-04-08 00:00:00+00:00,27920.513671875,28159.86328125,27883.38671875,27947.794921875,27947.794921875,9373255556,0.0007854922772632111,0.0007851839396583646,0.007370220948280451
2023-04-09 00:00:00+00:00,27952.3671875,28532.830078125,27828.48046875,28333.05078125,28333.05078125,12175322951,0.013784839213681899,0.01369069252890777,0.007447975238652745
2023-04-10 00:00:00+00:00,28336.02734375,29771.46484375,28189.271484375,29652.98046875,29652.98046875,19282400094,0.04658621825410658,0.045533646757390224,0.021102465672847428
2023-04-11 00:00:00+00:00,29653.6796875,30509.083984375,29609.30078125,30235.05859375,30235.05859375,20121259843,0.019629666758571807,0.019439489564332186,0.019528442220230275
2023-04-12 00:00:00+00:00,30231.58203125,30462.48046875,29725.57421875,30139.052734375,30139.052734375,18651929926,-0.003175315803583212,-0.0031803678161343176,0.019274282188294453
2023-04-13 00:00:00+00:00,29892.740234375,30539.845703125,29878.623046875,30399.06640625,30399.06640625,17487721001,0.00862713483952482,0.008590133768281546,0.018089175440441505
2023-04-14 00:00:00+00:00,30409.5625,31005.607421875,30044.498046875,30485.69921875,30485.69921875,22659995079,0.002849851088919886,0.002845797962018112,0.019174996333406708
2023-04-15 00:00:00+00:00,30490.75,30601.740234375,30245.8828125,30318.49609375,30318.49609375,11940685378,-0.005484641300179338,-0.0054997371675221595,0.01002020650795591
2023-04-16 00:00:00+00:00,30315.9765625,30555.537109375,30157.83203125,30315.35546875,30315.35546875,12854816417,-0.00010358775680330279,-0.00010359312238552485,0.0054966961770429815
2023-04-17 00:00:00+00:00,30317.146484375,30319.197265625,29275.37109375,29445.044921875,29445.044921875,17872186762,-0.028708571396173888,-0.02912872327682135,0.014595268632835987
2023-04-18 00:00:00+00:00,29449.091796875,30470.302734375,29154.849609375,30397.552734375,30397.552734375,19480529496,0.032348662229154,0.03183646099781629,0.021796781179741122
2023-04-19 00:00:00+00:00,30394.1875,30411.0546875,28669.8984375,28822.6796875,28822.6796875,24571565421,-0.0518092051895368,-0.05319953662867234,0.03198889886592189
2023-04-20 00:00:00+00:00,28823.68359375,29076.400390625,28037.2578125,28245.98828125,28245.98828125,21340360360,-0.020008250880993006,-0.020211126619281063,0.032007894417691224
2023-04-21 00:00:00+00:00,28249.23046875,28349.96875,27177.365234375,27276.91015625,27276.91015625,20759504330,-0.034308522518338824,-0.034910877271712444,0.03197122686452035
2023-04-22 00:00:00+00:00,27265.89453125,27872.142578125,27169.5703125,27817.5,27817.5,13125734602,0.01981858797984626,0.019624756556398195,0.036088508357311574
2023-04-23 00:00:00+00:00,27816.14453125,27820.244140625,27400.314453125,27591.384765625,27591.384765625,12785446832,-0.008128524647254443,-0.008161741227378502,0.027535794876605086
2023-04-24 00:00:00+00:00,27591.73046875,27979.982421875,27070.849609375,27525.33984375,27525.33984375,17703288330,-0.002393679129772508,-0.0023965485595713668,0.020374770096552114
2023-04-25 00:00:00+00:00,27514.873046875,28371.078125,27207.931640625,28307.59765625,28307.59765625,17733373139,0.02841955147295372,0.02802320777395386,0.024802261132160774
2023-04-26 00:00:00+00:00,28300.05859375,29995.837890625,27324.548828125,28422.701171875,28422.701171875,31854242019,0.004066170397882152,0.004057925868580612,0.015170946469512711
2023-04-27 00:00:00+00:00,28428.46484375,29871.546875,28402.88671875,29473.787109375,29473.787109375,27153445027,0.036980508331842854,0.03631313286229464,0.0195177353889397
2023-04-28 00:00:00+00:00,29481.013671875,29572.791015625,28929.609375,29340.26171875,29340.26171875,17544464887,-0.00453030993708059,-0.004540602889751968,0.018650574226974147
2023-04-29 00:00:00+00:00,29336.56640625,29452.455078125,29088.04296875,29248.48828125,29248.48828125,10662634333,-0.0031279011203009244,-0.0031328032278842735,0.018797855649027428
2023-04-30 00:00:00+00:00,29245.515625,29952.029296875,29114.021484375,29268.806640625,29268.806640625,14652199272,0.000694680667924441,0.0006944394889976754,0.016904273087800344
2023-05-01 00:00:00+00:00,29227.103515625,29329.935546875,27680.79296875,28091.568359375,28091.568359375,18655599976,-0.04022160164248023,-0.041052856211014906,0.027420014858087045
2023-05-02 00:00:00+00:00,28087.17578125,28881.298828125,27924.123046875,28680.537109375,28680.537109375,16432924527,0.020966033026897257,0.020749270291120427,0.0223490238201502
2023-05-03 00:00:00+00:00,28680.494140625,29259.533203125,28178.388671875,29006.30859375,29006.30859375,19122972518,0.01135862564681589,0.011294600825028724,0.023598334537087835
2023-05-04 00:00:00+00:00,29031.3046875,29353.185546875,28694.0390625,28847.7109375,28847.7109375,15548678514,-0.005467695268338013,-0.005482697825375376,0.023642687373060554
2023-05-05 00:00:00+00:00,28851.48046875,29668.908203125,28845.509765625,29534.384765625,29534.384765625,17936566518,0.023803407820215394,0.02352452363535224,0.026507461090845525
2023-05-06 00:00:00+00:00,29538.859375,29820.126953125,28468.966796875,28904.623046875,28904.623046875,15913866714,-0.021323001096775096,-0.02155362050914689,0.018995434275404552
2023-05-07 00:00:00+00:00,28901.623046875,29157.517578125,28441.3671875,28454.978515625,28454.978515625,11301355486,-0.015556145829018653,-0.015678412319992844,0.01876788644203767
2023-05-08 00:00:00+00:00,28450.45703125,28663.271484375,27310.134765625,27694.2734375,27694.2734375,19122903752,-0.026733637409259936,-0.027097480312589104,0.019997486074688646
2023-05-09 00:00:00+00:00,27695.068359375,27821.400390625,27375.6015625,27658.775390625,27658.775390625,14128593256,-0.0012817829272578907,-0.0012826051136456092,0.020281887074352706
2023-05-10 00:00:00+00:00,27654.63671875,28322.6875,26883.669921875,27621.755859375,27621.755859375,20656025026,-0.0013384371045779275,-0.0013393336115541375,0.011742914014437689
2023-05-11 00:00:00+00:00,27621.0859375,27621.94140625,26781.826171875,27000.7890625,27000.7890625,16724343943,-0.022481076150133283,-0.0227376278728039,0.011958642303132412
2023-05-12 00:00:00+00:00,26987.662109375,27055.646484375,25878.4296875,26804.990234375,26804.990234375,19313599897,-0.007251596524522896,-0.007278017155925187,0.01218632439345092
2023-05-13 00:00:00+00:00,26807.76953125,27030.482421875,26710.873046875,26784.078125,26784.078125,9999171605,-0.0007801573211611013,-0.0007804618022563855,0.009363013834637326
2023-05-14 00:00:00+00:00,26788.974609375,27150.9765625,26661.35546875,26930.638671875,26930.638671875,10014858959,0.005471927993601522,0.0054570113859458225,0.01072151397929351
2023-05-15 00:00:00+00:00,26931.384765625,27646.34765625,26766.09765625,27192.693359375,27192.693359375,14413231792,0.009730726801279843,0.009683688179724162,0.012699535526238722
2023-05-16 00:00:00+00:00,27171.513671875,27299.3046875,26878.947265625,27036.650390625,27036.650390625,12732238816,-0.005738415341494774,-0.005754943306692564,0.007243936841108409
2023-05-17 00:00:00+00:00,27035.470703125,27465.927734375,26600.14453125,27398.802734375,27398.802734375,15140006925,0.013394867282656264,0.013305949198470446,0.0077186308288033235
2023-05-18 00:00:00+00:00,27401.650390625,27466.52734375,26415.1015625,26832.208984375,26832.208984375,15222938600,-0.02067950762275983,-0.020896322938492334,0.013872022916971705
2023-05-19 00:00:00+00:00,26826.75390625,27128.619140625,26700.2109375,26890.12890625,26890.12890625,11258983301,0.0021585968530852817,0.0021562704301694635,0.013645457733352575
2023-05-20 00:00:00+00:00,26888.841796875,27155.158203125,26843.27734375,27129.5859375,27129.5859375,7044911360,0.008905016115201336,0.008865600285434393,0.013499932026715565
2023-05-21 00:00:00+00:00,27118.423828125,27265.91796875,26706.921875,26753.826171875,26753.826171875,8647416921,-0.013850552916312875,-0.01394736681453699,0.01474250067302446
2023-05-22 00:00:00+00:00,26749.892578125,27045.734375,26549.734375,26851.27734375,26851.27734375,11056770492,0.0036425134576618667,0.0036358955711424203,0.012709830441090916
2023-05-23 00:00:00+00:00,26855.9609375,27434.68359375,26816.1796875,27225.7265625,27225.7265625,13697203143,0.013945303754316907,0.013848962643426162,0.010492805982062937
2023-05-24 00:00:00+00:00,27224.603515625,27224.603515625,26106.576171875,26334.818359375,26334.818359375,16299104428,-0.03272302765106416,-0.03327040018789596,0.019351821801960354
2023-05-25 00:00:00+00:00,26329.4609375,26591.51953125,25890.59375,26476.20703125,26476.20703125,13851122697,0.005368887301425707,0.005354526205137628,0.01881669415729608
2023-05-26 00:00:00+00:00,26474.181640625,26916.669921875,26343.94921875,26719.291015625,26719.291015625,12711619225,0.009181223884829448,0.009139332662057487,0.01886662194794029
2023-05-27 00:00:00+00:00,26720.181640625,26888.8828125,26621.140625,26868.353515625,26868.353515625,7892015141,0.005578834405180588,0.00556333034484893,0.01898539870427035
2023-05-28 00:00:00+00:00,26871.158203125,28193.44921875,26802.751953125,28085.646484375,28085.646484375,14545229578,0.0453058267244435,0.04430949975360071,0.027477283612297374
2023-05-29 00:00:00+00:00,28075.591796875,28432.0390625,27563.876953125,27745.884765625,27745.884765625,15181308984,-0.0120973437068298,-0.012171112107334788,0.02067450777252355
2023-05-30 00:00:00+00:00,27745.123046875,28044.759765625,27588.501953125,27702.349609375,27702.349609375,13251081851,-0.0015690671469931194,-0.0015702994220325468,0.021322074484239784
2023-05-31 00:00:00+00:00,27700.529296875,27831.677734375,26866.453125,27219.658203125,27219.658203125,15656371534,-0.01742420455507676,-0.017577792723265092,0.024418310822829414
2023-06-01 00:00:00+00:00,27218.412109375,27346.10546875,26671.720703125,26819.97265625,26819.97265625,14678970415,-0.014683709247646393,-0.014792581991188054,0.025695735104721597
2023-06-02 00:00:00+00:00,26824.556640625,27303.861328125,26574.64453125,27249.58984375,27249.58984375,14837415000,0.01601855426947596,0.01589161106579633,0.01367746864281509
2023-06-03 00:00:00+00:00,27252.32421875,27317.052734375,26958.00390625,27075.12890625,27075.12890625,8385597470,-0.0064023326039167605,-0.006422915434419119,0.013269200407488224
2023-06-04 00:00:00+00:00,27075.123046875,27407.01953125,26968.224609375,27119.06640625,27119.06640625,9360912318,0.001622799291266075,0.0016214839752998166,0.013543045202700494
2023-06-05 00:00:00+00:00,27123.109375,27129.982421875,25445.16796875,25760.09765625,25760.09765625,21513292646,-0.05011119223804861,-0.051410345698891795,0.025252660660864665
2023-06-06 00:00:00+00:00,25732.109375,27313.8203125,25434.8671875,27238.783203125,27238.783203125,21929670693,0.057402171630208665,0.05581511856233619,0.038751641093711785
2023-06-07 00:00:00+00:00,27235.650390625,27332.181640625,26146.98828125,26345.998046875,26345.998046875,19530045082,-0.03277624957004588,-0.03332542412080894,0.04088209350758426
2023-06-08 00:00:00+00:00,26347.654296875,26797.513671875,26246.6640625,26508.216796875,26508.216796875,11904824295,0.0061572444403654725,0.006138366063704449,0.04129070066132529
2023-06-09 00:00:00+00:00,26505.923828125,26770.2890625,26339.314453125,26480.375,26480.375,11015551640,-0.0010503081775867784,-0.001050860137740086,0.04121321110858348
2023-06-10 00:00:00+00:00,26481.76171875,26531.044921875,25501.8359375,25851.240234375,25851.240234375,19872933189,-0.02375852931180167,-0.024045314677471934,0.034786410825758576
2023-06-11 00:00:00+00:00,25854.03125,26203.439453125,25668.986328125,25940.16796875,25940.16796875,10732609603,0.0034399794195076883,0.0034340762243438776,0.017762951290555676
2023-06-12 00:00:00+00:00,25934.28515625,26087.919921875,25675.197265625,25902.5,25902.5,11677889997,-0.001452109670044499,-0.0014531650030546537,0.011971033382609958
2023-06-13 00:00:00+00:00,25902.94140625,26376.3515625,25728.365234375,25918.728515625,25918.728515625,14143474486,0.0006265231396582749,0.0006263269559741463,0.011095357860870944
2023-06-14 00:00:00+00:00,25920.2578125,26041.80078125,24902.15234375,25124.67578125,25124.67578125,14265717766,-0.030636253390914137,-0.031115354032620144,0.01587660744504889
2023-06-15 00:00:00+00:00,25121.673828125,25735.30859375,24797.16796875,25576.39453125,25576.39453125,15837384409,0.017979087727655774,0.017819375410116443,0.017868564685064717
2023-06-16 00:00:00+00:00,25575.283203125,26463.173828125,25245.357421875,26327.462890625,26327.462890625,16324646965,0.029365685552642073,0.0289427732653721,0.02281423498692448
2023-06-17 00:00:00+00:00,26328.6796875,26769.39453125,26174.4921875,26510.67578125,26510.67578125,11090276850,0.006959002900740696,0.0069349007932065195,0.022716415841138905
2023-06-18 00:00:00+00:00,26510.45703125,26675.92578125,26325.890625,26336.212890625,26336.212890625,9565695129,-0.006580854145875503,-0.006602603438313832,0.0232594092026938
2023-06-19 00:00:00+00:00,26335.44140625,26984.611328125,26312.83203125,26851.029296875,26851.029296875,12826986222,0.019547852547670663,0.019359247201741925,0.013587340328896635
2023-06-20 00:00:00+00:00,26841.6640625,28388.96875,26668.791015625,28327.48828125,28327.48828125,22211859147,0.05498705349618893,0.05352849528514009,0.022814488427216097
2023-06-21 00:00:00+00:00,28311.310546875,30737.330078125,28283.41015625,30027.296875,30027.296875,33346760979,0.06000562340273241,0.05827421320682117,0.028589787026126776
2023-06-22 00:00:00+00:00,29995.935546875,30495.998046875,29679.158203125,29912.28125,29912.28125,20653160491,-0.0038303689299371557,-0.0038377235796951737,0.030738999467284537
2023-06-23 00:00:00+00:00,29896.3828125,31389.5390625,29845.21484375,30695.46875,30695.46875,24115570085,0.02618280743799839,0.02584590576815378,0.02562462157801492
2023-06-24 00:00:00+00:00,30708.73828125,30804.1484375,30290.146484375,30548.6953125,30548.6953125,12147822496,-0.0047815994828226405,-0.004793067902493928,0.030156991231978316
2023-06-25 00:00:00+00:00,30545.150390625,31041.271484375,30327.943359375,30480.26171875,30480.26171875,12703464114,-0.002240147837737516,-0.0022426607224285255,0.02753911345960885
2023-06-26 00:00:00+00:00,30480.5234375,30636.029296875,29955.744140625,30271.130859375,30271.130859375,16493186997,-0.006861189753050945,-0.006884835938176551,0.013647903212665544
2023-06-27 00:00:00+00:00,30274.3203125,31006.787109375,30236.650390625,30688.1640625,30688.1640625,16428827944,0.013776598074988877,0.013682563415242948,0.014137489378506122
2023-06-28 00:00:00+00:00,30696.560546875,30703.279296875,29921.822265625,30086.24609375,30086.24609375,14571500779,-0.01961401038928634,-0.01980891791303767,0.011985762081114454
2023-06-29 00:00:00+00:00,30086.1875,30796.25,30057.203125,30445.3515625,30445.3515625,13180860821,0.011935868224670187,0.011865197537731036,0.013879144258980946
2023-06-30 00:00:00+00:00,30441.353515625,31256.86328125,29600.275390625,30477.251953125,30477.251953125,26387306197,0.0010477918298796851,0.0010472432791648364,0.013864382579031134
2023-07-01 00:00:00+00:00,30471.84765625,30641.2890625,30328.865234375,30590.078125,30590.078125,9086606733,0.0037019798257575953,0.0036951443630783326,0.013352605121606334
2023-07-02 00:00:00+00:00,30587.26953125,30766.140625,30264.01953125,30620.76953125,30620.76953125,10533418042,0.0010033124506771962,0.001002809469143997,0.01170433549766565
2023-07-03 00:00:00+00:00,30624.515625,31375.61328125,30586.513671875,31156.439453125,31156.439453125,15271884873,0.01749367929268808,0.017342426317960315,0.007296560177116869
2023-07-04 00:00:00+00:00,31156.865234375,31325.197265625,30659.35546875,30777.58203125,30777.58203125,12810828427,-0.012159843310882601,-0.012234379050443955,0.01051947759890438
2023-07-05 00:00:00+00:00,30778.724609375,30877.330078125,30225.61328125,30514.166015625,30514.166015625,12481622280,-0.0085586975402272,-0.008595533521292817,0.011604844357026765
2023-07-06 00:00:00+00:00,30507.150390625,31460.052734375,29892.2265625,29909.337890625,29909.337890625,21129219509,-0.019821224171432172,-0.020020299639946313,0.014360067980253738
2023-07-07 00:00:00+00:00,29907.998046875,30434.64453125,29777.28515625,30342.265625,30342.265625,13384770155,0.014474667943441766,0.01437090998029806,0.01669552281977989
2023-07-08 00:00:00+00:00,30346.921875,30374.4375,30080.16015625,30292.541015625,30292.541015625,7509378699,-0.0016387902600796256,-0.0016401345457067653,0.012994692907073597
2023-07-09 00:00:00+00:00,30291.611328125,30427.58984375,30085.591796875,30171.234375,30171.234375,7903327692,-0.004004505286051452,-0.004012544787339061,0.012458192963751844
2023-07-10 00:00:00+00:00,30172.423828125,31026.083984375,29985.39453125,30414.470703125,30414.470703125,14828209155,0.008061862007427312,0.008029538805166095,0.01311923788746482
2023-07-11 00:00:00+00:00,30417.6328125,30788.314453125,30358.09765625,30620.951171875,30620.951171875,12151839152,0.006788889103658935,0.006765948365584515,0.007499769600541286
2023-07-12 00:00:00+00:00,30622.24609375,30959.96484375,30228.8359375,30391.646484375,30391.646484375,14805659717,-0.007488490028050299,-0.007516669538967959,0.006800984552118938
2023-07-13 00:00:00+00:00,30387.48828125,31814.515625,30268.3515625,31476.048828125,31476.048828125,23686079548,0.03568093437476372,0.03505911799946575,0.01671995084899118
2023-07-14 00:00:00+00:00,31474.720703125,31582.25390625,29966.38671875,30334.068359375,30334.068359375,20917902660,-0.036280934592069825,-0.036955452769762046,0.026247880350779185
2023-07-15 00:00:00+00:00,30331.783203125,30407.78125,30263.462890625,30295.806640625,30295.806640625,8011667756,-0.001261344778969442,-0.0012621409438578614,0.02595988375486063
2023-07-16 00:00:00+00:00,30297.47265625,30437.560546875,30089.669921875,30249.1328125,30249.1328125,8516564470,-0.001540603578530031,-0.0015417915284865274,0.02561965542943058
2023-07-17 00:00:00+00:00,30249.626953125,30336.400390625,29685.783203125,30145.888671875,30145.888671875,13240156074,-0.0034131272874816654,-0.003418965294113633,0.025481965688910747
2023-07-18 00:00:00+00:00,30147.0703125,30233.65625,29556.427734375,29856.5625,29856.5625,13138897269,-0.009597533349379406,-0.009643886494910275,0.015135485916482375
2023-07-19 00:00:00+00:00,29862.046875,30184.181640625,29794.26953125,29913.923828125,29913.923828125,12128602812,0.0019212301525000086,0.0019193869502834365,0.004284917128804244
2023-07-20 00:00:00+00:00,29915.25,30195.53125,29638.095703125,29792.015625,29792.015625,14655207121,-0.0040752996439197275,-0.004083626307646249,0.004218766300091087
2023-07-21 00:00:00+00:00,29805.111328125,30045.998046875,29733.8515625,29908.744140625,29908.744140625,10972789818,0.0039181140710413676,0.003910458253167224,0.005355659815474205
2023-07-22 00:00:00+00:00,29908.697265625,29991.615234375,29664.12109375,29771.802734375,29771.802734375,7873300598,-0.004578641136054662,-0.004589155219131938,0.005443631080640015
2023-07-23 00:00:00+00:00,29790.111328125,30330.640625,29741.52734375,30084.5390625,30084.5390625,9220145050,0.010504447141318263,0.010449658783391701,0.006211581981125362
2023-07-24 00:00:00+00:00,30081.662109375,30093.39453125,28934.294921875,29176.916015625,29176.916015625,15395817395,-0.03016908602087709,-0.030633538164858885,0.015621895347565529
2023-07-25 00:00:00+00:00,29178.970703125,29353.16015625,29062.43359375,29227.390625,29227.390625,10266772793,0.0017299501204297574,0.0017284554802405464,0.015919529677705768
2023-07-26 00:00:00+00:00,29225.759765625,29675.552734375,29113.912109375,29354.97265625,29354.97265625,13497554655,0.004365152978824893,0.004355653333464597,0.015974772766047626
2023-07-27 00:00:00+00:00,29353.798828125,29560.966796875,29099.3515625,29210.689453125,29210.689453125,10770779217,-0.004915119656712763,-0.004927238584293436,0.0159799919282506
2023-07-28 00:00:00+00:00,29212.1640625,29521.513671875,29125.845703125,29319.24609375,29319.24609375,11218474952,0.0037163327075591113,0.0037094442045335473,0.014710715715251068
2023-07-29 00:00:00+00:00,29319.4453125,29396.84375,29264.166015625,29356.91796875,29356.91796875,6481775959,0.001284885528077373,0.0012840607690722545,0.003676966130954795
2023-07-30 00:00:00+00:00,29357.09375,29443.169921875,29059.501953125,29275.30859375,29275.30859375,8678454527,-0.002779902682116475,-0.0027837737874393067,0.004058043755053088
2023-07-31 00:00:00+00:00,29278.314453125,29489.873046875,29131.578125,29230.111328125,29230.111328125,11656781982,-0.0015438698273756435,-0.0015450628224417467,0.003398131217290949
2023-08-01 00:00:00+00:00,29230.873046875,29675.732421875,28657.0234375,29675.732421875,29675.732421875,18272392391,0.015245275282999904,0.01513023382608844,0.007151461259511433
2023-08-02 00:00:00+00:00,29704.146484375,29987.998046875,28946.509765625,29151.958984375,29151.958984375,19212655598,-0.01764989082843693,-0.01780750751690934,0.011739552345725072
2023-08-03 00:00:00+00:00,29161.8125,29375.70703125,28959.48828125,29178.6796875,29178.6796875,12780357746,0.0009166006009861949,0.0009161807791750279,0.011721666414450072
2023-08-04 00:00:00+00:00,29174.3828125,29302.078125,28885.3359375,29074.091796875,29074.091796875,12036639988,-0.0035843942133476636,-0.0035908335462961935,0.011754130117461334
2023-08-05 00:00:00+00:00,29075.388671875,29102.46484375,28957.796875,29042.126953125,29042.126953125,6598366353,-0.0010994270766331304,-0.0011000318899209226,0.011754246990222638
2023-08-06 00:00:00+00:00,29043.701171875,29160.822265625,28963.833984375,29041.85546875,29041.85546875,7269806994,-9.347950838400898e-06,-9.347994530765627e-06,0.007726772174016124
2023-08-07 00:00:00+00:00,29038.513671875,29244.28125,28724.140625,29180.578125,29180.578125,13618163710,0.004776645775930843,0.004765273802377892,0.003060183731970759
2023-08-08 00:00:00+00:00,29180.01953125,30176.796875,29113.814453125,29765.4921875,29765.4921875,17570561357,0.020044635853149417,0.01984638697905339,0.009372806496926124
2023-08-09 00:00:00+00:00,29766.6953125,30093.435546875,29376.80078125,29561.494140625,29561.494140625,18379521213,-0.006853508270246889,-0.006877101417061734,0.010121910311677088
2023-08-10 00:00:00+00:00,29563.97265625,29688.564453125,29354.447265625,29429.591796875,29429.591796875,11865344789,-0.004461964714047806,-0.004471948989328098,0.010591860752925028
2023-08-11 00:00:00+00:00,29424.90234375,29517.7734375,29253.517578125,29397.71484375,29397.71484375,10195168197,-0.001083159880198692,-0.0010837469218066252,0.01066992650614054
2023-08-12 00:00:00+00:00,29399.787109375,29465.11328125,29357.587890625,29415.96484375,29415.96484375,6194358008,0.0006207965516027425,0.0006206039371356436,0.010604502948058916
2023-08-13 00:00:00+00:00,29416.59375,29441.43359375,29265.806640625,29282.9140625,29282.9140625,7329897180,-0.004523080645381872,-0.004533340724443713,0.002998682599107731
2023-08-14 00:00:00+00:00,29283.263671875,29660.25390625,29124.10546875,29408.443359375,29408.443359375,14013695304,0.004286776125049352,0.004277614074716283,0.0037087135606488587
2023-08-15 00:00:00+00:00,29408.048828125,29439.12109375,29088.853515625,29170.34765625,29170.34765625,12640195779,-0.008096168172366025,-0.008129120118753778,0.004765344329223387
2023-08-16 00:00:00+00:00,29169.07421875,29221.9765625,28701.779296875,28701.779296875,28701.779296875,14949271904,-0.016063173634291772,-0.016193584838703763,0.007949113032955923
2023-08-17 00:00:00+00:00,28699.802734375,28745.947265625,25409.111328125,26664.55078125,26664.55078125,31120851211,-0.07097917151940503,-0.07362412009606191,0.031060130279198697
2023-08-18 00:00:00+00:00,26636.078125,26808.1953125,25668.921875,26049.556640625,26049.556640625,24026236529,-0.02306411031148714,-0.023334248653811243,0.029890002814330685
2023-08-19 00:00:00+00:00,26047.83203125,26249.44921875,25802.408203125,26096.205078125,26096.205078125,10631443812,0.0017907574452629138,0.0017891559507894222,0.02932938117817942
2023-08-20 00:00:00+00:00,26096.861328125,26260.681640625,26004.314453125,26189.583984375,26189.583984375,9036580420,0.00357825614760654,0.003571869420107809,0.03130260731572677
2023-08-21 00:00:00+00:00,26188.69140625,26220.201171875,25846.087890625,26124.140625,26124.140625,13371557893,-0.002498831574187843,-0.002501958864606914,0.03246645042171309
2023-08-22 00:00:00+00:00,26130.748046875,26135.5078125,25520.728515625,26031.65625,26031.65625,14503820706,-0.0035401882238949023,-0.0035464695192522202,0.010768887881992765
2023-08-23 00:00:00+00:00,26040.474609375,26786.8984375,25804.998046875,26431.640625,26431.640625,16985265785,0.015365306423789304,0.015248455549160829,0.007498451853951753
2023-08-24 00:00:00+00:00,26431.51953125,26554.91015625,25914.92578125,26162.373046875,26162.373046875,12871532023,-0.01018731988472621,-0.01023956576112509,0.009587453508309121
2023-08-25 00:00:00+00:00,26163.6796875,26248.103515625,25786.8125,26047.66796875,26047.66796875,12406045118,-0.004384352975912553,-0.004393992436939317,0.009612542138548208
2023-08-26 00:00:00+00:00,26047.234375,26107.384765625,25983.87890625,26008.462890625,26008.462890625,6034817316,-0.0015051281432193475,-0.0015062619864454853,0.009586170637605185
2023-08-27 00:00:00+00:00,26008.2421875,26165.373046875,25965.09765625,26089.693359375,26089.693359375,6913768611,0.0031232321991347956,0.003118365040993392,0.00958739266806206
2023-08-28 00:00:00+00:00,26089.615234375,26198.578125,25880.599609375,26106.150390625,26106.150390625,11002805166,0.0006307866874213364,0.0006305878251208892,0.0051439241984556315
2023-08-29 00:00:00+00:00,26102.486328125,28089.337890625,25912.62890625,27727.392578125,27727.392578125,29368391712,0.062101924766441385,0.060249892570851026,0.027325163016385955
2023-08-30 00:00:00+00:00,27726.083984375,27760.16015625,27069.20703125,27297.265625,27297.265625,16343655235,-0.015512708305083889,-0.015634289371322937,0.029358692413188336
2023-08-31 00:00:00+00:00,27301.9296875,27456.078125,25752.9296875,25931.47265625,25931.47265625,20181001451,-0.0500340578984273,-0.05132914544958933,0.040365597403672585
2023-09-01 00:00:00+00:00,25934.021484375,26125.869140625,25362.609375,25800.724609375,25800.724609375,17202862221,-0.005042060225742162,-0.005054814300673318,0.040343216721380026
2023-09-02 00:00:00+00:00,25800.91015625,25970.28515625,25753.09375,25868.798828125,25868.798828125,10100387473,0.0026384615075991658,0.0026349868784771645,0.04038865046854293
2023-09-03 00:00:00+00:00,25869.47265625,26087.1484375,25817.03125,25969.56640625,25969.56640625,8962524523,0.0038953327054152,0.0038877655416867615,0.02274197211913145
2023-09-04 00:00:00+00:00,25968.169921875,26081.525390625,25657.025390625,25812.416015625,25812.416015625,10680635106,-0.006051329012069284,-0.006069712504034206,0.022877270642165347
2023-09-05 00:00:00+00:00,25814.95703125,25858.375,25589.98828125,25779.982421875,25779.982421875,11094740040,-0.0012565113521479931,-0.0012573014244295709,0.004448749466357837
2023-09-06 00:00:00+00:00,25783.931640625,25953.015625,25404.359375,25753.236328125,25753.236328125,12752705327,-0.0010374752516241204,-0.001038013801593385,0.0039012424463000777
2023-09-07 00:00:00+00:00,25748.3125,26409.302734375,25608.201171875,26240.1953125,26240.1953125,11088307100,0.018908652030005024,0.01873210550195057,0.009550733941303369
2023-09-08 00:00:00+00:00,26245.208984375,26414.005859375,25677.48046875,25905.654296875,25905.654296875,10817356400,-0.012749181613965876,-0.012831149860508746,0.01176664292006571
2023-09-09 00:00:00+00:00,25905.42578125,25921.9765625,25810.494140625,25895.677734375,25895.677734375,5481314132,-0.0003851113886439439,-0.00038518556307899995,0.011360706017124241
2023-09-10 00:00:00+00:00,25895.2109375,25978.130859375,25640.26171875,25832.2265625,25832.2265625,7899553047,-0.0024502611024840304,-0.0024532679048573473,0.011423165461342281
2023-09-11 00:00:00+00:00,25831.71484375,25883.947265625,24930.296875,25162.654296875,25162.654296875,14600006467,-0.02592003689674205,-0.026261881067480307,0.016611300638415986
2023-09-12 00:00:00+00:00,25160.658203125,26451.939453125,25133.078125,25833.34375,25833.34375,18657279324,0.026654161568650414,0.0263051279529175,0.01938823643835977
2023-09-13 00:00:00+00:00,25837.5546875,26376.11328125,25781.123046875,26228.32421875,26228.32421875,13072077070,0.01528956036711282,0.015173852958685846,0.019921173920877507
2023-09-14 00:00:00+00:00,26228.27734375,26774.623046875,26171.451171875,26539.673828125,26539.673828125,13811359124,0.011870739692642074,0.011800835130971608,0.02022674978203854
2023-09-15 00:00:00+00:00,26533.818359375,26840.498046875,26240.701171875,26608.693359375,26608.693359375,11479735788,0.0026006171627044328,0.0025972414093191217,0.01989023382029731
2023-09-16 00:00:00+00:00,26606.19921875,26754.76953125,26473.890625,26568.28125,26568.28125,7402031417,-0.001518755875352329,-0.0015199103541191222,0.010949671026115703
2023-09-17 00:00:00+00:00,26567.927734375,26617.998046875,26445.07421875,26534.1875,26534.1875,6774210670,-0.0012832501161511578,-0.0012840741866492755,0.0076958687762134145
2023-09-18 00:00:00+00:00,26532.994140625,27414.734375,26415.515625,26754.28125,26754.28125,15615339655,0.008294723552398242,0.008260511389751386,0.005902527848287556
2023-09-19 00:00:00+00:00,26760.8515625,27488.763671875,26681.60546875,27211.1171875,27211.1171875,13807690550,0.017075246134672373,0.016931102662432373,0.007758127476082908
2023-09-20 00:00:00+00:00,27210.228515625,27379.505859375,26864.08203125,27132.0078125,27132.0078125,13281116604,-0.00290724465500225,-0.0029114788993918343,0.00853624449972938
2023-09-21 00:00:00+00:00,27129.83984375,27152.939453125,26389.30078125,26567.6328125,26567.6328125,13371443708,-0.02080107760178318,-0.021020467716698094,0.014202849939144082
2023-09-22 00:00:00+00:00,26564.056640625,26726.078125,26495.533203125,26579.568359375,26579.568359375,10578746709,0.0004492514240630463,0.0004491505408555205,0.014184963717164888
2023-09-23 00:00:00+00:00,26578.556640625,26634.185546875,26520.51953125,26579.390625,26579.390625,7404700301,-6.686879658768241e-06,-6.686902016047694e-06,0.01349628023038658
2023-09-24 00:00:00+00:00,26579.373046875,26716.05859375,26221.05078125,26256.826171875,26256.826171875,8192867686,-0.01213588594546644,-0.012210127075315798,0.009283497791077086
2023-09-25 00:00:00+00:00,26253.775390625,26421.5078125,26011.46875,26298.48046875,26298.48046875,11997833257,0.0015864178176880905,0.001585160786217759,0.009986700029553227
2023-09-26 00:00:00+00:00,26294.7578125,26389.884765625,26090.712890625,26217.25,26217.25,9985498161,-0.0030887894396227633,-0.003093569595525136,0.005615181938813397
2023-09-27 00:00:00+00:00,26209.498046875,26817.841796875,26111.46484375,26352.716796875,26352.716796875,11718380997,0.005167086436411061,0.005153782852789497,0.006577190065985542
2023-09-28 00:00:00+00:00,26355.8125,27259.5,26327.322265625,27021.546875,27021.546875,14079002707,0.02537992888096885,0.02506320623495958,0.013797247040683731
2023-09-29 00:00:00+00:00,27024.841796875,27225.9375,26721.763671875,26911.720703125,26911.720703125,10396435377,-0.004064392478456136,-0.004072674570297436,0.01185337293952488
2023-09-30 00:00:00+00:00,26911.689453125,27091.794921875,26888.96875,26967.916015625,26967.916015625,5331172801,0.0020881352448591795,0.002085958120685116,0.011820142646966654
2023-10-01 00:00:00+00:00,26967.396484375,28047.23828125,26965.09375,27983.75,27983.75,9503917434,0.037668241913332734,0.036976120856382695,0.017266459154818663
2023-10-02 00:00:00+00:00,27976.798828125,28494.458984375,27347.787109375,27530.78515625,27530.78515625,19793041322,-0.016186709920936293,-0.01631914578851585,0.021795223384105132
2023-10-03 00:00:00+00:00,27508.251953125,27667.19140625,27216.001953125,27429.978515625,27429.978515625,11407814187,-0.003661597010505724,-0.0036683170659445614,0.020142807849937626
2023-10-04 00:00:00+00:00,27429.07421875,27826.658203125,27248.10546875,27799.39453125,27799.39453125,11143355314,0.013467601347721292,0.013377719302482879,0.020122676033878927
2023-10-05 00:00:00+00:00,27798.646484375,28091.861328125,27375.6015625,27415.912109375,27415.912109375,11877253670,-0.01379463216164356,-0.013890662255842758,0.022162065660259724
2023-10-06 00:00:00+00:00,27412.123046875,28252.537109375,27215.552734375,27946.59765625,27946.59765625,13492391599,0.01935684447622399,0.019171883788155934,0.015960052277799168
2023-10-07 00:00:00+00:00,27946.78125,28028.091796875,27870.423828125,27968.83984375,27968.83984375,6553044316,0.0007958817661306572,0.0007955652201821253,0.01326389574356745
2023-10-08 00:00:00+00:00,27971.677734375,28102.169921875,27740.662109375,27935.08984375,27935.08984375,7916875290,-0.001206700034343422,-0.0012074286830624696,0.012990137038821513
2023-10-09 00:00:00+00:00,27934.47265625,27989.470703125,27302.5625,27583.677734375,27583.677734375,12007668568,-0.012579594744121514,-0.012659387727925962,0.013329718856437727
2023-10-10 00:00:00+00:00,27589.201171875,27715.84765625,27301.654296875,27391.01953125,27391.01953125,9973350678,-0.006984500217130485,-0.0070090060125914885,0.012029891629905394
2023-10-11 00:00:00+00:00,27392.076171875,27474.115234375,26561.099609375,26873.3203125,26873.3203125,13648094333,-0.018900326735168282,-0.019081220842271783,0.008198258767294369
2023-10-12 00:00:00+00:00,26873.29296875,26921.439453125,26558.3203125,26756.798828125,26756.798828125,9392909295,-0.0043359541366684295,-0.00434538164717781,0.007093632828310028
2023-10-13 00:00:00+00:00,26752.87890625,27092.697265625,26686.322265625,26862.375,26862.375,15165312851,0.003945769916393171,0.0039380057832304975,0.008677780574567234
2023-10-14 00:00:00+00:00,26866.203125,26969.0,26814.5859375,26861.70703125,26861.70703125,5388116782,-2.4866332556272575e-05,-2.4866641728645306e-05,0.008759590850580128
2023-10-15 00:00:00+00:00,26858.01171875,27289.169921875,26817.89453125,27159.65234375,27159.65234375,7098201980,0.011091823470242623,0.011030760315870677,0.011244668307580015
2023-10-16 00:00:00+00:00,27162.62890625,29448.138671875,27130.47265625,28519.466796875,28519.466796875,27833876539,0.05006744695824206,0.04885439730476576,0.021423648356332037
2023-10-17 00:00:00+00:00,28522.09765625,28618.751953125,28110.185546875,28415.748046875,28415.748046875,14872527508,-0.0036367703063566736,-0.0036433994327744555,0.021292547651363042
2023-10-18 00:00:00+00:00,28413.53125,28889.009765625,28174.251953125,28328.341796875,28328.341796875,12724128586,-0.0030759792019486865,-0.0030807197496875486,0.022172646833850274
2023-10-19 00:00:00+00:00,28332.416015625,28892.474609375,28177.98828125,28719.806640625,28719.806640625,14448058195,0.013818840741083749,0.013724231161473081,0.021358965716128747
2023-10-20 00:00:00+00:00,28732.8125,30104.0859375,28601.669921875,29682.94921875,29682.94921875,21536125230,0.033535830870205396,0.03298576898255148,0.02295328842165593
2023-10-21 00:00:00+00:00,29683.380859375,30287.482421875,29481.751953125,29918.412109375,29918.412109375,11541146996,0.007932597562652743,0.007901299916077796,0.015024769481001754
2023-10-22 00:00:00+00:00,29918.654296875,30199.43359375,29720.3125,29993.896484375,29993.896484375,10446520040,0.002523007395046406,0.002519829955235934,0.013878013401691052
2023-10-23 00:00:00+00:00,30140.685546875,34370.4375,30097.828125,33086.234375,33086.234375,38363572311,0.10309890521346299,0.09812340552916099,0.039219268577204244
2023-10-24 00:00:00+00:00,33077.3046875,35150.43359375,32880.76171875,33901.52734375,33901.52734375,44934999645,0.02464145540134477,0.024342751787773464,0.03832374969679541
2023-10-25 00:00:00+00:00,33916.04296875,35133.7578125,33709.109375,34502.8203125,34502.8203125,25254318008,0.017736456610143003,0.017581001125127033,0.03895671573547627
2023-10-26 00:00:00+00:00,34504.2890625,34832.91015625,33762.32421875,34156.6484375,34156.6484375,19427195376,-0.010033147199696724,-0.010083818433932462,0.04221237600013342
2023-10-27 00:00:00+00:00,34156.5,34238.2109375,33416.88671875,33909.80078125,33909.80078125,16418032871,-0.007226928505637331,-0.007253169256571986,0.04379668519163536
2023-10-28 00:00:00+00:00,33907.72265625,34399.390625,33874.8046875,34089.57421875,34089.57421875,10160330825,0.005301518539129857,0.0052875149613998505,0.0150450682517808
2023-10-29 00:00:00+00:00,34089.37109375,34743.26171875,33947.56640625,34538.48046875,34538.48046875,11160323986,0.013168432293093613,0.013082482218137433,0.012177811136046594
2023-10-30 00:00:00+00:00,34531.7421875,34843.93359375,34110.97265625,34502.36328125,34502.36328125,17184860315,-0.0010457086417764438,-0.001046255776520464,0.009414027166747668
2023-10-31 00:00:00+00:00,34500.078125,34719.25390625,34083.30859375,34667.78125,34667.78125,15758270810,0.004794395311462418,0.004782938801692802,0.00760860396118781
2023-11-01 00:00:00+00:00,34657.2734375,35527.9296875,34170.69140625,35437.25390625,35437.25390625,22446272005,0.022195613001625203,0.021952875620689455,0.008898878669483967
2023-11-02 00:00:00+00:00,35441.578125,35919.84375,34401.57421875,34938.2421875,34938.2421875,20998158544,-0.014081557224217889,-0.014181643038139046,0.013758930826470825
2023-11-03 00:00:00+00:00,34942.47265625,34942.47265625,34133.44140625,34732.32421875,34732.32421875,17158456701,-0.005893770145759425,-0.005911206955145199,0.013561864179820186
2023-11-04 00:00:00+00:00,34736.32421875,35256.03125,34616.69140625,35082.1953125,35082.1953125,9561294264,0.010073356782761111,0.010022958693683921,0.014015845682605296
2023-11-05 00:00:00+00:00,35090.01171875,35340.33984375,34594.2421875,35049.35546875,35049.35546875,12412743996,-0.0009360829177728069,-0.0009365213169939803,0.014101080434117085
2023-11-06 00:00:00+00:00,35044.7890625,35286.02734375,34765.36328125,35037.37109375,35037.37109375,12693436420,-0.0003419285416157436,-0.0003419870125084872,0.00882833308683842
2023-11-07 00:00:00+00:00,35047.79296875,35892.41796875,34545.81640625,35443.5625,35443.5625,18834737789,0.011593090279608864,0.011526405303600254,0.007550069750151781
2023-11-08 00:00:00+00:00,35419.4765625,35994.41796875,35147.80078125,35655.27734375,35655.27734375,17295394918,0.005973294692089626,0.005955525293475274,0.005749248154071148
2023-11-09 00:00:00+00:00,35633.6328125,37926.2578125,35592.1015625,36693.125,36693.125,37762672382,0.029107827327892632,0.02869223982446583,0.012139201572243317
2023-11-10 00:00:00+00:00,36702.25,37493.80078125,36362.75390625,37313.96875,37313.96875,22711265155,0.01691989303173269,0.01677834605033404,0.011058764604984703
2023-11-11 00:00:00+00:00,37310.0703125,37407.09375,36773.66796875,37138.05078125,37138.05078125,13924272142,-0.0047145338500075296,-0.004725682318407844,0.01242319457044972
2023-11-12 00:00:00+00:00,37133.9921875,37227.69140625,36779.1171875,37054.51953125,37054.51953125,11545715999,-0.002249209321512735,-0.002251742592082081,0.013896861875236593
2023-11-13 00:00:00+00:00,37070.3046875,37405.1171875,36399.60546875,36502.35546875,36502.35546875,19057712790,-0.014901395821212304,-0.015013537055029228,0.017658621743524342
2023-11-14 00:00:00+00:00,36491.7890625,36753.3515625,34948.5,35537.640625,35537.640625,23857403554,-0.026428838121854925,-0.02678435783979465,0.01617839738785855
2023-11-15 00:00:00+00:00,35548.11328125,37964.89453125,35383.78125,37880.58203125,37880.58203125,27365821679,0.06592844558740318,0.06384619927627835,0.035359303649425355
2023-11-16 00:00:00+00:00,37879.98046875,37934.625,35545.47265625,36154.76953125,36154.76953125,26007385366,-0.04555929205565723,-0.046629756190665436,0.04199567157626368
2023-11-17 00:00:00+00:00,36164.82421875,36704.484375,35901.234375,36596.68359375,36596.68359375,22445028430,0.012222842746045792,0.01214874696667944,0.04274972826562826
2023-11-18 00:00:00+00:00,36625.37109375,36839.28125,36233.3125,36585.703125,36585.703125,11886022717,-0.000300039994658885,-0.000300085015663709,0.042174384677311064
2023-11-19 00:00:00+00:00,36585.765625,37509.35546875,36414.59765625,37386.546875,37386.546875,12915986553,0.021889527372586093,0.021653391391504333,0.039852068989802175
2023-11-20 00:00:00+00:00,37374.07421875,37756.8203125,36882.53125,37476.95703125,37476.95703125,20888209068,0.0024182537251242753,0.002415334454994771,0.02633328928487213
2023-11-21 00:00:00+00:00,37469.16015625,37631.140625,35813.8125,35813.8125,35813.8125,25172163756,-0.04437779006078835,-0.045392621921948366,0.025811428746616485
2023-11-22 00:00:00+00:00,35756.5546875,37856.98046875,35670.97265625,37432.33984375,37432.33984375,24397247860,0.045192824521265385,0.04420138946783627,0.0331175872171203
2023-11-23 00:00:00+00:00,37420.43359375,37643.91796875,36923.86328125,37289.62109375,37289.62109375,14214948217,-0.003812712499291715,-0.003819999415433914,0.033282543980730786
2023-11-24 00:00:00+00:00,37296.31640625,38415.33984375,37261.60546875,37720.28125,37720.28125,22922957823,0.011549062275727495,0.01148288092363248,0.032213118643760454
2023-11-25 00:00:00+00:00,37721.4140625,37892.4296875,37617.41796875,37796.79296875,37796.79296875,9099571165,0.0020283973558654633,0.002026342935600158,0.0322116624757164
2023-11-26 00:00:00+00:00,37796.828125,37820.30078125,37162.75,37479.12109375,37479.12109375,13744796068,-0.008404730932136117,-0.00844024984109134,0.020990524915848092
2023-11-27 00:00:00+00:00,37454.19140625,37559.35546875,36750.12890625,37254.16796875,37254.16796875,19002925720,-0.006002091789647501,-0.00602017674392167,0.00796056667214398
2023-11-28 00:00:00+00:00,37247.9921875,38368.48046875,36891.08984375,37831.0859375,37831.0859375,21696137014,0.01548599794884531,0.015367313611233842,0.010464612300759419
2023-11-29 00:00:00+00:00,37826.10546875,38366.11328125,37612.6328125,37858.4921875,37858.4921875,20728546658,0.0007244373065387055,0.0007241750284948421,0.00929502347961122
2023-11-30 00:00:00+00:00,37861.1171875,38141.75390625,37531.140625,37712.74609375,37712.74609375,18115982627,-0.0038497596002547985,-0.0038571889984724806,0.00946105016953813
2023-12-01 00:00:00+00:00,37718.0078125,38954.109375,37629.359375,38688.75,38688.75,23512784002,0.025879947957747618,0.02555073011462817,0.013590785703117171
2023-12-02 00:00:00+00:00,38689.27734375,39678.9375,38652.59375,39476.33203125,39476.33203125,15534035612,0.020356874575942596,0.020152443138720524,0.012640878972951472
2023-12-03 00:00:00+00:00,39472.20703125,40135.60546875,39298.1640625,39978.390625,39978.390625,15769696322,0.012717964611113297,0.012637770520489717,0.012494931486154543
2023-12-04 00:00:00+00:00,39978.62890625,42371.75,39978.62890625,41980.09765625,41980.09765625,39856129827,0.05006972516793251,0.04885656688656327,0.019265718493294774
2023-12-05 00:00:00+00:00,41986.265625,44408.6640625,41421.1484375,44080.6484375,44080.6484375,36312154535,0.05003682455553493,0.04882523455973004,0.0167400886357212
2023-12-06 00:00:00+00:00,44080.0234375,44265.76953125,43478.08203125,43746.4453125,43746.4453125,29909761586,-0.007581629055975703,-0.007610515703398493,0.02437022880558805
2023-12-07 00:00:00+00:00,43769.1328125,44042.58984375,42880.6484375,43292.6640625,43292.6640625,27635760671,-0.010372985662227885,-0.010427160036986542,0.02912918142929516
2023-12-08 00:00:00+00:00,43293.13671875,44705.515625,43125.296875,44166.6015625,44166.6015625,24421116687,0.02018673414826888,0.01998568323480024,0.02894702507129149
2023-12-09 00:00:00+00:00,44180.01953125,44361.2578125,43627.59765625,43725.984375,43725.984375,17368210171,-0.009976252913108663,-0.010026349184727985,0.026069342637257104
2023-12-10 00:00:00+00:00,43728.3828125,44034.625,43593.28515625,43779.69921875,43779.69921875,13000481418,0.0012284421841561866,0.001227688266422679,0.012832787655622659
2023-12-11 00:00:00+00:00,43792.01953125,43808.375,40234.578125,41243.83203125,41243.83203125,40632672038,-0.05792335792051162,-0.05966864669683699,0.02948086887957545
2023-12-12 00:00:00+00:00,41238.734375,42048.3046875,40667.5625,41450.22265625,41450.22265625,24779520132,0.005004157345118276,0.004991678164292342,0.03044852868353537
2023-12-13 00:00:00+00:00,41468.46484375,43429.78125,40676.8671875,42890.7421875,42890.7421875,26797884674,0.03475299863154757,0.03416274957103686,0.034214556912464965
2023-12-14 00:00:00+00:00,42884.26171875,43390.859375,41767.08984375,43023.97265625,43023.97265625,25578530178,0.0031062756659134827,0.003101461159203954,0.03431870004970534
2023-12-15 00:00:00+00:00,43028.25,43087.82421875,41692.96875,41929.7578125,41929.7578125,19639442462,-0.025432678020983368,-0.025761678809584642,0.03554164623663604
2023-12-16 00:00:00+00:00,41937.7421875,42664.9453125,41723.11328125,42240.1171875,42240.1171875,14386729590,0.007401888090740938,0.007374628549158558,0.021246966373163895
2023-12-17 00:00:00+00:00,42236.109375,42359.49609375,41274.54296875,41364.6640625,41364.6640625,16678702876,-0.02072563201266564,-0.02094342240847231,0.024148161500420887
2023-12-18 00:00:00+00:00,41348.203125,42720.296875,40530.2578125,42623.5390625,42623.5390625,25224642008,0.030433584522719714,0.029979669511789556,0.022678541475273803
2023-12-19 00:00:00+00:00,42641.51171875,43354.296875,41826.3359375,42270.52734375,42270.52734375,23171001281,-0.008282083715112631,-0.008316570718615267,0.02270569805206926
2023-12-20 00:00:00+00:00,42261.30078125,44275.5859375,42223.81640625,43652.25,43652.25,27868908174,0.032687613405284255,0.032164737244750545,0.02329898199260909
2023-12-21 00:00:00+00:00,43648.125,44240.66796875,43330.05078125,43869.15234375,43869.15234375,22452766169,0.0049688697318006625,0.0049565656400486135,0.023341608756074474
2023-12-22 00:00:00+00:00,43868.98828125,44367.95703125,43441.96875,43997.90234375,43997.90234375,21028503216,0.002934864092908329,0.0029305657871948458,0.017846039977468336
2023-12-23 00:00:00+00:00,44012.19921875,44015.69921875,43351.35546875,43739.54296875,43739.54296875,13507796558,-0.005872083923035065,-0.005889392398977758,0.016108803535354203
2023-12-24 00:00:00+00:00,43728.3671875,43945.5234375,42786.91796875,43016.1171875,43016.1171875,18830554085,-0.01653939964043194,-0.016677702596480784,0.018161864754362114
2023-12-25 00:00:00+00:00,43010.57421875,43765.09375,42765.76953125,43613.140625,43613.140625,21115795370,0.013879063861056418,0.013783631646973108,0.01157383130924983
2023-12-26 00:00:00+00:00,43599.84765625,43603.17578125,41676.48828125,42520.40234375,42520.40234375,30026850982,-0.025055253200995553,-0.025374479539831175,0.01549388443654918
2023-12-27 00:00:00+00:00,42518.46875,43683.16015625,42167.58203125,43442.85546875,43442.85546875,25260941032,0.021694364920222586,0.021462391204340153,0.01984365295074632
2023-12-28 00:00:00+00:00,43468.19921875,43804.78125,42318.55078125,42627.85546875,42627.85546875,22992093014,-0.01876027694786908,-0.018938483263033618,0.021205786578907142
2023-12-29 00:00:00+00:00,42614.64453125,43124.32421875,41424.0625,42099.40234375,42099.40234375,26000021055,-0.012396896798793966,-0.01247437935200907,0.020712058990835516
2023-12-30 00:00:00+00:00,42091.75390625,42584.125,41556.2265625,42156.90234375,42156.90234375,16013925945,0.0013658151137276864,0.001364883236683238,0.01864122047420361
2023-12-31 00:00:00+00:00,42152.09765625,42860.9375,41998.25390625,42265.1875,42265.1875,16397498810,0.002568622223877659,0.0025653289520551383,0.015621344687576866
2024-01-01 00:00:00+00:00,42280.234375,44175.4375,42214.9765625,44167.33203125,44167.33203125,18426978443,0.0450049945064126,0.044021664837326654,0.02452508553969004
2024-01-02 00:00:00+00:00,44187.140625,45899.70703125,44176.94921875,44957.96875,44957.96875,39335274536,0.017900939051301412,0.01774260401360504,0.021507470136004177
2024-01-03 00:00:00+00:00,44961.6015625,45503.2421875,40813.53515625,42848.17578125,42848.17578125,46342323118,-0.04692812036242189,-0.04806495357875531,0.0335754021046081
2024-01-04 00:00:00+00:00,42855.81640625,44770.0234375,42675.17578125,44179.921875,44179.921875,30448091210,0.03108057856532498,0.030607357718285957,0.035591224623033775
2024-01-05 00:00:00+00:00,44192.98046875,44353.28515625,42784.71875,44162.69140625,44162.69140625,32336029347,-0.0003900067727314882,-0.0003900828451526924,0.03575673316972785
2024-01-06 00:00:00+00:00,44178.953125,44227.6328125,43475.15625,43989.1953125,43989.1953125,16092503468,-0.003928567037593367,-0.00393630412750998,0.02989243304109099
2024-01-07 00:00:00+00:00,43998.46484375,44495.5703125,43662.23046875,43943.09765625,43943.09765625,19330573863,-0.0010479313368322307,-0.0010484808007761193,0.028104856327262527
2024-01-08 00:00:00+00:00,43948.70703125,47218.0,43244.08203125,46970.50390625,46970.50390625,42746192015,0.06889378335779228,0.06662426635587362,0.030433601681100382
2024-01-09 00:00:00+00:00,46987.640625,47893.69921875,45244.71484375,46139.73046875,46139.73046875,39821290992,-0.017687130611972357,-0.01784541710643821,0.033155756002417644
2024-01-10 00:00:00+00:00,46121.5390625,47647.22265625,44483.15234375,46627.77734375,46627.77734375,50114613298,0.010577584004972662,0.01052203275194838,0.032766259606176074
2024-01-11 00:00:00+00:00,46656.07421875,48969.37109375,45678.64453125,46368.5859375,46368.5859375,45833734549,-0.005558733892443213,-0.005574241147522551,0.03295883310828422
2024-01-12 00:00:00+00:00,46354.79296875,46498.13671875,41903.76953125,42853.16796875,42853.16796875,43332698900,-0.07581464687080208,-0.07884262883299366,0.05241429830596954
2024-01-13 00:00:00+00:00,42799.4453125,43234.66015625,42464.14453125,42842.3828125,42842.3828125,20601860469,-0.0002516769882185965,-0.0002517086641866489,0.03529859585226621
2024-01-14 00:00:00+00:00,42842.26171875,43065.59765625,41724.61328125,41796.26953125,41796.26953125,17521429522,-0.0244177193838242,-0.024720775355358247,0.03540542369527335
2024-01-15 00:00:00+00:00,41715.06640625,43319.72265625,41705.41796875,42511.96875,42511.96875,22320220558,0.01712351907901466,0.01697856404641987,0.0368738836922452
2024-01-16 00:00:00+00:00,42499.3359375,43566.2734375,42085.99609375,43154.9453125,43154.9453125,24062872740,0.015124600939588229,0.015011364505806485,0.03971517812552524
2024-01-17 00:00:00+00:00,43132.1015625,43189.890625,42189.30859375,42742.65234375,42742.65234375,20851232595,-0.009553782672285682,-0.009599712825861542,0.017432825769634768
2024-01-18 00:00:00+00:00,42742.3125,42876.34765625,40631.171875,41262.05859375,41262.05859375,25218357242,-0.034639725632667706,-0.03525390600438047,0.023330256101735024
2024-01-19 00:00:00+00:00,41278.4609375,42134.16015625,40297.45703125,41618.40625,41618.40625,25752407154,0.00863620644230223,0.008599127738074015,0.02190269832368628
2024-01-20 00:00:00+00:00,41624.58984375,41877.89453125,41446.82421875,41665.5859375,41665.5859375,11586690904,0.0011336255217606617,0.0011329834535463317,0.019714705914800127
2024-01-21 00:00:00+00:00,41671.48828125,41855.3671875,41497.0078125,41545.78515625,41545.78515625,9344043642,-0.0028752933279206916,-0.002879434924556738,0.016805489003695027
2024-01-22 00:00:00+00:00,41553.65234375,41651.20703125,39450.1171875,39507.3671875,39507.3671875,31338708143,-0.049064374667218136,-0.05030891028125471,0.0255845994142519
2024-01-23 00:00:00+00:00,39518.71484375,40127.3515625,38521.89453125,39845.55078125,39845.55078125,29244553045,0.008560013431039293,0.008523584257922188,0.024713861157946132
2024-01-24 00:00:00+00:00,39877.59375,40483.78515625,39508.796875,40077.07421875,40077.07421875,22359526178,0.005810521700930993,0.005793705727985713,0.02429993494442948
2024-01-25 00:00:00+00:00,40075.55078125,40254.48046875,39545.6640625,39933.80859375,39933.80859375,18491782013,-0.0035747525934159974,-0.003581157289492955,0.02396811805284289
2024-01-26 00:00:00+00:00,39936.81640625,42209.38671875,39825.69140625,41816.87109375,41816.87109375,25598119893,0.04715459322091098,0.04607657449481696,0.0345131152542445
2024-01-27 00:00:00+00:00,41815.625,42195.6328125,41431.28125,42120.0546875,42120.0546875,11422941934,0.007250269707417489,0.007224112855396914,0.01919725801764154
2024-01-28 00:00:00+00:00,42126.125,42797.17578125,41696.91015625,42035.59375,42035.59375,16858971687,-0.002005242826170095,-0.002007256017307645,0.020329051501349747
2024-01-29 00:00:00+00:00,42030.9140625,43305.8671875,41818.33203125,43288.24609375,43288.24609375,20668476578,0.029799801358818767,0.029364415736914624,0.02159975681603196
2024-01-30 00:00:00+00:00,43300.2265625,43838.9453125,42711.37109375,42952.609375,42952.609375,23842814518,-0.007753530092744043,-0.007783744989935841,0.022583158809673966
2024-01-31 00:00:00+00:00,42946.25,43717.40625,42298.9453125,42582.60546875,42582.60546875,24673628793,-0.00861423582021903,-0.008651552809046921,0.015716763079580306
2024-02-01 00:00:00+00:00,42569.76171875,43243.16796875,41879.19140625,43075.7734375,43075.7734375,21423953779,0.011581441842771323,0.011514890294239742,0.016075176273245485
2024-02-02 00:00:00+00:00,43077.640625,43422.48828125,42584.3359375,43185.859375,43185.859375,18603843039,0.0025556346111748063,0.002552374530244358,0.015740483961957357
2024-02-03 00:00:00+00:00,43184.96484375,43359.94140625,42890.80859375,42992.25,42992.25,11169245236,-0.0044831659668692625,-0.004493245492150753,0.00844566742360418
2024-02-04 00:00:00+00:00,42994.94140625,43097.64453125,42374.83203125,42583.58203125,42583.58203125,14802225490,-0.009505619472114146,-0.009551086228745845,0.008810201016948984
2024-02-05 00:00:00+00:00,42577.62109375,43494.25,42264.81640625,42658.66796875,42658.66796875,18715487317,0.0017632602500394778,0.0017617075316479283,0.007952773768007522
2024-02-06 00:00:00+00:00,42657.390625,43344.1484375,42529.01953125,43084.671875,43084.671875,16798476726,0.009986338686479135,0.009936804708699247,0.007412190755649793
2024-02-07 00:00:00+00:00,43090.01953125,44341.94921875,42775.95703125,44318.22265625,44318.22265625,21126587775,0.028630850081180936,0.02822864621028068,0.01479973418180683
2024-02-08 00:00:00+00:00,44332.125,45575.83984375,44332.125,45301.56640625,45301.56640625,26154524080,0.022188248784866804,0.021945671282114807,0.015198872784051465
2024-02-09 00:00:00+00:00,45297.3828125,48152.49609375,45260.82421875,47147.19921875,47147.19921875,39316770844,0.040741037427910465,0.0399329954084116,0.015017253176661109
2024-02-10 00:00:00+00:00,47153.52734375,48146.171875,46905.3203125,47771.27734375,47771.27734375,16398681570,0.013236801662479536,0.013149960695064189,0.01206435616425952
2024-02-11 00:00:00+00:00,47768.96875,48535.9375,47617.40625,48293.91796875,48293.91796875,19315867136,0.010940478338881565,0.010881064258583886,0.01182074520939489
2024-02-12 00:00:00+00:00,48296.38671875,50280.4765625,47745.76171875,49958.22265625,49958.22265625,34511985805,0.034461993507690414,0.03388147853165121,0.01270379208213143
2024-02-13 00:00:00+00:00,49941.359375,50358.390625,48406.49609375,49742.44140625,49742.44140625,35593051468,-0.004319233922406296,-0.004328588760117502,0.018052506196699458
2024-02-14 00:00:00+00:00,49733.4453125,52021.37109375,49296.83203125,51826.6953125,51826.6953125,39105608050,0.041900916949929146,0.041046849510408934,0.018383809728902432
2024-02-15 00:00:00+00:00,51836.78515625,52820.06640625,51371.62890625,51938.5546875,51938.5546875,38564360533,0.0021583350882306007,0.0021560092291083846,0.019846648130213432
2024-02-16 00:00:00+00:00,51937.7265625,52537.96875,51641.3671875,52160.203125,52160.203125,28180567298,0.004267512618200353,0.0042584326097615645,0.020543131018793084
2024-02-17 00:00:00+00:00,52161.67578125,52191.9140625,50669.66796875,51662.99609375,51662.99609375,20009091006,-0.009532306269177337,-0.00957802949778828,0.019955692115778894
2024-02-18 00:00:00+00:00,51661.96875,52356.96484375,51233.70703125,52122.546875,52122.546875,17595377311,0.008895163192163213,0.008855834280713763,0.018979477780190525
2024-02-19 00:00:00+00:00,52134.8125,52483.32421875,51711.8203125,51779.14453125,51779.14453125,21362184346,-0.006588364620277343,-0.006610163694046543,0.007688836447533891
2024-02-20 00:00:00+00:00,51777.7265625,52945.05078125,50792.3125,52284.875,52284.875,33353758256,0.009767068832988945,0.009719679337319471,0.00891111555810113
2024-02-21 00:00:00+00:00,52273.53515625,52368.81640625,50671.7578125,51839.1796875,51839.1796875,28624907020,-0.008524364120598982,-0.00856090431522995,0.009669505357540055
2024-02-22 00:00:00+00:00,51854.64453125,52009.61328125,50926.29296875,51304.97265625,51304.97265625,25413900611,-0.010305082651198116,-0.010358547640014263,0.00984262307749667
2024-02-23 00:00:00+00:00,51283.90625,51497.93359375,50561.77734375,50731.94921875,50731.94921875,21427078270,-0.011168964874795462,-0.011231806115512574,0.008640852450728372
2024-02-24 00:00:00+00:00,50736.37109375,51684.1953125,50585.4453125,51571.1015625,51571.1015625,15174077879,0.016540904827679226,0.016405594130217752,0.012914294747509254
2024-02-25 00:00:00+00:00,51565.21484375,51950.02734375,51306.171875,51733.23828125,51733.23828125,15413239245,0.003143945229742817,0.0031390133682369275,0.011866326063069445
2024-02-26 00:00:00+00:00,51730.5390625,54938.17578125,50931.03125,54522.40234375,54522.40234375,34074411896,0.053914352844811164,0.052511187656945416,0.026270337719205804
2024-02-27 00:00:00+00:00,54519.36328125,57537.83984375,54484.19921875,57085.37109375,57085.37109375,49756832031,0.04700762695380023,0.045936216440473146,0.027354903159557596
2024-02-28 00:00:00+00:00,57071.09765625,63913.1328125,56738.42578125,62504.7890625,62504.7890625,83239156760,0.09493531994124749,0.09069529297704289,0.03413984359919587
2024-02-29 00:00:00+00:00,62499.18359375,63585.64453125,60498.73046875,61198.3828125,61198.3828125,65496611844,-0.020900898468654838,-0.02112241427001975,0.04384662425562426
2024-03-01 00:00:00+00:00,61168.0625,63155.1015625,60802.52734375,62440.6328125,62440.6328125,40186368423,0.020298739001094468,0.0200954657884248,0.04142968179433015
2024-03-02 00:00:00+00:00,62431.65234375,62458.69921875,61657.2890625,62029.84765625,62029.84765625,23888473685,-0.006578811548619723,-0.006600547312091193,0.04444354958122011
2024-03-03 00:00:00+00:00,62031.578125,63230.2109375,61435.0234375,63167.37109375,63167.37109375,26253811450,0.01833832389535761,0.01817220465901261,0.043010199227681435
2024-03-04 00:00:00+00:00,63137.00390625,68537.03125,62386.51953125,68330.4140625,68330.4140625,70670471105,0.08173591649219114,0.0785670808490068,0.03810637858926115
2024-03-05 00:00:00+00:00,68341.0546875,69170.625,59323.91015625,63801.19921875,63801.19921875,102802940877,-0.06628402455760396,-0.06858298181492034,0.05316735539398351
2024-03-06 00:00:00+00:00,63776.05078125,67637.9296875,62848.671875,66106.8046875,66106.8046875,68750229073,0.03613733749494208,0.03549970020086634,0.05445037080669536
2024-03-07 00:00:00+00:00,66099.7421875,68029.921875,65655.53125,66925.484375,66925.484375,46989543159,0.012384196927533564,0.012308140052515397,0.05353561758943424
2024-03-08 00:00:00+00:00,66938.09375,70083.0546875,66230.453125,68300.09375,68300.09375,59202881172,0.020539401213709896,0.020331312236987975,0.053574351104775556
2024-03-09 00:00:00+00:00,68299.2578125,68673.0546875,68053.125,68498.8828125,68498.8828125,21609650379,0.0029105240064184468,0.002906296632019191,0.040422581835134565
2024-03-10 00:00:00+00:00,68500.2578125,70005.203125,68239.9765625,69019.7890625,69019.7890625,35683977532,0.007604594828588107,0.007575825657206857,0.012793162315174708
2024-03-11 00:00:00+00:00,69020.546875,72850.7109375,67194.8828125,72123.90625,72123.90625,65716656765,0.04497430707429584,0.04399229858274628,0.01618833853802437
2024-03-12 00:00:00+00:00,72125.125,72825.65625,68728.8515625,71481.2890625,71481.2890625,62554434520,-0.008909905479502545,-0.008949836049347838,0.020169432417510506
2024-03-13 00:00:00+00:00,71482.1171875,73637.4765625,71334.09375,73083.5,73083.5,48212536929,0.022414410239567806,0.02216689906407544,0.020348253059941594
2024-03-14 00:00:00+00:00,73079.375,73750.0703125,68563.0234375,71396.59375,71396.59375,59594605698,-0.0230819028918976,-0.0233524614583823,0.02629728955230965
2024-03-15 00:00:00+00:00,71387.875,72357.1328125,65630.6953125,69403.7734375,69403.7734375,78320453976,-0.027911980219644583,-0.028308923292000562,0.03101358532449577
2024-03-16 00:00:00+00:00,69392.484375,70046.2734375,64801.39453125,65315.1171875,65315.1171875,46842198371,-0.05891115205258901,-0.060717725206296765,0.030158843715519763
2024-03-17 00:00:00+00:00,65316.34375,68845.71875,64545.31640625,68390.625,68390.625,44716864318,0.04708722796395115,0.046012240704610304,0.04257682757145323
2024-03-18 00:00:00+00:00,68371.3046875,68897.1328125,66594.2265625,67548.59375,67548.59375,49261579492,-0.0123120859035869,-0.012388507554368627,0.03893422108904931
2024-03-19 00:00:00+00:00,67556.1328125,68106.9296875,61536.1796875,61912.7734375,61912.7734375,74215844794,-0.08343356981432348,-0.08712073185700822,0.05071011393952268
2024-03-20 00:00:00+00:00,61930.15625,68115.2578125,60807.78515625,67913.671875,67913.671875,66792634382,0.09692504638897836,0.09251085296877404,0.07418104845886964
2024-03-21 00:00:00+00:00,67911.5859375,68199.9921875,64580.91796875,65491.390625,65491.390625,44480350565,-0.03566706353999505,-0.03631867422621332,0.07024328179416753
2024-03-22 00:00:00+00:00,65489.9296875,66623.75,62355.37109375,63778.76171875,63778.76171875,41401116964,-0.02615044343853401,-0.02649844665215931,0.06585614571884253
2024-03-23 00:00:00+00:00,63802.72265625,65976.3984375,63038.4921875,64062.203125,64062.203125,24738964812,0.004444134671348854,0.0044342886654000135,0.06638431862803702
2024-03-24 00:00:00+00:00,64070.75390625,67622.7578125,63825.8515625,67234.171875,67234.171875,27206630673,0.04951388799118828,0.04832709315067971,0.05379329274183202
2024-03-25 00:00:00+00:00,67234.09375,71162.59375,66414.8359375,69958.8125,69958.8125,42700139523,0.04052464020923141,0.0397250476948794,0.03800792831865179
2024-03-26 00:00:00+00:00,69931.328125,71535.7421875,69335.609375,69987.8359375,69987.8359375,36010437368,0.00041486463910467286,0.0004147786065640333,0.030633823761275995
2024-03-27 00:00:00+00:00,69991.8984375,71727.6875,68381.9296875,69455.34375,69455.34375,40827113309,-0.007608353371227561,-0.007637444542951766,0.025188146951404148
2024-03-28 00:00:00+00:00,69452.7734375,71546.0234375,68895.5078125,70744.953125,70744.953125,34374900617,0.018567460837021654,0.018397189971880865,0.024193802622635874
2024-03-29 00:00:00+00:00,70744.796875,70913.09375,69076.65625,69892.828125,69892.828125,25230851763,-0.01204502883045766,-0.012118158012204417,0.02133710826983076
2024-03-30 00:00:00+00:00,69893.4453125,70355.4921875,69601.0625,69645.3046875,69645.3046875,17130241883,-0.0035414711944022903,-0.0035477570486820652,0.01175118094402964
2024-03-31 00:00:00+00:00,69647.78125,71377.78125,69624.8671875,71333.6484375,71333.6484375,20050941373,0.02424203264779501,0.023952858696302478,0.01625890262714321
2024-04-01 00:00:00+00:00,71333.484375,71342.09375,68110.6953125,69702.1484375,69702.1484375,34873527352,-0.022871394296192005,-0.023137002333257977,0.020027710935014115
2024-04-02 00:00:00+00:00,69705.0234375,69708.3828125,64586.59375,65446.97265625,65446.97265625,50705240709,-0.061047985989492126,-0.06299090436988572,0.031719503375105595
2024-04-03 00:00:00+00:00,65446.671875,66914.3203125,64559.8984375,65980.8125,65980.8125,34488018367,0.008156830210526378,0.00812374307331999,0.03351106437947857
2024-04-04 00:00:00+00:00,65975.6953125,69291.2578125,65113.796875,68508.84375,68508.84375,34439527442,0.038314642609167615,0.03759886271186141,0.04031887727158857
2024-04-05 00:00:00+00:00,68515.7578125,68725.7578125,66011.4765625,67837.640625,67837.640625,33748230056,-0.009797320875087778,-0.009845630418288566,0.03733212359133041
2024-04-06 00:00:00+00:00,67840.5703125,69629.6015625,67491.71875,68896.109375,68896.109375,19967785809,0.015602971156545964,0.015482496362565016,0.03793781029190892
2024-04-07 00:00:00+00:00,68897.109375,70284.4296875,68851.6328125,69362.5546875,69362.5546875,21204930369,0.006770270726916605,0.006747455363626304,0.017223232633140333
2024-04-08 00:00:00+00:00,69362.5546875,72715.359375,69064.2421875,71631.359375,71631.359375,37261432669,0.03270935878474601,0.03218579409702191,0.01924463504307421
2024-04-09 00:00:00+00:00,71632.5,71742.5078125,68212.921875,69139.015625,69139.015625,36426900409,-0.03479403115822832,-0.035413761203788405,0.025765598894834915
2024-04-10 00:00:00+00:00,69140.2421875,71093.4296875,67503.5625,70587.8828125,70587.8828125,38318601774,0.0209558550176423,0.020739301242534747,0.025930389157280694
2024-04-11 00:00:00+00:00,70575.734375,71256.234375,69571.8125,70060.609375,70060.609375,30153382941,-0.007469744331340511,-0.00749778258451207,0.02629513770306264
2024-04-12 00:00:00+00:00,70061.3828125,71222.7421875,65254.8359375,67195.8671875,67195.8671875,44129299406,-0.04088948430588779,-0.041748970181434676,0.032855533537183325
2024-04-13 00:00:00+00:00,67188.375,67931.4296875,60919.10546875,63821.47265625,63821.47265625,52869738185,-0.05021729270691988,-0.05152204971523435,0.029464124760932027
2024-04-14 00:00:00+00:00,63836.23046875,65824.4296875,62205.8515625,65738.7265625,65738.7265625,49084320047,0.03004089104268326,0.02959850149495867,0.03623274631290112
2024-04-15 00:00:00+00:00,65739.6484375,66878.6484375,62332.0703125,63426.2109375,63426.2109375,43595917654,-0.03517737178558533,-0.03581099949650861,0.03287557644682761
2024-04-16 00:00:00+00:00,63419.296875,64355.66796875,61716.40234375,63811.86328125,63811.86328125,42847528078,0.006080330797783695,0.0060619201772289105,0.03481100754733366
2024-04-17 00:00:00+00:00,63831.84765625,64486.36328125,59768.5859375,61276.69140625,61276.69140625,41915247049,-0.03972884891052719,-0.04053958534994488,0.03461432867300052
2024-04-18 00:00:00+00:00,61275.31640625,64125.6875,60833.48046875,63512.75390625,63512.75390625,36006307335,0.03649124077498622,0.03584120208614769,0.03577217184670195
2024-04-19 00:00:00+00:00,63510.75,65481.59765625,59651.390625,63843.5703125,63843.5703125,49920425401,0.005208661031110617,0.005195142876912206,0.03202762158033612
2024-04-20 00:00:00+00:00,63851.1015625,65442.45703125,63172.40234375,64994.44140625,64994.44140625,23097485495,0.018026421268684478,0.017865871886504233,0.028247405926979455
2024-04-21 00:00:00+00:00,64992.81640625,65723.2421875,64277.72265625,64926.64453125,64926.64453125,20506644853,-0.0010431180502996629,-0.0010436624765665994,0.0283519334828457
2024-04-22 00:00:00+00:00,64935.6328125,67233.9609375,64548.1796875,66837.6796875,66837.6796875,28282686673,0.029433758205850147,0.029008901759275917,0.015525666494731236
2024-04-23 00:00:00+00:00,66839.890625,67199.2421875,65864.8671875,66407.2734375,66407.2734375,24310975583,-0.006439574982440521,-0.006460398489914604,0.014433452053978387
2024-04-24 00:00:00+00:00,66408.71875,67075.3671875,63589.87109375,64276.8984375,64276.8984375,30276655120,-0.03208044676017341,-0.03260630131627199,0.023756847291190222
2024-04-25 00:00:00+00:00,64275.01953125,65275.20703125,62783.6328125,64481.70703125,64481.70703125,32155786816,0.0031863484195515657,0.0031812827691917772,0.02205157570189746
2024-04-26 00:00:00+00:00,64485.37109375,64789.65625,63322.3984375,63755.3203125,63755.3203125,24139372950,-0.011265004482557628,-0.011328935219016097,0.022464425561049915
2024-04-27 00:00:00+00:00,63750.98828125,63898.36328125,62424.71875,63419.140625,63419.140625,19530783039,-0.005272966802647994,-0.005286917956356649,0.013416853153079012
2024-04-28 00:00:00+00:00,63423.515625,64321.484375,62793.59765625,63113.23046875,63113.23046875,17334827993,-0.004823625063903991,-0.004835296290154387,0.013558124097227012
2024-04-29 00:00:00+00:00,63106.36328125,64174.87890625,61795.45703125,63841.12109375,63841.12109375,26635912073,0.011533090916022948,0.011467091787556437,0.008832264286657465
2024-04-30 00:00:00+00:00,63839.41796875,64703.33203125,59120.06640625,60636.85546875,60636.85546875,37840840057,-0.050191249309274655,-0.051494629716542104,0.02348904876663349
2024-05-01 00:00:00+00:00,60609.49609375,60780.5,56555.29296875,58254.01171875,58254.01171875,48439780271,-0.03929695449375714,-0.040089923480657194,0.02651926105483667
2024-05-02 00:00:00+00:00,58253.703125,59602.296875,56937.203125,59123.43359375,59123.43359375,32711813559,0.014924669552331737,0.014814392549697799,0.030204971908766257
2024-05-03 00:00:00+00:00,59122.30078125,63320.50390625,58848.3125,62889.8359375,62889.8359375,33172023048,0.06370405294167747,0.06175720649824811,0.045883813054004206
2024-05-04 00:00:00+00:00,62891.03125,64494.95703125,62599.3515625,63891.47265625,63891.47265625,20620477992,0.015926845790239064,0.015801344389047563,0.04621113450262784
2024-05-05 00:00:00+00:00,63892.453125,64610.890625,62955.3046875,64031.1328125,64031.1328125,18296164805,0.002185896653241981,0.002183511056964741,0.03640655967913411
2024-05-06 00:00:00+00:00,64038.3125,65494.90234375,62746.23828125,63161.94921875,63161.94921875,28697928697,-0.013574390387488533,-0.013667364763724113,0.02813386250689973
2024-05-07 00:00:00+00:00,63162.76171875,64390.45703125,62285.98046875,62334.81640625,62334.81640625,25930730982,-0.01309542885757653,-0.01318192999564668,0.031102387100527866
2024-05-08 00:00:00+00:00,62332.640625,62986.0859375,60877.12890625,61187.94140625,61187.94140625,26088172222,-0.018398626419713127,-0.018569986258493817,0.014224320646178604
2024-05-09 00:00:00+00:00,61191.19921875,63404.9140625,60648.07421875,63049.9609375,63049.9609375,25453338161,0.03043115176709965,0.02997730860417905,0.01983465351230065
2024-05-10 00:00:00+00:00,63055.19140625,63446.7421875,60208.78125,60792.77734375,60792.77734375,27804954694,-0.035799920573900024,-0.036456454635488925,0.024466442821441645
2024-05-11 00:00:00+00:00,60793.35546875,61451.15234375,60492.625,60793.7109375,60793.7109375,13842272968,1.5356984674586016e-05,1.5356866757304103e-05,0.02477010290397576
2024-05-12 00:00:00+00:00,60793.50390625,61818.15625,60632.6015625,61448.39453125,61448.39453125,13800459405,0.010768936188532141,0.01071136415279376,0.025720924217009732
2024-05-13 00:00:00+00:00,61451.21875,63422.66015625,60769.83984375,62901.44921875,62901.44921875,27889181179,0.023646747788683697,0.02337149423787631,0.02615391853773781
2024-05-14 00:00:00+00:00,62900.7734375,63092.125,61123.765625,61552.7890625,61552.7890625,28186271527,-0.02144084393922019,-0.021674038111579395,0.024208920056159614
2024-05-15 00:00:00+00:00,61553.98828125,66454.453125,61330.41015625,66267.4921875,66267.4921875,39815167074,0.07659609250545496,0.07380429766149847,0.0356746710167287
2024-05-16 00:00:00+00:00,66256.109375,66712.4296875,64613.0546875,65231.58203125,65231.58203125,31573077994,-0.01563225228621834,-0.015755724397151206,0.03818766926831939
2024-05-17 00:00:00+00:00,65231.296875,67459.4609375,65119.31640625,67051.875,67051.875,28031279310,0.02790508695432159,0.027522834905047706,0.038553999084653776
2024-05-18 00:00:00+00:00,67066.2109375,67387.328125,66663.5,66940.8046875,66940.8046875,16712277406,-0.0016564833198177142,-0.001657856805292211,0.039212831640495806
2024-05-19 00:00:00+00:00,66937.9296875,67694.296875,65937.1796875,66278.3671875,66278.3671875,19249094538,-0.009895869986810912,-0.0099451595532183,0.0369466295354013
2024-05-20 00:00:00+00:00,66278.7421875,71483.5625,66086.171875,71448.1953125,71448.1953125,43850655717,0.07800174241430358,0.07510908882529838,0.037468549442678876
2024-05-21 00:00:00+00:00,71443.0625,71946.4609375,69191.125,70136.53125,70136.53125,46932005990,-0.018358253231772315,-0.01852885718229531,0.03805457740564099
2024-05-22 00:00:00+00:00,70135.3203125,70623.6953125,68977.6953125,69122.3359375,69122.3359375,32802561717,-0.01446030042296964,-0.014565869510184994,0.03909457451041381
2024-05-23 00:00:00+00:00,69121.3046875,70041.2734375,66356.953125,67929.5625,67929.5625,41895680979,-0.017255976976508713,-0.017406596587757724,0.040483810738521676
2024-05-24 00:00:00+00:00,67928.1328125,69220.296875,66622.671875,68526.1015625,68526.1015625,29197308153,0.008781729788116976,0.008743394668047938,0.03985547297678942
2024-05-25 00:00:00+00:00,68526.921875,69579.3203125,68515.8203125,69265.9453125,69265.9453125,15473071741,0.010796524727518797,0.010738658385428567,0.014644106468121051
2024-05-26 00:00:00+00:00,69264.2890625,69506.2265625,68183.890625,68518.09375,68518.09375,15628433737,-0.010796814497022966,-0.010855523058038129,0.013376805746889719
2024-05-27 00:00:00+00:00,68512.1796875,70597.8828125,68232.5,69394.5546875,69394.5546875,25870990717,0.012791671360530277,0.01271054899375939,0.013884037932225837
2024-05-28 00:00:00+00:00,69392.1953125,69514.640625,67227.15625,68296.21875,68296.21875,32722265965,-0.015827408107827234,-0.015953999045957543,0.013415483092773454
2024-05-29 00:00:00+00:00,68296.3515625,68852.4609375,67101.4921875,67578.09375,67578.09375,26707072906,-0.01051485738366742,-0.010570529093847765,0.013436626338926233
2024-05-30 00:00:00+00:00,67576.0859375,69500.5390625,67118.078125,68364.9921875,68364.9921875,29509712534,0.011644282841286824,0.011577009906272178,0.013651108882843504
2024-05-31 00:00:00+00:00,68362.515625,68999.5625,66633.421875,67491.4140625,67491.4140625,27387283769,-0.012778150001159894,-0.012860492770805693,0.013979064591835339
2024-06-01 00:00:00+00:00,67489.609375,67839.765625,67386.1953125,67706.9375,67706.9375,11641495604,0.0031933460054698326,0.0031882581048550507,0.011775229793268206
2024-06-02 00:00:00+00:00,67710.2734375,68409.1640625,67315.5234375,67751.6015625,67751.6015625,17110588415,0.0006596674454519835,0.0006594499605225849,0.010111073157558567
2024-06-03 00:00:00+00:00,67753.8984375,70230.8203125,67589.8359375,68804.78125,68804.78125,32401285324,0.015544720172089965,0.015425138658129584,0.010991255124915904
2024-06-04 00:00:00+00:00,68804.5703125,71047.40625,68564.640625,70567.765625,70567.765625,33149696545,0.025622992224831664,0.025300225248925362,0.014602147981090094
2024-06-05 00:00:00+00:00,70568.3515625,71735.4140625,70390.7109375,71082.8203125,71082.8203125,32810771409,0.007298724608017615,0.007272217816602819,0.0100490609209625
2024-06-06 00:00:00+00:00,71082.84375,71625.734375,70119.125,70757.1640625,70757.1640625,25223152007,-0.004581363662391591,-0.0045918902720176475,0.011875336260786176
2024-06-07 00:00:00+00:00,70759.1875,71907.8515625,68507.2578125,69342.5859375,69342.5859375,36188381096,-0.01999201273457618,-0.020194557079892095,0.017692340803294453
2024-06-08 00:00:00+00:00,69324.1796875,69533.3203125,69210.7421875,69305.7734375,69305.7734375,14262185861,-0.0005308786729295578,-0.0005310196389050046,0.016670686757222893
2024-06-09 00:00:00+00:00,69297.4921875,69817.5234375,69160.84375,69647.9921875,69647.9921875,13534028500,0.00493781012787653,0.004925659126589219,0.010861746118605613
2024-06-10 00:00:00+00:00,69644.3125,70146.0703125,69232.421875,69512.28125,69512.28125,20597699541,-0.0019485261992140401,-0.0019504270460231217,0.009452761039988655
2024-06-11 00:00:00+00:00,69508.078125,69549.4140625,66123.6015625,67332.03125,67332.03125,37116136345,-0.03136496113771259,-0.03186737491787959,0.015486400214140642
2024-06-12 00:00:00+00:00,67321.375,69977.890625,66902.453125,68241.1875,68241.1875,34497940694,0.013502581655740586,0.013412234174301008,0.01712086380732107
2024-06-13 00:00:00+00:00,68243.1015625,68365.78125,66304.5625,66756.3984375,66756.3984375,28955204146,-0.021757960505889518,-0.021998155421161833,0.01888439618858894
2024-06-14 00:00:00+00:00,66747.5703125,67294.6484375,65056.89453125,66011.09375,66011.09375,27403884779,-0.011164543099157487,-0.011227334405387725,0.017563709651889674
2024-06-15 00:00:00+00:00,66006.7421875,66402.1875,65871.7734375,66191.0,66191.0,14121265576,0.0027253941690672523,0.0027216870164859935,0.01825788486466206
2024-06-16 00:00:00+00:00,66189.359375,66894.84375,66018.25,66639.046875,66639.046875,13281140541,0.006768999939568809,0.00674619312119944,0.014329805025427921
2024-06-17 00:00:00+00:00,66636.515625,67188.3203125,65094.96484375,66490.296875,66490.296875,30006354476,-0.0022321747830370553,-0.0022346697987336212,0.01154084715418877
2024-06-18 00:00:00+00:00,66490.9765625,66556.703125,64066.95703125,65140.74609375,65140.74609375,39481285950,-0.02029695827328193,-0.020505771883152002,0.011004580739626289
2024-06-19 00:00:00+00:00,65146.66015625,65695.3515625,64693.30078125,64960.296875,64960.296875,21103423504,-0.0027701435671353414,-0.002773987515326679,0.010423480595136713
2024-06-20 00:00:00+00:00,64960.296875,66438.9609375,64547.84765625,64828.65625,64828.65625,25641109124,-0.00202647819256907,-0.002028534277712279,0.009953647294883374
2024-06-21 00:00:00+00:00,64837.98828125,65007.546875,63378.89453125,64096.19921875,64096.19921875,26188171739,-0.011298352821403679,-0.011362664075990998,0.008118973943209502
2024-06-22 00:00:00+00:00,64113.86328125,64475.46875,63929.7578125,64252.578125,64252.578125,9858198793,0.0024397531859308152,0.002436781820078235,0.009123443960032541
2024-06-23 00:00:00+00:00,64248.96484375,64491.703125,63180.796875,63180.796875,63180.796875,11170471802,-0.01668075089399379,-0.016821441362000096,0.007796798656535136
2024-06-24 00:00:00+00:00,63173.3515625,63292.52734375,58601.69921875,60277.4140625,60277.4140625,43152133651,-0.04595356431233677,-0.047042933993412646,0.01946529730132042
2024-06-25 00:00:00+00:00,60266.28125,62258.26171875,60239.75,61804.640625,61804.640625,29201215431,0.025336630415439876,0.025020978589857558,0.026460891588787595
2024-06-26 00:00:00+00:00,61789.67578125,62434.13671875,60695.1875,60811.27734375,60811.27734375,22506003064,-0.016072632592061153,-0.016203198264060435,0.026631611612107725
2024-06-27 00:00:00+00:00,60811.2265625,62293.86328125,60585.33203125,61604.80078125,61604.80078125,21231745045,0.013048951973404943,0.01296454786345771,0.028277602861396155
2024-06-28 00:00:00+00:00,61612.8046875,62126.09765625,59985.40234375,60320.13671875,60320.13671875,24952866877,-0.020853310881755127,-0.021073812008611803,0.028655017193136314
2024-06-29 00:00:00+00:00,60319.875,61097.62109375,60300.96484375,60887.37890625,60887.37890625,12652903396,0.009403861104374522,0.009359920064692571,0.01979969368064179
2024-06-30 00:00:00+00:00,60888.4453125,62892.828125,60632.94921875,62678.29296875,62678.29296875,17333226409,0.029413551620566913,0.028989272731724976,0.020995885102811692
2024-07-01 00:00:00+00:00,62673.60546875,63777.2265625,62495.51171875,62851.98046875,62851.98046875,25468379421,0.002771094932125795,0.0027672625269042988,0.018234129393862066
2024-07-02 00:00:00+00:00,62844.41015625,63203.359375,61752.74609375,62029.015625,62029.015625,20151616992,-0.013093697885290578,-0.01318017605629068,0.019647186065052676
2024-07-03 00:00:00+00:00,62034.33203125,62187.703125,59419.38671875,60173.921875,60173.921875,29756701685,-0.02990687070088416,-0.030363202506616574,0.022528353774050516
2024-07-04 00:00:00+00:00,60147.13671875,60399.67578125,56777.8046875,56977.703125,56977.703125,41149609230,-0.05311634426354228,-0.05457904895434864,0.03178703759570991
2024-07-05 00:00:00+00:00,57022.80859375,57497.15234375,53717.375,56662.375,56662.375,55417544033,-0.005534237213954074,-0.005549607840752044,0.022784945386995707
2024-07-06 00:00:00+00:00,56659.07421875,58472.546875,56038.9609375,58303.5390625,58303.5390625,20610320577,0.02896391234041995,0.028552385625087485,0.030789438972496704
2024-07-07 00:00:00+00:00,58239.4296875,58371.12109375,55793.32421875,55849.109375,55849.109375,20553359505,-0.042097439142912196,-0.043009217189319104,0.03314279991050708
2024-07-08 00:00:00+00:00,55849.57421875,58131.3359375,54321.01953125,56705.09765625,56705.09765625,39766159899,0.015326802715911692,0.015210533790654032,0.03605892924179539
2024-07-09 00:00:00+00:00,56704.59765625,58239.1953125,56316.875,58009.2265625,58009.2265625,27849512607,0.02299844211812685,0.022737964112148894,0.029068116093247668
2024-07-10 00:00:00+00:00,58033.8828125,59359.43359375,57178.4140625,57742.49609375,57742.49609375,26175260526,-0.004598069730556098,-0.0046086733698468725,0.028997125822322244
2024-07-11 00:00:00+00:00,57729.890625,59299.43359375,57120.37890625,57344.9140625,57344.9140625,28707803842,-0.006885432015347748,-0.006909245978268808,0.025554722713339657
2024-07-12 00:00:00+00:00,57341.1953125,58532.5546875,56590.17578125,57899.46484375,57899.46484375,25604805221,0.009670444019596935,0.009623984558104185,0.012747427925899427
2024-07-13 00:00:00+00:00,57908.73828125,59787.078125,57796.44140625,59231.953125,59231.953125,17080061806,0.023013827240820017,0.022753003242582143,0.014284366872785576
2024-07-14 00:00:00+00:00,59225.25,61329.52734375,59225.25,60787.79296875,60787.79296875,22223416061,0.026266900915231206,0.025927850263005585,0.015114132891362469
2024-07-15 00:00:00+00:00,60815.45703125,64870.15234375,60704.9296875,64870.15234375,64870.15234375,38094526099,0.06715755212726138,0.06499862039498035,0.026672127061994885
2024-07-16 00:00:00+00:00,64784.41796875,65354.33984375,62487.96875,65097.1484375,65097.1484375,41617346768,0.003499237870556282,0.0034931297826731934,0.024000631791646517
2024-07-17 00:00:00+00:00,65091.83203125,66066.734375,63896.0859375,64118.79296875,64118.79296875,32525071311,-0.01502916014346345,-0.01514324245482322,0.029892703400064734
2024-07-18 00:00:00+00:00,64104.73828125,65104.66015625,63246.1640625,63974.06640625,63974.06640625,27239305337,-0.0022571629283560934,-0.0022597141603525025,0.03145388466904383
2024-07-19 00:00:00+00:00,63972.32421875,67442.640625,63329.34375,66710.15625,66710.15625,37003855410,0.042768734230136385,0.041879420109635544,0.03352877416154696
2024-07-20 00:00:00+00:00,66709.921875,67610.734375,66299.6171875,67163.6484375,67163.6484375,19029581250,0.0067979482134701286,0.006774946348331885,0.021242499710461025
2024-07-21 00:00:00+00:00,67164.9140625,68372.90625,65842.296875,68154.5234375,68154.5234375,26652190004,0.014753144342986024,0.014645375370143716,0.02137401382538031
2024-07-22 00:00:00+00:00,68152.9765625,68480.0625,66611.296875,67585.25,67585.25,42649109453,-0.00835268752223095,-0.008387766690112852,0.019591334611233364
2024-07-23 00:00:00+00:00,67584.8046875,67779.015625,65484.4609375,65927.671875,65927.671875,35605668666,-0.02452573786440093,-0.024831503546284737,0.0251011154665263
2024-07-24 00:00:00+00:00,65927.859375,67113.984375,65146.99609375,65372.1328125,65372.1328125,27470942309,-0.008426492953570563,-0.008462196557576013,0.015304011621117141
2024-07-25 00:00:00+00:00,65375.875,66112.421875,63473.47265625,65777.2265625,65777.2265625,38315761670,0.00619673448871394,0.006177613679945953,0.015200342765450136
2024-07-26 00:00:00+00:00,65771.8125,68207.6015625,65743.765625,67912.0625,67912.0625,30488630457,0.032455548053117234,0.03193999219319689,0.021297609960647987
2024-07-27 00:00:00+00:00,67911.8125,69398.5078125,66705.21875,67813.3359375,67813.3359375,34691905492,-0.0014537411892032726,-0.001454798896138238,0.02089488343250615
2024-07-28 00:00:00+00:00,67808.65625,68301.8515625,67085.828125,68255.8671875,68255.8671875,18043166945,0.006525726007755361,0.006504525639670648,0.015276377045200162
2024-07-29 00:00:00+00:00,68259.0546875,69987.5390625,66532.59375,66819.9140625,66819.9140625,40780682628,-0.021037797689324123,-0.021262245664086656,0.019097564173903302
2024-07-30 00:00:00+00:00,66819.0546875,66987.671875,65323.19140625,66201.015625,66201.015625,31380492109,-0.009262185475442442,-0.009305346230673276,0.01996880198541543
2024-07-31 00:00:00+00:00,66201.2734375,66810.2109375,64532.046875,64619.25,64619.25,31292785994,-0.023893373992326827,-0.024183450577486682,0.012979724357423424
2024-08-01 00:00:00+00:00,64625.83984375,65593.2421875,62248.94140625,65357.5,65357.5,40975554494,0.011424614182306447,0.011359846111043197,0.015990164969962403
2024-08-02 00:00:00+00:00,65353.5,65523.22265625,61184.89453125,61415.06640625,61415.06640625,43060875727,-0.06032105869640059,-0.06221701386487153,0.026892824068344548
2024-08-03 00:00:00+00:00,61414.80859375,62148.37109375,59836.52734375,60680.09375,60680.09375,31753030589,-0.011967302150066583,-0.012039486792085179,0.027195357434247044
2024-08-04 00:00:00+00:00,60676.09375,61062.98828125,57210.8046875,58116.9765625,58116.9765625,31758917219,-0.04223983565450573,-0.04315788272420938,0.02828430477975641
2024-08-05 00:00:00+00:00,58110.296875,58268.828125,49121.23828125,53991.45703125,53991.45703125,108991085584,-0.07098647891315102,-0.07363198582120066,0.035255407461925015
2024-08-06 00:00:00+00:00,53991.34765625,57059.91796875,53973.2734375,56034.31640625,56034.31640625,49300484106,0.03783671505322772,0.03713846509911699,0.04455871192739951
2024-08-07 00:00:00+00:00,56040.6328125,57726.8828125,54620.5078125,55027.4609375,55027.4609375,41637562185,-0.017968550940289485,-0.018131945621423673,0.04100318099277718
2024-08-08 00:00:00+00:00,55030.02734375,62673.765625,54766.7265625,61710.13671875,61710.13671875,45298472567,0.12144256099404904,0.11461585743295792,0.07428397089323127
2024-08-09 00:00:00+00:00,61728.20703125,61751.86328125,59587.859375,60880.11328125,60880.11328125,33425553115,-0.013450358103773374,-0.013541633552667406,0.07074315439838481
2024-08-10 00:00:00+00:00,60881.23046875,61464.51171875,60287.56640625,60945.8125,60945.8125,15745822278,0.001079157301276501,0.0010785754296191252,0.054985113611426
2024-08-11 00:00:00+00:00,60944.890625,61778.66015625,58348.82421875,58719.484375,58719.484375,22759754812,-0.036529632368097475,-0.03721354652343721,0.06040853548006679
2024-08-12 00:00:00+00:00,58719.39453125,60680.33203125,57688.8984375,59354.515625,59354.515625,37078637820,0.010814659848586317,0.01075659964060797,0.0584720317867273
2024-08-13 00:00:00+00:00,59356.20703125,61572.3984375,58506.25390625,60609.56640625,60609.56640625,30327698167,0.021144992390795814,0.02092453927711503,0.022683477640746835
2024-08-14 00:00:00+00:00,60611.05078125,61687.7578125,58472.875,58737.26953125,58737.26953125,29961696180,-0.0308911115194338,-0.0313783013916643,0.025823253032005403
2024-08-15 00:00:00+00:00,58733.26171875,59838.6484375,56161.59375,57560.09765625,57560.09765625,35682112440,-0.020041310813293967,-0.02024486209713598,0.02588189136621448
2024-08-16 00:00:00+00:00,57560.2734375,59847.359375,57110.01953125,58894.10546875,58894.10546875,29350938673,0.023175912946963972,0.022911430101342656,0.024855397677336494
2024-08-17 00:00:00+00:00,58893.53125,59694.66796875,58814.83203125,59478.97265625,59478.97265625,13589684021,0.00993082725079053,0.009881840637262366,0.024768909333942154
2024-08-18 00:00:00+00:00,59468.1328125,60262.71875,58445.40234375,58483.96484375,58483.96484375,17740625837,-0.016728732324455264,-0.01687023792647201,0.022620464765653898
2024-08-19 00:00:00+00:00,58480.7109375,59612.66015625,57864.7109375,59493.453125,59493.453125,25911207712,0.01726094125025579,0.017113663556006083,0.01985695752250119
2024-08-20 00:00:00+00:00,59493.453125,61396.328125,58610.8828125,59012.79296875,59012.79296875,31613400008,-0.008079210921579816,-0.008112024604757306,0.016893962696468656
2024-08-21 00:00:00+00:00,59014.98828125,61834.3515625,58823.4453125,61175.19140625,61175.19140625,32731154072,0.03664287570061453,0.035987487774751865,0.020899918147954118
2024-08-22 00:00:00+00:00,61168.31640625,61408.109375,59815.25390625,60381.9140625,60381.9140625,27625734377,-0.012967304646127387,-0.013052114105543453,0.022712016479269192
2024-08-23 00:00:00+00:00,60380.953125,64947.0625,60372.05078125,64094.35546875,64094.35546875,42530509233,0.061482671821355916,0.05966667778992524,0.030438481407525017
2024-08-24 00:00:00+00:00,64103.87109375,64513.7890625,63619.91796875,64178.9921875,64178.9921875,21430585163,0.0013205019089592707,0.0013196308130850045,0.03139942247473813
2024-08-25 00:00:00+00:00,64176.3671875,64996.421875,63833.51953125,64333.54296875,64333.54296875,18827683555,0.0024081210374646833,0.0024052261605437084,0.029759993749593445
2024-08-26 00:00:00+00:00,64342.2265625,64489.70703125,62849.55859375,62880.66015625,62880.66015625,27682040631,-0.022583597070127692,-0.022842512079134417,0.03204902892945256
2024-08-27 00:00:00+00:00,62879.70703125,63210.796875,58116.75,59504.1328125,59504.1328125,39103882198,-0.05369739018896724,-0.05519287756090793,0.042109335577942456
2024-08-28 00:00:00+00:00,59507.92578125,60236.44921875,57890.67578125,59027.625,59027.625,40289564698,-0.00800797843742207,-0.00804021450926693,0.023894960594137375
2024-08-29 00:00:00+00:00,59027.46875,61184.08203125,58786.2265625,59388.1796875,59388.1796875,32224990582,0.006108236397788236,0.006089656742738993,0.02485857252142051
2024-08-30 00:00:00+00:00,59388.6015625,59896.88671875,57768.53125,59119.4765625,59119.4765625,32292756405,-0.004524521990973862,-0.004534788620027655,0.023778017181164547
2024-08-31 00:00:00+00:00,59117.48046875,59432.59375,58768.78515625,58969.8984375,58969.8984375,12403470760,-0.002530098940268344,-0.0025333050495830443,0.02424015549211538
2024-09-01 00:00:00+00:00,58969.80078125,59062.0703125,57217.82421875,57325.48828125,57325.48828125,24592449997,-0.027885585694078285,-0.028281771257721453,0.012750541064480493
2024-09-02 00:00:00+00:00,57326.96875,59403.0703125,57136.02734375,59112.48046875,59112.48046875,27036454524,0.031172733823612075,0.030696731082648924,0.021247358815710767
2024-09-03 00:00:00+00:00,59106.19140625,59815.05859375,57425.16796875,57431.0234375,57431.0234375,26666961053,-0.02844504270361159,-0.028857442236703133,0.02437873077869607
2024-09-04 00:00:00+00:00,57430.34765625,58511.5703125,55673.1640625,57971.5390625,57971.5390625,35627680312,0.00941156177702851,0.009367548966836616,0.025456688030004938
2024-09-05 00:00:00+00:00,57971.703125,58300.58203125,55712.453125,56160.48828125,56160.48828125,31030280656,-0.031240343288065575,-0.031738730145491646,0.028255278583610485
2024-09-06 00:00:00+00:00,56160.19140625,56976.109375,52598.69921875,53948.75390625,53948.75390625,49361693566,-0.03938239218868078,-0.04017885990554018,0.030607682582734934
2024-09-07 00:00:00+00:00,53949.0859375,54838.14453125,53740.0703125,54139.6875,54139.6875,19061486526,0.003539165966313096,0.003532917856170691,0.022418097477839686
2024-09-08 00:00:00+00:00,54147.93359375,55300.859375,53653.7578125,54841.56640625,54841.56640625,18268287531,0.012964221602682846,0.012880905395702242,0.024809916673684648
2024-09-09 00:00:00+00:00,54851.88671875,58041.125,54598.43359375,57019.53515625,57019.53515625,34618096173,0.039713831911113884,0.03894551366544674,0.03264201622237204
2024-09-10 00:00:00+00:00,57020.09765625,58029.9765625,56419.4140625,57648.7109375,57648.7109375,28857630507,0.011034389872275785,0.010973955159393974,0.0286928121563884
2024-09-11 00:00:00+00:00,57650.2890625,57991.3203125,55567.33984375,57343.171875,57343.171875,37049062672,-0.005300015516934153,-0.005314110423381013,0.016576727832724118
2024-09-12 00:00:00+00:00,57343.171875,58534.359375,57330.1015625,58127.01171875,58127.01171875,33835707949,0.013669279499548104,0.013576697629400721,0.015856197850433924
2024-09-13 00:00:00+00:00,58130.32421875,60648.0234375,57650.11328125,60571.30078125,60571.30078125,32490528356,0.04205082955798245,0.0411907229072504,0.019820652294156273
2024-09-14 00:00:00+00:00,60569.1171875,60656.72265625,59517.8828125,60005.12109375,60005.12109375,16428405496,-0.00934732588201681,-0.009391286288541528,0.019980814933043836
2024-09-15 00:00:00+00:00,60000.7265625,60381.91796875,58696.30859375,59182.8359375,59182.8359375,18120960867,-0.013703582981947293,-0.013798343779418605,0.022637780992391346
2024-09-16 00:00:00+00:00,59185.2265625,59205.51171875,57501.33984375,58192.5078125,58192.5078125,32032822113,-0.016733367188517922,-0.016874951656180977,0.02450062356818501
2024-09-17 00:00:00+00:00,58192.5078125,61316.08984375,57628.0703125,60308.5390625,60308.5390625,38075570118,0.0363626062794542,0.035717088660707746,0.028566833485533343
2024-09-18 00:00:00+00:00,60309.0,61664.06640625,59218.25390625,61649.6796875,61649.6796875,40990702891,0.02223798894564699,0.02199433056839477,0.023772533349278653
2024-09-19 00:00:00+00:00,61651.15625,63872.44140625,61609.8671875,62940.45703125,62940.45703125,42710252573,0.020937291974474137,0.020721119053916288,0.023493589569162455
2024-09-20 00:00:00+00:00,62941.42578125,64119.53125,62364.60546875,63192.9765625,63192.9765625,35177164222,0.004012038411551844,0.0040040116474054175,0.020186364478353168
2024-09-21 00:00:00+00:00,63184.33984375,63543.359375,62783.10546875,63394.83984375,63394.83984375,14408616220,0.003194394254405042,0.0031893030164782386,0.013680937457114215
2024-09-22 00:00:00+00:00,63396.8046875,63993.421875,62440.7265625,63648.7109375,63648.7109375,20183348802,0.004004601863112578,0.003996604788029707,0.009671274500136629
2024-09-23 00:00:00+00:00,63643.1015625,64733.55859375,62628.078125,63329.80078125,63329.80078125,31400285425,-0.005010473135318549,-0.005023067643079772,0.009383229731888118
2024-09-24 00:00:00+00:00,63326.83984375,64695.21484375,62737.41796875,64301.96875,64301.96875,29938335243,0.01535087678718594,0.015234244172186632,0.0072091718498423244
2024-09-25 00:00:00+00:00,64302.58984375,64804.50390625,62945.375,63143.14453125,63143.14453125,25078377700,-0.018021597802944433,-0.01818596455888868,0.01239014475442717
2024-09-26 00:00:00+00:00,63138.546875,65790.796875,62669.26953125,65181.01953125,65181.01953125,36873129847,0.032273891570151925,0.03176403065562404,0.01909553966901507
2024-09-27 00:00:00+00:00,65180.6640625,66480.6953125,64852.9921875,65790.6640625,65790.6640625,32058813449,0.00935309904070647,0.009309629648678252,0.019134775210986606
2024-09-28 00:00:00+00:00,65792.1796875,66255.53125,65458.03515625,65887.6484375,65887.6484375,15243637984,0.0014741358273548943,0.0014730503557602514,0.01835110062450684
2024-09-29 00:00:00+00:00,65888.8984375,66069.34375,65450.015625,65635.3046875,65635.3046875,14788214575,-0.003829909793174213,-0.0038372626776130244,0.018432335327247393
2024-09-30 00:00:00+00:00,65634.65625,65635.0546875,62873.6171875,63329.5,63329.5,37112957475,-0.035130555094979754,-0.03576247704956806,0.024442458689131925
2024-10-01 00:00:00+00:00,63335.60546875,64110.98046875,60189.27734375,60837.0078125,60837.0078125,50220923500,-0.039357521968434894,-0.04015297041725014,0.022602026750660975
2024-10-02 00:00:00+00:00,60836.32421875,62357.6875,59996.94921875,60632.78515625,60632.78515625,40762722398,-0.0033568819965540397,-0.0033625289659382266,0.019914363311283996
2024-10-03 00:00:00+00:00,60632.484375,61469.0390625,59878.8046875,60759.40234375,60759.40234375,36106447279,0.0020882627636797935,0.0020860853737759526,0.020052767795782453
2024-10-04 00:00:00+00:00,60754.625,62465.9921875,60459.94140625,62067.4765625,62067.4765625,29585472513,0.021528753876634443,0.021300283559387175,0.02615244669823245
2024-10-05 00:00:00+00:00,62067.609375,62371.0234375,61689.58203125,62089.94921875,62089.94921875,13305410749,0.0003620681473552878,0.0003620026165009027,0.022380821274080667
2024-10-06 00:00:00+00:00,62084.98828125,62959.5703125,61833.1484375,62818.953125,62818.953125,14776233667,0.011741093613744757,0.011672701783517451,0.01000241711257594
2024-10-07 00:00:00+00:00,62819.109375,64443.70703125,62152.55078125,62236.66015625,62236.66015625,34253562610,-0.009269383518558882,-0.00931261159307203,0.01167081000311036
2024-10-08 00:00:00+00:00,62221.64453125,63174.3046875,61843.5625,62131.96875,62131.96875,28134475157,-0.001682150134457161,-0.0016835665376192953,0.012039930840633732
2024-10-09 00:00:00+00:00,62131.7265625,62508.8359375,60314.61328125,60582.1015625,60582.1015625,27670982363,-0.024944762232405493,-0.025261155468464205,0.013663097803293993
2024-10-10 00:00:00+00:00,60581.9296875,61236.72265625,58895.20703125,60274.5,60274.5,30452813570,-0.005077433013489285,-0.005090366975952731,0.013357842254576719
2024-10-11 00:00:00+00:00,60275.4609375,63400.87109375,60046.125,62445.08984375,62445.08984375,30327141594,0.036011743668549645,0.03537847936044716,0.022350097449438253
2024-10-12 00:00:00+00:00,62444.6171875,63448.78515625,62443.26953125,63193.0234375,63193.0234375,16744110886,0.011977460447594401,0.01190629833225701,0.022437459462460806
2024-10-13 00:00:00+00:00,63192.9453125,63272.65234375,62035.63671875,62851.375,62851.375,18177529690,-0.005406426515387475,-0.005421094129359057,0.02269535659677928
2024-10-14 00:00:00+00:00,62848.3984375,66482.4921875,62442.15234375,66046.125,66046.125,43706958056,0.050830232433260125,0.049580549288290116,0.02457401919068741
2024-10-15 00:00:00+00:00,66050.3671875,67881.6796875,64809.1953125,67041.109375,67041.109375,48863870879,0.015064992457922477,0.014952642422039789,0.02145074808091367
2024-10-16 00:00:00+00:00,67042.4609375,68375.2890625,66758.7265625,67612.71875,67612.71875,38195189534,0.008526251733136592,0.008490108547449185,0.02037597894273342
2024-10-17 00:00:00+00:00,67617.078125,67912.2109375,66647.390625,67399.8359375,67399.8359375,32790898511,-0.0031485616380424464,-0.0031535287872272158,0.022150061678485752
2024-10-18 00:00:00+00:00,67419.109375,68969.75,67177.8203125,68418.7890625,68418.7890625,36857165014,0.015118035686984221,0.01500489704966544,0.019673866767091448
2024-10-19 00:00:00+00:00,68418.9765625,68668.0078125,68024.640625,68362.734375,68362.734375,14443497908,-0.0008192879217548965,-0.000819623721527923,0.008569258321719491
2024-10-20 00:00:00+00:00,68364.1796875,69359.0078125,68105.71875,69001.703125,69001.703125,18975847518,0.009346740674458287,0.009303330181939204,0.007553461455456678
2024-10-21 00:00:00+00:00,69002.0,69462.734375,66829.8515625,67367.8515625,67367.8515625,37498611780,-0.023678423698328066,-0.023963262921302488,0.014949252779962487
2024-10-22 00:00:00+00:00,67360.703125,67801.578125,66581.3671875,67361.40625,67361.40625,31808472566,-9.567341618454961e-05,-9.56779931777652e-05,0.014887517742668506
2024-10-23 00:00:00+00:00,67362.375,67402.7421875,65188.03515625,66432.1953125,66432.1953125,32263980353,-0.01379441121005398,-0.013890438213698968,0.013045784378955266
2024-10-24 00:00:00+00:00,66653.703125,68798.9609375,66454.1015625,68161.0546875,68161.0546875,31414428647,0.02602442034118191,0.02569154796745315,0.01944256395202228
2024-10-25 00:00:00+00:00,68165.296875,68722.15625,65521.79296875,66642.4140625,66642.4140625,41469984306,-0.022280180844656217,-0.02253213347279499,0.020572285640163904
2024-10-26 00:00:00+00:00,66628.734375,67317.921875,66360.59375,67014.6953125,67014.6953125,19588098156,0.00558625096700216,0.00557070573324996,0.018615945903090108
2024-10-27 00:00:00+00:00,67023.4765625,68221.3125,66847.2265625,67929.296875,67929.296875,16721307878,0.01364777618155344,0.013555484057566741,0.0197571828539352
2024-10-28 00:00:00+00:00,67922.671875,70212.265625,67535.1328125,69907.7578125,69907.7578125,38799856657,0.029125296867722028,0.028709215102556977,0.020534491088912823
2024-10-29 00:00:00+00:00,69910.046875,73577.2109375,69729.9140625,72720.4921875,72720.4921875,58541874402,0.04023493905417541,0.03944659057776213,0.023791934365930436
2024-10-30 00:00:00+00:00,72715.3671875,72905.296875,71411.734375,72339.5390625,72339.5390625,40646637831,-0.005238593875544262,-0.00525236341818716,0.017866530615540867
2024-10-31 00:00:00+00:00,72335.046875,72662.3125,69590.5,70215.1875,70215.1875,40627912076,-0.029366396164960396,-0.029806220896924952,0.027589431078900793
2024-11-01 00:00:00+00:00,70216.8984375,71559.015625,68779.703125,69482.46875,69482.46875,49989795365,-0.010435331387529279,-0.010490161236778449,0.028740556339826983
2024-11-02 00:00:00+00:00,69486.0234375,69867.3515625,69033.71875,69289.2734375,69289.2734375,18184612091,-0.0027804900426771084,-0.00278436278553029,0.0253674681095649
2024-11-03 00:00:00+00:00,69296.3828125,69361.65625,67482.5234375,68741.1171875,68741.1171875,34868307655,-0.00791112711687536,-0.00794258611024876,0.010764388063579685
2024-11-04 00:00:00+00:00,68742.1328125,69433.1796875,66803.6484375,67811.5078125,67811.5078125,41184819348,-0.013523338185854272,-0.013615611362265724,0.01023520804910241
2024-11-05 00:00:00+00:00,67811.171875,70522.7890625,67458.8671875,69359.5625,69359.5625,46046889204,0.02282879023690776,0.022572112490931908,0.014540473354194202
2024-11-06 00:00:00+00:00,69358.5,76460.15625,69322.03125,75639.078125,75639.078125,118592653963,0.09053568676993895,0.08666903126846402,0.04133911455939335
2024-11-07 00:00:00+00:00,75637.0859375,76943.1171875,74480.421875,75904.859375,75904.859375,63467654989,0.003513808689745934,0.0035076496874788744,0.04067754121656872
2024-11-08 00:00:00+00:00,75902.8359375,77252.75,75648.7421875,76545.4765625,76545.4765625,55176858003,0.008439738809541852,0.008404323339316332,0.03865384637603124
2024-11-09 00:00:00+00:00,76556.1875,76932.765625,75773.7890625,76778.8671875,76778.8671875,29009480361,0.0030490452928257916,0.0030444063813357424,0.035454974821822374
2024-11-10 00:00:00+00:00,76775.546875,81474.421875,76565.4296875,80474.1875,80474.1875,82570594495,0.048129393514959595,0.04700704537184314,0.036725558418977663
2024-11-11 00:00:00+00:00,80471.4140625,89604.5,80283.25,88701.484375,88701.484375,117966845037,0.10223522760015435,0.09734014312496264,0.04093117728598458
2024-11-12 00:00:00+00:00,88705.5625,89956.8828125,85155.109375,87955.8125,87955.8125,133673285375,-0.008406532091926988,-0.008442066269106777,0.04328193556575874
2024-11-13 00:00:00+00:00,87929.96875,93434.3515625,86256.9296875,90584.1640625,90584.1640625,123559027869,0.029882636380625716,0.02944485048776148,0.04171620940729462
2024-11-14 00:00:00+00:00,90574.8828125,91765.21875,86682.8125,87250.4296875,87250.4296875,87616705248,-0.03680261786927608,-0.03749692231881138,0.051864660814360794
2024-11-15 00:00:00+00:00,87284.1796875,91868.7421875,87124.8984375,91066.0078125,91066.0078125,78243109518,0.04373133907381366,0.04280211829142622,0.051462704943526526
2024-11-16 00:00:00+00:00,91064.3671875,91763.9453125,90094.2265625,90558.4765625,90558.4765625,44333192814,-0.005573223886622736,-0.00558881224411838,0.03210018012009613
2024-11-17 00:00:00+00:00,90558.4609375,91433.0390625,88741.6640625,89845.8515625,89845.8515625,46350159305,-0.007869224693816235,-0.007900350440318173,0.032047952576787
2024-11-18 00:00:00+00:00,89843.71875,92596.7890625,89393.59375,90542.640625,90542.640625,75535775084,0.007755383808848215,0.007725465406075372,0.029117570486079034
2024-11-19 00:00:00+00:00,90536.8125,94002.8671875,90426.984375,92343.7890625,92343.7890625,74521048295,0.019892819836786257,0.019697543183651734,0.020793952162583347
2024-11-20 00:00:00+00:00,92341.890625,94902.0234375,91619.5,94339.4921875,94339.4921875,71730956426,0.02161166598491282,0.021381444998432572,0.013684467641182481
2024-11-21 00:00:00+00:00,94334.640625,99014.21875,94132.6015625,98504.7265625,98504.7265625,106024505582,0.044151545428309014,0.04320463738221239,0.018835089561316583
2024-11-22 00:00:00+00:00,98496.4296875,99655.5,97222.6640625,98997.6640625,98997.6640625,78473580551,0.005004201495724558,0.004991722095061175,0.015120918020784272
2024-11-23 00:00:00+00:00,99006.7421875,99014.6796875,97232.890625,97777.28125,97777.28125,44414644677,-0.012327389984975179,-0.012404002529793906,0.020668429529412117
2024-11-24 00:00:00+00:00,97778.09375,98647.1796875,95788.078125,98013.8203125,98013.8203125,51712020623,0.002419161787646784,0.0024162403264788948,0.021202753591769707
2024-11-25 00:00:00+00:00,98033.4453125,98935.03125,92642.9140625,93102.296875,93102.296875,80909462490,-0.05011051933125821,-0.05140963729329047,0.03412972601701694
2024-11-26 00:00:00+00:00,93087.28125,94991.75,90770.8125,91985.3203125,91985.3203125,91656519855,-0.011997304040733403,-0.012069852534281012,0.022558076670991807
2024-11-27 00:00:00+00:00,91978.140625,97361.1796875,91778.6640625,95962.53125,95962.53125,71133452438,0.04323745271515378,0.04232881330495687,0.03371252588226547
2024-11-28 00:00:00+00:00,95954.9453125,96650.203125,94677.3515625,95652.46875,95652.46875,52260008261,-0.0032310787967048116,-0.003236310003132818,0.03354150326339772
2024-11-29 00:00:00+00:00,95653.953125,98693.171875,95407.8828125,97461.5234375,97461.5234375,54968682476,0.018912786163713058,0.018736162907207532,0.035126527454479334
2024-11-30 00:00:00+00:00,97468.8125,97499.34375,96144.21875,96449.0546875,96449.0546875,31634227866,-0.010388394458550332,-0.010442730465097628,0.023230006198016278
2024-12-01 00:00:00+00:00,96461.3359375,97888.125,95770.1875,97279.7890625,97279.7890625,36590695296,0.008613193542348574,0.008576311620290235,0.020673020179039128
2024-12-02 00:00:00+00:00,97276.0078125,98152.6015625,94482.8671875,95865.3046875,95865.3046875,72680784305,-0.01454037255458307,-0.014647119798360832,0.013770020425991325
2024-12-03 00:00:00+00:00,95854.59375,96297.203125,93629.5625,96002.1640625,96002.1640625,67067810961,0.0014276215513644441,0.0014266034685602644,0.0136707487385993
2024-12-04 00:00:00+00:00,95988.53125,99207.328125,94660.5234375,98768.53125,98768.53125,77199817112,0.02881567529768403,0.028408310872006196,0.01710787372034739
2024-12-05 00:00:00+00:00,98741.5390625,103900.46875,91998.78125,96593.5703125,96593.5703125,149218945580,-0.022020788503929523,-0.022266865312221884,0.019953217210846377
2024-12-06 00:00:00+00:00,97074.2265625,102039.8828125,96514.875,99920.7109375,99920.7109375,94534772658,0.03444474217316973,0.03386480176780916,0.02511348469962437
2024-12-07 00:00:00+00:00,99916.7109375,100563.3828125,99030.8828125,99923.3359375,99923.3359375,44177510897,2.627082989481444e-05,2.62704848226063e-05,0.022956123128279916
2024-12-08 00:00:00+00:00,99921.9140625,101399.9921875,98771.515625,101236.015625,101236.015625,44125751925,0.013136868131795154,0.013051327819741106,0.02267393399249033
2024-12-09 00:00:00+00:00,101237.0625,101272.5078125,94355.9140625,97432.71875,97432.71875,110676473908,-0.03756861480096407,-0.03829250346621322,0.028470192271760328
2024-12-10 00:00:00+00:00,97441.234375,98270.15625,94321.2578125,96675.4296875,96675.4296875,104823780634,-0.007772430783165474,-0.007802793553987951,0.02666560771391544
2024-12-11 00:00:00+00:00,96656.0625,101913.359375,95747.2265625,101173.03125,101173.03125,85391409936,0.04652269534294651,0.04547294957076326,0.03055445853245174
2024-12-12 00:00:00+00:00,101167.8046875,102524.9140625,99339.953125,100043.0,100043.0,72073983533,-0.011169293200355757,-0.011232138149604486,0.031189742507077758
2024-12-13 00:00:00+00:00,100046.6484375,101888.8046875,99233.28125,101459.2578125,101459.2578125,56894751583,0.014156490833941326,0.014057223472297039,0.03129610438998598
2024-12-14 00:00:00+00:00,101451.4375,102618.8828125,100634.0546875,101372.96875,101372.96875,40422968793,-0.0008504799301751742,-0.0008508417934171539,0.02312372935837418
2024-12-15 00:00:00+00:00,101373.53125,105047.5390625,101227.03125,104298.6953125,104298.6953125,51145914137,0.02886101293644905,0.02845237769652882,0.02263663159985307
2024-12-16 00:00:00+00:00,104293.578125,107780.578125,103322.984375,106029.71875,106029.71875,91020417816,0.016596788984881483,0.016460567443030164,0.015534612771151484
2024-12-17 00:00:00+00:00,106030.6875,108268.4453125,105291.734375,106140.6015625,106140.6015625,68589364868,0.001045771070669721,0.0010452246330361938,0.012039738426173573
2024-12-18 00:00:00+00:00,106147.296875,106470.609375,100041.5390625,100041.5390625,100041.5390625,93865656139,-0.057462106019896764,-0.059179154653770175,0.033707838805559644
2024-12-19 00:00:00+00:00,100070.6875,102748.1484375,95587.6796875,97490.953125,97490.953125,97221662392,-0.025495268879325628,-0.025825905125142587,0.0351631851831595
2024-12-20 00:00:00+00:00,97484.6953125,98098.9140625,92175.1796875,97755.9296875,97755.9296875,105634083408,0.002717960528709318,0.002714273553183173,0.03003806203666843
2024-12-21 00:00:00+00:00,97756.1953125,99507.1015625,96426.5234375,97224.7265625,97224.7265625,51765334294,-0.005433973434635808,-0.00544879117211963,0.02600056086653806
2024-12-22 00:00:00+00:00,97218.3203125,97360.265625,94202.1875,95104.9375,95104.9375,43147981314,-0.021802983021374844,-0.022044180382015402,0.023883349437881934
2024-12-23 00:00:00+00:00,95099.390625,96416.2109375,92403.1328125,94686.2421875,94686.2421875,65239002919,-0.004402456102765462,-0.0044121754491209825,0.012288998918154569
2024-12-24 00:00:00+00:00,94684.34375,99404.0625,93448.015625,98676.09375,98676.09375,47114953674,0.04213760595334648,0.041273994068279446,0.023541516585816772
2024-12-25 00:00:00+00:00,98675.9140625,99478.75,97593.46875,99299.1953125,99299.1953125,33700394629,0.0063146152104343045,0.006294761562737073,0.02360719905334728
2024-12-26 00:00:00+00:00,99297.6953125,99884.5703125,95137.8828125,95795.515625,95795.515625,47054980873,-0.03528406928650052,-0.035921593296803764,0.029559593252292553
2024-12-27 00:00:00+00:00,95704.9765625,97294.84375,93310.7421875,94164.859375,94164.859375,52419934565,-0.017022260795415023,-0.01716880486495554,0.02884452495368254
2024-12-28 00:00:00+00:00,94160.1875,95525.8984375,94014.2890625,95163.9296875,95163.9296875,24107436185,0.010609799867287384,0.010553910906912645,0.029302796903116324
2024-12-29 00:00:00+00:00,95174.0546875,95174.875,92881.7890625,93530.2265625,93530.2265625,29635885267,-0.017167251608511402,-0.017316317368601404,0.019120014617843933
2024-12-30 00:00:00+00:00,93527.1953125,94903.3203125,91317.1328125,92643.2109375,92643.2109375,56188003691,-0.00948373223930199,-0.00952898919172895,0.016766063793619584
2024-12-31 00:00:00+00:00,92643.25,96090.6015625,91914.03125,93429.203125,93429.203125,43625106843,0.008484077565384274,0.00844829005287248,0.013629598764626865
2025-01-01 00:00:00+00:00,93425.1015625,94929.8671875,92788.125,94419.7578125,94419.7578125,24519888919,0.010602195613021781,0.010546386456946345,0.013068854619823614
2025-01-02 00:00:00+00:00,94416.2890625,97739.8203125,94201.5703125,96886.875,96886.875,46009564411,0.026129247147606893,0.02579371069354611,0.017133162559002886
2025-01-03 00:00:00+00:00,96881.7265625,98956.9140625,96034.6171875,98107.4296875,98107.4296875,35611391163,0.012597729955682757,0.01251903875349227,0.012638112456403477
2025-01-04 00:00:00+00:00,98106.9921875,98734.4296875,97562.9765625,98236.2265625,98236.2265625,22342608078,0.0013128146911018934,0.001311953703357832,0.008931917528457354
2025-01-05 00:00:00+00:00,98233.90625,98813.3046875,97291.765625,98314.9609375,98314.9609375,20525254825,0.0008014800420892421,0.0008011590284728617,0.010198004241805156
2025-01-06 00:00:00+00:00,98314.953125,102482.875,97926.1484375,102078.0859375,102078.0859375,51823432705,0.03827621924594227,0.03756185651681786,0.0159599587443155
2025-01-07 00:00:00+00:00,102248.8515625,102712.484375,96132.875,96922.703125,96922.703125,58685738547,-0.05050430525956884,-0.05182428297869528,0.032617907050987625
2025-01-08 00:00:00+00:00,96924.1640625,97258.3203125,92525.84375,95043.5234375,95043.5234375,63875859171,-0.019388436629511285,-0.019578857696565647,0.03271470902301323
2025-01-09 00:00:00+00:00,95043.484375,95349.71875,91220.84375,92484.0390625,92484.0390625,62777261693,-0.026929603222076492,-0.027298849179035745,0.0335324160257817
2025-01-10 00:00:00+00:00,92494.4921875,95770.609375,92250.09375,94701.453125,94701.453125,62058693684,0.023976181025154863,0.02369326562915915,0.0371016356188952
2025-01-11 00:00:00+00:00,94700.8359375,94977.6875,93840.046875,94566.59375,94566.59375,18860894100,-0.001424047578467369,-0.0014250624978636736,0.028325306839429524
2025-01-12 00:00:00+00:00,94565.7265625,95367.5390625,93712.5078125,94488.4375,94488.4375,20885130965,-0.0008264678561502592,-0.0008268095689983134,0.019768933213300626
2025-01-13 00:00:00+00:00,94488.890625,95837.0,89260.1015625,94516.5234375,94516.5234375,72978998252,0.00029724205673309356,0.000297197889065057,0.018050051615200045
2025-01-14 00:00:00+00:00,94519.0078125,97352.6640625,94322.15625,96534.046875,96534.046875,53769675818,0.021345722040169157,0.02112109307155958,0.012677575093467564
2025-01-15 00:00:00+00:00,96534.046875,100697.234375,96501.640625,100504.4921875,100504.4921875,57805923627,0.041129999632577796,0.04030666140622702,0.018480535800886863
2025-01-16 00:00:00+00:00,100505.296875,100781.5859375,97364.4453125,99756.90625,99756.90625,54103781805,-0.0074383335632930425,-0.007466135920999606,0.019724646896178158
2025-01-17 00:00:00+00:00,100025.765625,105884.2265625,99948.90625,104462.0390625,104462.0390625,71888972663,0.04716598568833419,0.046087453886957834,0.023647080423760958
2025-01-18 00:00:00+00:00,104124.953125,104913.203125,102226.6171875,104408.0703125,104408.0703125,50445655726,-0.000516635042589142,-0.0005167685444558994,0.023819399989585904
2025-01-19 00:00:00+00:00,104411.2890625,106299.796875,99570.53125,101089.609375,101089.609375,76789928525,-0.03178356737719257,-0.032299629277246486,0.03325169565468931
2025-01-20 00:00:00+00:00,101083.75,109114.8828125,99471.359375,102016.6640625,102016.6640625,126279678351,0.009170622908047932,0.009128828074566006,0.02855723125318622
2025-01-21 00:00:00+00:00,102052.578125,107180.921875,100103.953125,106146.265625,106146.265625,88733878242,0.040479676535688514,0.03968183425876291,0.03183842814606791
2025-01-22 00:00:00+00:00,106136.3828125,106294.34375,103360.265625,103653.0703125,103653.0703125,53878181052,-0.023488299826845638,-0.023768546993042258,0.028523553889160492
2025-01-23 00:00:00+00:00,103657.671875,106820.328125,101257.8046875,103960.171875,103960.171875,104104515428,0.002962783076025932,0.002958402684215798,0.02859741694931678
2025-01-24 00:00:00+00:00,103965.671875,107098.546875,102772.125,104819.484375,104819.484375,52388229265,0.008265785680243276,0.00823181116278129,0.02256593574455737
2025-01-25 00:00:00+00:00,104824.03125,105243.7890625,104120.375,104714.6484375,104714.6484375,23888996502,-0.0010001569662844156,-0.0010006574570037008,0.022808092224720643
2025-01-26 00:00:00+00:00,104713.2109375,105438.6484375,102507.7109375,102682.5,102682.5,22543395879,-0.019406534499448846,-0.019597313563924395,0.014198426587612818
2025-01-27 00:00:00+00:00,102680.3046875,103214.109375,97795.9375,102087.6875,102087.6875,89006608428,-0.005792734886665207,-0.005809577851448121,0.010594911673627572
2025-01-28 00:00:00+00:00,102095.4140625,103730.8203125,100238.1875,101332.4765625,101332.4765625,47180685494,-0.007397669160641884,-0.007425167615395995,0.01013190218475443
2025-01-29 00:00:00+00:00,101317.5234375,104750.8046875,101283.8203125,103703.2109375,103703.2109375,47432049818,0.023395602825692086,0.023126120746530303,0.01569897723983706
2025-01-30 00:00:00+00:00,103709.3359375,106418.765625,103321.6484375,104735.3046875,104735.3046875,41915744521,0.009952379879751394,0.009903181107726793,0.016626948635730335
2025-01-31 00:00:00+00:00,104737.5625,106026.3515625,101543.8828125,102405.0234375,102405.0234375,45732764360,-0.022249243050878498,-0.022500491172309005,0.017511299581609453
2025-02-01 00:00:00+00:00,102402.796875,102755.7265625,100297.7109375,100655.90625,100655.90625,27757944848,-0.017080384621634526,-0.017227936971828707,0.01904729869685111
2025-02-02 00:00:00+00:00,100661.5390625,101430.6640625,96216.078125,97688.9765625,97688.9765625,63091816853,-0.02947596219670423,-0.029919108206548826,0.022709790776690043
2025-02-03 00:00:00+00:00,97681.1015625,102514.171875,91242.890625,101405.421875,101405.421875,115400897748,0.03804365081173988,0.03733783666464687,0.027793900315824405
2025-02-04 00:00:00+00:00,101398.71875,101745.6171875,96208.109375,97871.8203125,97871.8203125,73002130211,-0.034846278405663456,-0.03546789334061943,0.02928972530041733
2025-02-05 00:00:00+00:00,97878.0078125,99113.2109375,96174.828125,96615.4453125,96615.4453125,49125911241,-0.012836943218062724,-0.012920048753753386,0.028868609011419594
2025-02-06 00:00:00+00:00,96610.640625,99168.609375,95707.3515625,96593.296875,96593.296875,45302471947,-0.00022924323774897726,-0.00022926951799646017,0.029046324045227077
2025-02-07 00:00:00+00:00,96581.3203125,100154.140625,95653.8828125,96529.0859375,96529.0859375,55741290456,-0.0006647556256734743,-0.0006649766736617645,0.026414836815576694
2025-02-08 00:00:00+00:00,96533.2578125,96877.8046875,95702.4921875,96482.453125,96482.453125,22447526395,-0.00048309597099249757,-0.00048321269944663663,0.015250478220151163
2025-02-09 00:00:00+00:00,96481.3125,97325.28125,94745.2578125,96500.09375,96500.09375,27732901800,0.00018283765004545316,0.00018282093727943363,0.005653416226610815
2025-02-10 00:00:00+00:00,96499.4609375,98333.21875,95320.84375,97437.5546875,97437.5546875,40078962391,0.009714611676219231,0.009667728227994938,0.004468444747001065
2025-02-11 00:00:00+00:00,97438.1328125,98492.8984375,94875.0390625,95747.4296875,95747.4296875,37488783272,-0.017345724709743937,-0.01749792436938306,0.0098091672310296
2025-02-12 00:00:00+00:00,95745.6953125,98151.0234375,94101.203125,97885.859375,97885.859375,49340445530,0.02233406885677658,0.022088315919347463,0.014567423504307791
2025-02-13 00:00:00+00:00,97888.75,98111.0859375,95269.7109375,96623.8671875,96623.8671875,37147280860,-0.012892487184132717,-0.012976316589520155,0.016244423792802137
2025-02-14 00:00:00+00:00,96623.3671875,98819.46875,96342.8046875,97508.96875,97508.96875,32697987277,0.009160278803397981,0.009118577917229297,0.016714033747987026
2025-02-15 00:00:00+00:00,97508.3828125,97975.0390625,97240.1953125,97580.3515625,97580.3515625,17047266288,0.0007320640697474623,0.0007317962415499838,0.01616872688516511
2025-02-16 00:00:00+00:00,97580.4921875,97725.59375,96060.9765625,96175.03125,96175.03125,16536755396,-0.014401672980240199,-0.014506383627455663,0.01538202260899498
2025-02-17 00:00:00+00:00,96179.0078125,97032.234375,95243.546875,95773.3828125,95773.3828125,27336550690,-0.004176223623530095,-0.004184968400662239,0.009808402522375918
2025-02-18 00:00:00+00:00,95773.8125,96695.375,93388.8359375,95539.546875,95539.546875,37325720482,-0.0024415545387781457,-0.0024445399934847232,0.008545997725932588
2025-02-19 00:00:00+00:00,95532.53125,96855.59375,95011.96875,96635.609375,96635.609375,28990872862,0.011472343504350446,0.01140703518992484,0.009332623692618764
2025-02-20 00:00:00+00:00,96632.6796875,98767.1953125,96442.671875,98333.9375,98333.9375,31668022771,0.017574558032842136,0.01742191135803241,0.012803629679152518
2025-02-21 00:00:00+00:00,98340.671875,99497.96875,94852.9609375,96125.546875,96125.546875,49608706470,-0.02245807176184722,-0.02271409470424543,0.015596556570651498
2025-02-22 00:00:00+00:00,96134.203125,96950.15625,95765.34375,96577.7578125,96577.7578125,18353824477,0.0047043783073406065,0.00469334730219672,0.015520846233533963
2025-02-23 00:00:00+00:00,96577.8046875,96671.875,95270.453125,96273.921875,96273.921875,16999478976,-0.0031460239332733453,-0.0031509830703417255,0.015570831360494662
2025-02-24 00:00:00+00:00,96277.9609375,96503.453125,91371.7421875,91418.171875,91418.171875,44046480529,-0.05043681513571874,-0.05175320553649131,0.026989286907183267
2025-02-25 00:00:00+00:00,91437.1171875,92511.078125,86008.234375,88736.171875,88736.171875,92139104128,-0.029337712021491935,-0.029776669354997204,0.022379715557607528
2025-02-26 00:00:00+00:00,88638.890625,89286.25,82131.8984375,84347.0234375,84347.0234375,64597492134,-0.04946290046952739,-0.05072808622097089,0.026234642185760604
2025-02-27 00:00:00+00:00,84076.859375,87000.78125,83144.9609375,84704.2265625,84704.2265625,52659591954,0.004234922709094535,0.00422598066095089,0.02609778092100347
2025-02-28 00:00:00+00:00,84705.625,85036.3203125,78248.9140625,84373.0078125,84373.0078125,83610570576,-0.003910297790814532,-0.003917962993897036,0.02592988085366288
2025-03-01 00:00:00+00:00,84373.8671875,86522.3046875,83794.234375,86031.9140625,86031.9140625,29190628396,0.019661575342751147,0.019470783362415745,0.027994558443190716
2025-03-02 00:00:00+00:00,86036.2578125,95043.4375,85040.2109375,94248.3515625,94248.3515625,58398341092,0.09550452979612856,0.09121501495686515,0.051428218906811
2025-03-03 00:00:00+00:00,94248.421875,94429.75,85081.3046875,86065.671875,86065.671875,70072228536,-0.08682040111941614,-0.09082270482945609,0.06499978590805797
2025-03-04 00:00:00+00:00,86064.0703125,88911.2734375,81529.2421875,87222.1953125,87222.1953125,68095241474,0.013437685575495406,0.013348200634372372,0.0651343978158257
2025-03-05 00:00:00+00:00,87222.953125,90998.2421875,86379.7734375,90623.5625,90623.5625,50498988027,0.03899657851208138,0.03825541905303624,0.06627255729088267
2025-03-06 00:00:00+00:00,90622.359375,92804.9375,87852.140625,89961.7265625,89961.7265625,47749810486,-0.007303133084179958,-0.007329931515325766,0.06683059147654594
2025-03-07 00:00:00+00:00,89963.28125,91191.046875,84717.6796875,86742.671875,86742.671875,65945677657,-0.0357824911826653,-0.0364383782693103,0.04973559344978878
2025-03-08 00:00:00+00:00,86742.65625,86847.265625,85247.484375,86154.59375,86154.59375,18206118081,-0.006779571257010009,-0.006802656950121629,0.027700170221374817
2025-03-09 00:00:00+00:00,86154.3046875,86471.1328125,80052.484375,80601.0390625,80601.0390625,30899345977,-0.0644603432710168,-0.06663174322153219,0.039001573019459224
2025-03-10 00:00:00+00:00,80597.1484375,83955.9296875,77420.59375,78532.0,78532.0,54061099422,-0.02567012890361897,-0.026005355987276976,0.024708890925148934
2025-03-11 00:00:00+00:00,78523.875,83577.7578125,76624.25,82862.2109375,82862.2109375,54702837196,0.05513944554449135,0.05367293406512474,0.044775395461835024
2025-03-12 00:00:00+00:00,82857.375,84358.578125,80635.25,83722.359375,83722.359375,40353484454,0.010380466895202334,0.010326959815815329,0.04443696959989062
2025-03-13 00:00:00+00:00,83724.921875,84301.6953125,79931.8515625,81066.703125,81066.703125,31412940153,-0.0317197970748182,-0.032233767760911476,0.04582973490560286
2025-03-14 00:00:00+00:00,81066.9921875,85263.2890625,80797.5625,83969.1015625,83969.1015625,29588112414,0.03580259620308812,0.03517658147592443,0.03743308298574943
2025-03-15 00:00:00+00:00,83968.40625,84672.671875,83639.59375,84343.109375,84343.109375,13650491277,0.004454112352525463,0.00444422215127116,0.0326510718866024
2025-03-16 00:00:00+00:00,84333.3203125,85051.6015625,82017.90625,82579.6875,82579.6875,21330270174,-0.020907717157540473,-0.021129378542194648,0.026678280245956906
2025-03-17 00:00:00+00:00,82576.3359375,84725.328125,82492.15625,84075.6875,84075.6875,25092785558,0.018115835083536647,0.017953698574085318,0.027664948966584477
2025-03-18 00:00:00+00:00,84075.71875,84075.71875,81179.9921875,82718.5,82718.5,24095774594,-0.016142449028442418,-0.01627415768219446,0.023502146495094228
2025-03-19 00:00:00+00:00,82718.8046875,87021.1875,82569.7265625,86854.2265625,86854.2265625,34931960257,0.049997601050550955,0.048787879453061046,0.028308100248947303
2025-03-20 00:00:00+00:00,86872.953125,87443.265625,83647.1953125,84167.1953125,84167.1953125,29028988961,-0.030937253791171848,-0.0314259156183106,0.03316853798743294
2025-03-21 00:00:00+00:00,84164.5390625,84782.2734375,83171.0703125,84043.2421875,84043.2421875,19030452299,-0.0014727011460912154,-0.0014737866362900664,0.031206874074467157
2025-03-22 00:00:00+00:00,84046.2578125,84513.875,83674.78125,83832.484375,83832.484375,9863214091,-0.0025077306278807887,-0.0025108802510379665,0.030164100220716094
2025-03-23 00:00:00+00:00,83831.8984375,86094.78125,83794.9140625,86054.375,86054.375,12594615537,0.026503933905394295,0.02615878981767563,0.030610389470104263
2025-03-24 00:00:00+00:00,86070.9296875,88758.7265625,85541.1953125,87498.9140625,87498.9140625,34582604933,0.016786352378946434,0.016647018673748026,0.022059761904352493
2025-03-25 00:00:00+00:00,87512.8203125,88542.3984375,86346.078125,87471.703125,87471.703125,30005840049,-0.0003109860024155253,-0.0003110343685901033,0.012974717267192086
2025-03-26 00:00:00+00:00,87460.234375,88292.15625,85861.453125,86900.8828125,86900.8828125,26704046038,-0.00652577110204744,-0.006547157036869115,0.01402737474275576
2025-03-27 00:00:00+00:00,86896.2578125,87786.7265625,85837.9375,87177.1015625,87177.1015625,24413471941,0.003178549412391707,0.0031735085032361422,0.013307386913292679
2025-03-28 00:00:00+00:00,87185.234375,87489.859375,83557.640625,84353.1484375,84353.1484375,34198619509,-0.032393289916566204,-0.032929565500329085,0.018267283774688985
2025-03-29 00:00:00+00:00,84352.0703125,84567.3359375,81634.140625,82597.5859375,82597.5859375,16969396135,-0.020812056603918605,-0.02103168000812764,0.015125395857654005
2025-03-30 00:00:00+00:00,82596.984375,83505.0,81573.25,82334.5234375,82334.5234375,14763760943,-0.0031848691098436133,-0.0031899515997126566,0.014638550753968584
2025-03-31 00:00:00+00:00,82336.0625,83870.125,81293.890625,82548.9140625,82548.9140625,29004228247,0.0026038970780313253,0.002600512811616096,0.01601385824697884
2025-04-01 00:00:00+00:00,82551.921875,85487.3671875,82429.359375,85169.171875,85169.171875,28175650319,0.0317418810684309,0.03124852053156838,0.024553503692357807
2025-04-02 00:00:00+00:00,85180.609375,88466.953125,82343.5390625,82485.7109375,82485.7109375,47584398470,-0.031507420800550134,-0.03201445832298525,0.024292125980709248
2025-04-03 00:00:00+00:00,82487.4765625,83909.296875,81282.1015625,83102.828125,83102.828125,36852112080,0.007481504135517403,0.007453656492041082,0.02272912903490258
2025-04-04 00:00:00+00:00,83100.25,84696.1484375,81670.75,83843.8046875,83843.8046875,45157640207,0.008916382019940938,0.008876865806506007,0.02278442359122573
2025-04-05 00:00:00+00:00,83844.703125,84207.015625,82377.734375,83504.796875,83504.796875,14380803631,-0.004043325726492686,-0.004051522069073574,0.023052418682807517
2025-04-06 00:00:00+00:00,83504.5078125,83704.71875,77097.7421875,78214.484375,78214.484375,36294853736,-0.06335339642726368,-0.06544922522509501,0.03165442758361551
2025-04-07 00:00:00+00:00,78221.3359375,81119.0625,74436.6796875,79235.3359375,79235.3359375,91262424987,0.013051950296130821,0.012967507560798076,0.03270808848664211
2025-04-08 00:00:00+00:00,79218.4765625,80823.890625,76198.0234375,76271.953125,76271.953125,48314590749,-0.03739976334343409,-0.03811707626174969,0.03364693694758801
2025-04-09 00:00:00+00:00,76273.5625,83541.0,74589.671875,82573.953125,82573.953125,84213627038,0.0826253916648998,0.07938900944238107,0.05517498752475619
2025-04-10 00:00:00+00:00,82565.9765625,82700.9296875,78456.1328125,79626.140625,79626.140625,44718000633,-0.0356990599146636,-0.0363518545774045,0.05717586703993394
2025-04-11 00:00:00+00:00,79625.046875,84247.4765625,78936.3203125,83404.8359375,83404.8359375,41656778779,0.04745546227457886,0.04636385379527456,0.05140305763746842
2025-04-12 00:00:00+00:00,83404.515625,85856.1875,82769.375,85287.109375,85287.109375,24258059104,0.022567917271733462,0.022317029488567466,0.05157814479022626
2025-04-13 00:00:00+00:00,85279.46875,86015.1875,83027.0078125,83684.9765625,83684.9765625,28796984817,-0.01878516957885823,-0.018963852136872177,0.04719822236780716
2025-04-14 00:00:00+00:00,83694.5234375,85785.0,83690.640625,84542.390625,84542.390625,34090769777,0.010245734631468162,0.010193602875445013,0.03286962155556298
2025-04-15 00:00:00+00:00,84539.6953125,86429.3515625,83598.8203125,83668.9921875,83668.9921875,28040322885,-0.01033089354397465,-0.010384627625774925,0.026117376401548684
2025-04-16 00:00:00+00:00,83674.5078125,85428.28125,83100.6171875,84033.8671875,84033.8671875,29617804112,0.004360934564412222,0.004351453244225117,0.01640938614290003
2025-04-17 00:00:00+00:00,84030.671875,85449.0703125,83749.75,84895.75,84895.75,21276866029,0.01025637449930672,0.010204134780153822,0.013135891088131346
2025-04-18 00:00:00+00:00,84900.1875,85095.046875,84298.8828125,84450.8046875,84450.8046875,12728372364,-0.005241078764249063,-0.005254861395886236,0.00929819575354212
2025-04-19 00:00:00+00:00,84450.8671875,85597.703125,84353.4609375,85063.4140625,85063.4140625,15259300427,0.007254038339443714,0.007227854353502602,0.008706403062560318
2025-04-20 00:00:00+00:00,85066.0703125,85306.3828125,83976.84375,85174.3046875,85174.3046875,14664050812,0.0013036230231544543,0.0013027740444132617,0.005937607569319155
2025-04-21 00:00:00+00:00,85171.5390625,88460.09375,85143.8359375,87518.90625,87518.90625,41396190190,0.027527099529631727,0.027155041278542923,0.012174087039666534
2025-04-22 00:00:00+00:00,87521.875,93817.3828125,87084.53125,93441.890625,93441.890625,55899038456,0.06767662701452015,0.06548491099549585,0.028579964403120568
2025-04-23 00:00:00+00:00,93427.5859375,94535.734375,91962.9609375,93699.109375,93699.109375,41719568821,0.0027527134594511615,0.0027489316822658697,0.027052322217785935
2025-04-24 00:00:00+00:00,93692.3984375,94016.1953125,91696.7109375,93943.796875,93943.796875,31483175315,0.0026114175645013393,0.0026080137382399186,0.027702168032023692
2025-04-25 00:00:00+00:00,93954.25,95768.390625,92898.59375,94720.5,94720.5,40915232364,0.008267742531563593,0.008233751969906927,0.026696594735357734
2025-04-26 00:00:00+00:00,94714.6484375,95251.359375,93927.25,94646.9296875,94646.9296875,17612825123,-0.0007767095032226168,-0.0007770112983303527,0.028039687435953118
2025-04-27 00:00:00+00:00,94660.90625,95301.203125,93665.3984375,93754.84375,93754.84375,18090367764,-0.00942540809771053,-0.009470108357138424,0.006523109476974581
2025-04-28 00:00:00+00:00,93755.3046875,95598.4921875,92860.8046875,94978.75,94978.75,32363449569,0.013054325526514532,0.012969852186459676,0.00860669868848152
2025-04-29 00:00:00+00:00,94981.859375,95485.4140625,93796.6328125,94284.7890625,94284.7890625,25806129921,-0.007306486319308303,-0.0073333094254447225,0.009714041173710148
2025-04-30 00:00:00+00:00,94286.46875,95249.3203125,92979.640625,94207.3125,94207.3125,28344679831,-0.0008217291810309613,-0.0008220669855229902,0.008761481922954475
2025-05-01 00:00:00+00:00,94212.859375,97437.9609375,94153.6328125,96492.3359375,96492.3359375,32875889623,0.02425526614507767,0.023965778896188162,0.014248995115935404
2025-05-02 00:00:00+00:00,96494.96875,97905.8984375,96375.9453125,96910.0703125,96910.0703125,26421924677,0.0043291974532626565,0.004319853436324106,0.012212355909658358
2025-05-03 00:00:00+00:00,96904.6328125,96943.8828125,95821.2890625,95891.796875,95891.796875,15775154889,-0.010507405827035687,-0.010562998380901132,0.013608300449500406
2025-05-04 00:00:00+00:00,95877.1875,96318.921875,94173.4296875,94315.9765625,94315.9765625,18198688416,-0.016433317174712747,-0.016569841900567834,0.015650960078634122
2025-05-05 00:00:00+00:00,94319.5625,95193.1875,93566.265625,94748.0546875,94748.0546875,25816260327,0.0045811763897039,0.004570714740087168,0.01575988590103628
2025-05-06 00:00:00+00:00,94748.3828125,96889.1796875,93399.859375,96802.4765625,96802.4765625,26551275827,0.02168299794413664,0.021451265529472022,0.014864272832934865
2025-05-07 00:00:00+00:00,96800.1953125,97625.8046875,95829.3359375,97032.3203125,97032.3203125,76983822462,0.0023743581586117557,0.002371543824223951,0.014768980811410586
2025-05-08 00:00:00+00:00,97034.25,103969.5390625,96913.875,103241.4609375,103241.4609375,69895404397,0.06399043746457878,0.062026403533745514,0.029655268544250296
2025-05-09 00:00:00+00:00,103239.125,104297.4921875,102343.09375,102970.8515625,102970.8515625,58198593958,-0.002621130818400763,-0.002624571996284568,0.026453878097420988
2025-05-10 00:00:00+00:00,102973.7109375,104961.765625,102830.484375,104696.328125,104696.328125,42276713994,0.016756941758927724,0.016618093181868365,0.025506816922083814
2025-05-11 00:00:00+00:00,104701.0703125,104937.9921875,103364.7421875,104106.359375,104106.359375,46285517406,-0.005635047193781384,-0.005650983970075977,0.027882101585243978
2025-05-12 00:00:00+00:00,104106.9609375,105747.453125,100814.40625,102812.953125,102812.953125,63250475404,-0.01242389281274392,-0.012501714607270616,0.030202762498545855
2025-05-13 00:00:00+00:00,102812.4921875,104997.421875,101515.09375,104169.8125,104169.8125,52608876410,0.013197358248725033,0.013111031807523908,0.012521460604482374
2025-05-14 00:00:00+00:00,104167.328125,104303.5625,102618.296875,103539.4140625,103539.4140625,45956071155,-0.006051642240404331,-0.006070027639406428,0.012913827996235519
2025-05-15 00:00:00+00:00,103538.828125,104153.6171875,101440.8125,103744.640625,103744.640625,50408241840,0.00198211052629782,0.0019801487371228356,0.009800699494189265
2025-05-16 00:00:00+00:00,103735.65625,104533.484375,103137.4765625,103489.2890625,103489.2890625,44386499364,-0.0024613470244020386,-0.002464381118651062,0.009591180232557846
2025-05-17 00:00:00+00:00,103489.2890625,103716.9453125,102659.1796875,103191.0859375,103191.0859375,37898552742,-0.0028814878109744146,-0.0028856472892223486,0.00748949402801996
2025-05-18 00:00:00+00:00,103186.953125,106597.171875,103142.6015625,106446.0078125,106446.0078125,49887082058,0.03154266519659865,0.031055414958406476,0.015216431276753315
2025-05-19 00:00:00+00:00,106430.53125,107068.71875,102112.6875,105606.1796875,105606.1796875,61761126647,-0.007889709931436006,-0.007920998372646527,0.015551324325939975
2025-05-20 00:00:00+00:00,105605.40625,107307.1171875,104206.515625,106791.0859375,106791.0859375,36515726122,0.011220046530480143,0.011157568710076757,0.01579988222941276
2025-05-21 00:00:00+00:00,106791.3125,110724.4609375,106127.234375,109678.078125,109678.078125,78086364051,0.027034018449719976,0.026675054496876065,0.01729789159578876
2025-05-22 00:00:00+00:00,109673.4921875,111970.171875,109285.0703125,111673.28125,111673.28125,70157575642,0.018191448638679386,0.01802796394236439,0.015331309845182531
2025-05-23 00:00:00+00:00,111679.359375,111798.90625,106841.3046875,107287.796875,107287.796875,67548133399,-0.03927066820202352,-0.04006256233899459,0.026534877817336835
2025-05-24 00:00:00+00:00,107278.5078125,109454.5234375,106895.2890625,107791.15625,107791.15625,45903627163,0.004691674073487251,0.004680702474076876,0.026000478737984545
2025-05-25 00:00:00+00:00,107802.2734375,109313.3046875,106683.375,109035.390625,109035.390625,47518041841,0.011543009819045436,0.011476897551184374,0.026022544278066165
2025-05-26 00:00:00+00:00,109023.78125,110376.8828125,108735.640625,109440.3671875,109440.3671875,45950461571,0.003714175371671846,0.0037072948540294247,0.022893487341318162
2025-05-27 00:00:00+00:00,109440.40625,110744.2109375,107609.5546875,108994.640625,108994.640625,57450176272,-0.004072780217708405,-0.00408109657520394,0.020439818749168347
2025-05-28 00:00:00+00:00,108992.171875,109298.2890625,106812.9296875,107802.328125,107802.328125,49155377493,-0.010939184653144474,-0.010999457493792041,0.008666568225111679
2025-05-29 00:00:00+00:00,107795.5703125,108910.046875,105374.3984375,105641.7578125,105641.7578125,56022752042,-0.020041963379443528,-0.020245528009254558,0.012367789691395925
2025-05-30 00:00:00+00:00,105646.2109375,106308.9453125,103685.7890625,103998.5703125,103998.5703125,57655287183,-0.015554336978341854,-0.015676574887611795,0.009482267643754764
2025-05-31 00:00:00+00:00,103994.71875,104927.1015625,103136.1171875,104638.09375,104638.09375,38997843858,0.006149348357177731,0.006130518270315466,0.010346029516613533
2025-06-01 00:00:00+00:00,104637.296875,105884.546875,103826.953125,105652.1015625,105652.1015625,37397056873,0.009690618169351017,0.009643965283822335,0.013352768545365766
2025-06-02 00:00:00+00:00,105649.8125,105958.3125,103727.546875,105881.53125,105881.53125,45819706290,0.0021715582000447764,0.0021692037754339633,0.01347485143699191
2025-06-03 00:00:00+00:00,105888.4765625,106813.578125,104920.84375,105432.46875,105432.46875,46196508367,-0.004241178746647534,-0.004250198055930138,0.009979070894736812
2025-06-04 00:00:00+00:00,105434.3671875,105997.6953125,104232.703125,104731.984375,104731.984375,44544857105,-0.0066439151364365845,-0.006666084188030525,0.006854172874000835
2025-06-05 00:00:00+00:00,104750.78125,105936.6875,100436.8828125,101575.953125,101575.953125,57479298400,-0.030134359325224014,-0.030597731847037197,0.015165796454479637
2025-06-06 00:00:00+00:00,101574.3671875,105376.7734375,101169.5703125,104390.34375,104390.34375,48856653697,0.027707252931573167,0.02733035306445883,0.020745519173663806
2025-06-07 00:00:00+00:00,104390.6484375,105972.7578125,103987.3125,105615.625,105615.625,38365033776,0.011737496074678777,0.011669145986995247,0.021682796554046993
2025-06-08 00:00:00+00:00,105617.5078125,106497.0625,105075.328125,105793.6484375,105793.6484375,36626232328,0.0016855786016509722,0.0016841596083658347,0.021588610238675573
2025-06-09 00:00:00+00:00,105793.0234375,110561.421875,105400.234375,110294.1015625,110294.1015625,55903193732,0.04253991795791734,0.041659964564867834,0.02748726954026179
2025-06-10 00:00:00+00:00,110295.6875,110380.125,108367.7109375,110257.234375,110257.234375,54700101509,-0.0003342625487465778,-0.00033431842692466013,0.01786415938376643
2025-06-11 00:00:00+00:00,110261.796875,110384.21875,108086.328125,108686.625,108686.625,50842662052,-0.014244955298426398,-0.01434738860972619,0.020947495919138033
2025-06-12 00:00:00+00:00,108685.9140625,108780.6953125,105785.6875,105929.0546875,105929.0546875,54843867968,-0.025371753999169577,-0.02569916684533185,0.025509994982105197
2025-06-13 00:00:00+00:00,105924.59375,106182.546875,102822.0234375,106090.96875,106090.96875,69550440846,0.0015285141831733462,0.0015273471943905203,0.025508413923447933
2025-06-14 00:00:00+00:00,106108.0859375,106203.7578125,104379.3671875,105472.40625,105472.40625,38007870453,-0.0058304915798971235,-0.005847555254663668,0.01121712810638557
2025-06-15 00:00:00+00:00,105464.84375,106157.1015625,104519.8828125,105552.0234375,105552.0234375,36744307742,0.0007548627203146641,0.0007545779547483326,0.011434446536529252
2025-06-16 00:00:00+00:00,105555.59375,108915.375,104997.625,106796.7578125,106796.7578125,50366626945,0.011792615001237072,0.011723623976989297,0.013905467140990219
2025-06-17 00:00:00+00:00,106794.1171875,107750.1953125,103396.53125,104601.1171875,104601.1171875,55964092176,-0.020559056941174436,-0.020773336361813687,0.011981669012741364
2025-06-18 00:00:00+00:00,104602.0703125,105581.8515625,103602.265625,104883.328125,104883.328125,47318089133,0.0026979724986506692,0.0026943395038619066,0.012091160759934978
2025-06-19 00:00:00+00:00,104886.7734375,105250.890625,103940.7734375,104684.2890625,104684.2890625,37333806920,-0.0018977187896134229,-0.0018995217392710328,0.011928547154078258
2025-06-20 00:00:00+00:00,104681.03125,106539.3828125,102372.2109375,103309.6015625,103309.6015625,50951862476,-0.013131746055793259,-0.013218729770939191,0.012868119703490815
2025-06-21 00:00:00+00:00,103315.078125,104015.78125,100973.0625,102257.40625,102257.40625,38360555118,-0.010184874363913243,-0.010237095073649533,0.009282020874531614
2025-06-22 00:00:00+00:00,102212.03125,103351.6328125,98286.203125,100987.140625,100987.140625,65536997201,-0.012422235919953284,-0.012500036871865046,0.007060306295501236
2025-06-23 00:00:00+00:00,100987.4765625,106116.859375,99705.75,105577.7734375,105577.7734375,65237759656,0.04545759771084712,0.0444546821160779,0.024530086885393924
2025-06-24 00:00:00+00:00,105571.515625,106316.828125,104740.2421875,106045.6328125,106045.6328125,48822986421,0.004431419225533917,0.004421629398587352,0.024485535618424172
2025-06-25 00:00:00+00:00,106047.40625,108168.3984375,105881.390625,107361.2578125,107361.2578125,51624120283,0.012406215749838134,0.012329889288552448,0.022982987860791726
2025-06-26 00:00:00+00:00,107375.0703125,108305.546875,106666.3515625,106960.0,106960.0,43891990613,-0.003737454466123835,-0.00374445620028651,0.021873251816220088
2025-06-27 00:00:00+00:00,106954.921875,107772.46875,106449.9921875,107088.4296875,107088.4296875,45353692675,0.0012007263229245613,0.00120000602760066,0.019202971825621255
2025-06-28 00:00:00+00:00,107090.546875,107567.8828125,106883.9765625,107327.703125,107327.703125,30037708335,0.002234353778444831,0.002231861322037002,0.005873062770727297
2025-06-29 00:00:00+00:00,107327.8203125,108526.3046875,107230.109375,108385.5703125,108385.5703125,35534874438,0.009856422495764683,0.009808164803266642,0.006584038497387199
2025-06-30 00:00:00+00:00,108383.4375,108798.7890625,106759.6484375,107135.3359375,107135.3359375,42064804590,-0.011535062936840146,-0.011602107852204922,0.007911442342526
2025-07-01 00:00:00+00:00,107144.3828125,107550.6796875,105270.2265625,105698.28125,105698.28125,44110692247,-0.013413452013053329,-0.013504224993731051,0.00989232653503723
2025-07-02 00:00:00+00:00,105703.1015625,109763.65625,105157.3984375,108859.3203125,108859.3203125,56248657737,0.02990624847553991,0.02946777720135706,0.017554931981263972
2025-07-03 00:00:00+00:00,108845.015625,110541.4609375,108605.796875,109647.9765625,109647.9765625,50494742270,0.007244728772290987,0.007218611789243165,0.017622004329762894
2025-07-04 00:00:00+00:00,109635.65625,109751.984375,107296.3828125,108034.3359375,108034.3359375,42616442656,-0.014716556343200904,-0.014825919147368482,0.01907309624763397
2025-07-05 00:00:00+00:00,108015.8359375,108381.34375,107842.2734375,108231.1796875,108231.1796875,30615537520,0.0018220480395592098,0.0018203901235928528,0.018063992228500192
2025-07-06 00:00:00+00:00,108231.1875,109731.625,107847.015625,109232.0703125,109232.0703125,36746020463,0.009247710575546852,0.009205212306969758,0.015906108353522633
2025-07-07 00:00:00+00:00,109235.328125,109710.25,107527.0546875,108299.8515625,108299.8515625,45415696597,-0.008534295352390808,-0.008570920982479692,0.01034549134020203
2025-07-08 00:00:00+00:00,108298.2265625,109198.96875,107499.5546875,108950.2734375,108950.2734375,44282204127,0.006005750382996888,0.005987787747688724,0.010112149058499031
2025-07-09 00:00:00+00:00,108950.2734375,111925.375,108357.6796875,111326.5546875,111326.5546875,57927418065,0.021810695604753683,0.021576245274881944,0.01098491873986274
2025-07-10 00:00:00+00:00,111329.1953125,116608.78125,110660.75,115987.203125,115987.203125,95911605728,0.041864660687494615,0.04101205071842649,0.018598102612681376
2025-07-11 00:00:00+00:00,115986.234375,118856.4765625,115245.6875,117516.9921875,117516.9921875,86928361085,0.013189291760499877,0.013103070357299034,0.018436137446717342
2025-07-12 00:00:00+00:00,117530.7109375,118219.8984375,116977.0234375,117435.2265625,117435.2265625,45524560304,-0.0006957770402219454,-0.000696019205401959,0.016154701595128305
2025-07-13 00:00:00+00:00,117432.203125,119449.5703125,117265.4375,119116.1171875,119116.1171875,49021091807,0.014313342548076147,0.014211873752884076,0.015248682429239076
2025-07-14 00:00:00+00:00,119115.7890625,123091.609375,118959.1953125,119849.703125,119849.703125,181746419401,0.006158578325259345,0.00613969178492453,0.015854132714114344
2025-07-15 00:00:00+00:00,119853.8515625,119935.5625,115765.6875,117777.1875,117777.1875,98321661181,-0.01729262210051885,-0.017443885857792257,0.012934730612128749
2025-07-16 00:00:00+00:00,117777.1875,120065.515625,117064.8203125,118738.5078125,118738.5078125,72162029070,0.00816219450392297,0.008129063950949825,0.012136127180090914
2025-07-17 00:00:00+00:00,118738.5078125,120999.609375,117508.21875,119289.84375,119289.84375,72363841798,0.004643278306736054,0.0046325315439855776,0.012066473355174231
2025-07-18 00:00:00+00:00,119284.109375,120851.9140625,116925.984375,118003.2265625,118003.2265625,77945799785,-0.01078563897020779,-0.010844225617985717,0.01150545233590405
2025-07-19 00:00:00+00:00,117998.125,118541.3984375,117388.4140625,117939.9765625,117939.9765625,47564562765,-0.0005360022928398989,-0.000536145993420385,0.010701799415104908
2025-07-20 00:00:00+00:00,117944.109375,118865.03125,116550.1328125,117300.7890625,117300.7890625,57515447231,-0.00541960002562214,-0.005434339336073631,0.007610407447207192
2025-07-21 00:00:00+00:00,117306.46875,119671.5625,116584.3984375,117439.5390625,117439.5390625,69820091744,0.0011828564931994912,0.0011821574696331473,0.006043063670019757
2025-07-22 00:00:00+00:00,117426.5,120269.96875,116233.2265625,119995.4140625,119995.4140625,79217583118,0.02176332622218302,0.021529885923986695,0.012302382939765513
2025-07-23 00:00:00+00:00,119997.4453125,120113.3515625,117391.390625,118754.9609375,118754.9609375,66608604537,-0.010337504434577038,-0.010391307548023082,0.012192898721827437
2025-07-24 00:00:00+00:00,118770.984375,119535.453125,117247.96875,118368.0,118368.0,72627318560,-0.0032584822936673197,-0.0032638027078905844,0.012353871576411433
2025-07-25 00:00:00+00:00,118368.0,118486.9765625,114759.8203125,117635.8828125,117635.8828125,104857024569,-0.006185093838706357,-0.0062043007703418435,0.012454226296932209
2025-07-26 00:00:00+00:00,117644.84375,118335.6875,117181.2265625,117947.3671875,117947.3671875,48508954046,0.002647868724685587,0.002644369296284202,0.012489296712724194
2025-07-27 00:00:00+00:00,117944.7265625,119815.59375,117859.6875,119448.4921875,119448.4921875,54683390892,0.012727075099638885,0.012646766556765231,0.008942658922649744
2025-07-28 00:00:00+00:00,119457.5234375,119819.7890625,117441.4375,117924.4765625,117924.4765625,64822943193,-0.012758768211219684,-0.012840860304521964,0.009632196803838049
2025-07-29 00:00:00+00:00,117938.5859375,119273.8671875,116987.3671875,117922.1484375,117922.1484375,68463107433,-1.9742508661990676e-05,-1.9742703547879838e-05,0.009584708650098236
2025-07-30 00:00:00+00:00,117921.9921875,118780.7265625,115800.828125,117831.1875,117831.1875,68896148592,-0.0007713643170961237,-0.0007716619716275345,0.009108602638916007
2025-07-31 00:00:00+00:00,117833.6328125,118919.984375,115505.21875,115758.203125,115758.203125,69370346018,-0.017592832754910526,-0.01774942596736902,0.011940130793499348
2025-08-01 00:00:00+00:00,115738.953125,116060.7734375,112724.4453125,113320.0859375,113320.0859375,91294530181,-0.021062154747402473,-0.0212871264623786,0.009732247364658896
2025-08-02 00:00:00+00:00,113320.390625,114021.6015625,112005.765625,112526.9140625,112526.9140625,56870866000,-0.006999393518263508,-0.0070240041801152295,0.009735182415350707
2025-08-03 00:00:00+00:00,112525.8046875,114747.421875,111943.8046875,114217.671875,114217.671875,48099615826,0.015025363723748075,0.014913601071925728,0.014463504418927853
2025-08-04 00:00:00+00:00,114223.921875,115729.46875,114130.40625,115071.8828125,115071.8828125,35783028986,0.007478798363486527,0.007450970809323143,0.01567763561893938
2025-08-05 00:00:00+00:00,115072.1875,115117.4375,112701.109375,114141.4453125,114141.4453125,61039182286,-0.008085706753543476,-0.008118573366820805,0.014201729611547646
2025-08-06 00:00:00+00:00,114140.9140625,115737.8359375,113372.25,115028.0,115028.0,56379133510,0.007767158415357134,0.007737149330479471,0.01010307645093916
2025-08-07 00:00:00+00:00,115030.0546875,117676.90625,114279.7109375,117496.8984375,117496.8984375,64051649681,0.021463456180234486,0.021236359971131914,0.010967052815820005
2025-08-08 00:00:00+00:00,117505.5,117689.203125,115917.4609375,116688.7265625,116688.7265625,59713005166,-0.0068782400705657,-0.006902004196733544,0.01212731335848666
2025-08-09 00:00:00+00:00,116678.2734375,117906.609375,116363.8359375,116500.359375,116500.359375,54004312429,-0.0016142706587778388,-0.0016155749975506003,0.01221232336959359
2025-08-10 00:00:00+00:00,116497.71875,119320.7109375,116485.1640625,119306.7578125,119306.7578125,64755458694,0.02408918266480664,0.02380361527108938,0.013563967318260473
2025-08-11 00:00:00+00:00,119306.8125,122321.09375,118159.03125,118731.4453125,118731.4453125,90528784177,-0.004822128356753663,-0.004833792329587668,0.014919574863781312
2025-08-12 00:00:00+00:00,118717.6640625,120302.46875,118228.71875,120172.90625,120172.90625,72803657984,0.012140515376580119,0.012067410412961721,0.013080718846265355
2025-08-13 00:00:00+00:00,120168.9765625,123682.453125,118939.6328125,123344.0625,123344.0625,90904808795,0.026388279596092357,0.02604611531030144,0.014153404754204117
2025-08-14 00:00:00+00:00,123339.3984375,124457.1171875,117254.8828125,118359.578125,118359.578125,104055627395,-0.040411222672351976,-0.04125044324166835,0.027683312003347893
2025-08-15 00:00:00+00:00,118365.78125,119332.3125,116864.5703125,117398.3515625,117398.3515625,68665353159,-0.008121240187970669,-0.008154397097906272,0.02531539803152981
2025-08-16 00:00:00+00:00,117398.421875,117996.0625,117271.953125,117491.3515625,117491.3515625,48036922378,0.0007921746665282559,0.000791861061786004,0.02535101139722701
2025-08-17 00:00:00+00:00,117492.7890625,118595.7734375,117279.5234375,117453.0625,117453.0625,45852169525,-0.00032588834829794244,-0.000325941461445338,0.024199228066810845
2025-08-18 00:00:00+00:00,117453.90625,117614.171875,114723.6796875,116252.3125,116252.3125,72787808090,-0.01022323279139703,-0.01027584894774574,0.01712557899183598
2025-08-19 00:00:00+00:00,116241.859375,116764.5,112730.3984375,112831.1796875,112831.1796875,71657600353,-0.029428514056440758,-0.029870220205219213,0.012322964637828553
2025-08-20 00:00:00+00:00,112828.0234375,114625.796875,112387.9609375,114274.7421875,114274.7421875,67993811526,0.012794003430595335,0.012712851606869349,0.01592738186867166
2025-08-21 00:00:00+00:00,114275.6875,114802.6484375,111986.234375,112419.03125,112419.03125,57817883700,-0.01623902974513114,-0.016372327846506683,0.0161096357286836
2025-08-22 00:00:00+00:00,112433.734375,117377.3984375,111678.9453125,116874.0859375,116874.0859375,82528088240,0.03962900798880531,0.03886392642477823,0.027078652566842047
2025-08-23 00:00:00+00:00,116866.3671875,116996.25,114536.109375,115374.328125,115374.328125,55377142586,-0.012832252765613172,-0.012915297318543016,0.027329539585302806
2025-08-24 00:00:00+00:00,115387.390625,115615.0859375,111060.546875,113458.4296875,113458.4296875,73961489632,-0.016605933647771742,-0.01674535783150271,0.02439846139255316
2025-08-25 00:00:00+00:00,113456.8984375,113637.84375,109324.28125,110124.3515625,110124.3515625,85706860190,-0.029385900493979156,-0.029826315528831894,0.026653083295599015
2025-08-26 00:00:00+00:00,110124.1015625,112397.015625,108762.0390625,111802.65625,111802.65625,69396320317,0.015240086898922645,0.01512512333952803,0.027703563480475202
2025-08-27 00:00:00+00:00,111795.7109375,112619.4140625,110398.265625,111222.0625,111222.0625,62137056409,-0.005193022862549412,-0.00520655346926939,0.016592869666489738
2025-08-28 00:00:00+00:00,111219.0546875,113450.078125,110900.921875,112544.8046875,112544.8046875,58860155962,0.01189280397942638,0.011822640333317674,0.018989194995641858
2025-08-29 00:00:00+00:00,112550.5234375,112619.0546875,107559.625,108410.8359375,108410.8359375,77843379644,-0.036731759955323295,-0.03742335971466304,0.023830470262963564
2025-08-30 00:00:00+00:00,108409.40625,108929.3515625,107444.4453125,108808.0703125,108808.0703125,51486264208,0.003664157476186425,0.0036574608046354446,0.02109868848820025
2025-08-31 00:00:00+00:00,108818.4609375,109491.0,108104.65625,108236.7109375,108236.7109375,47986191770,-0.00525107534173741,-0.005264910692760397,0.018697221250140356
2025-09-01 00:00:00+00:00,108228.75,109890.5859375,107271.1796875,109250.59375,109250.59375,66870372995,0.009367272930950854,0.00932367209897638,0.020027099106743232
2025-09-02 00:00:00+00:00,109243.0703125,111748.015625,108454.03125,111200.5859375,111200.5859375,74776999491,0.017848801737061493,0.017691382281182146,0.021287580594019185
2025-09-03 00:00:00+00:00,111190.6953125,112600.2265625,110582.9609375,111723.2109375,111723.2109375,61119643565,0.004699840343410866,0.004688830576405435,0.008394019060868476
2025-09-04 00:00:00+00:00,111718.1484375,112208.328125,109347.2265625,110723.6015625,110723.6015625,60131132901,-0.008947195185422974,-0.00898746169776838,0.010833786212649289
2025-09-05 00:00:00+00:00,110723.015625,113357.4921875,110233.3984375,110650.984375,110650.984375,60241647677,-0.0006558419928113235,-0.0006560571512495267,0.010071915517879722
2025-09-06 00:00:00+00:00,110650.5703125,111275.015625,110024.0859375,110224.6953125,110224.6953125,21500719036,-0.0038525555367432407,-0.0038599957441809024,0.010189644629199327
2025-09-07 00:00:00+00:00,110221.328125,111591.078125,110211.625,111167.6171875,111167.6171875,24618007520,0.008554542812086785,0.008518160055379413,0.006903460065631602
2025-09-08 00:00:00+00:00,111163.015625,112869.234375,110630.609375,112071.4296875,112071.4296875,40212813407,0.008130177859939192,0.008097306013038336,0.00762058089814596
2025-09-09 00:00:00+00:00,112077.578125,113225.4375,110776.703125,111530.546875,111530.546875,45984480722,-0.004826232823193166,-0.004837916692699648,0.006448157977817652
2025-09-10 00:00:00+00:00,111531.25,114275.25,110940.078125,113955.359375,113955.359375,56377473784,0.02174124101370767,0.02150827089182057,0.01079189866808154
2025-09-11 00:00:00+00:00,113961.4296875,115522.546875,113453.8359375,115507.5390625,115507.5390625,45685065332,0.013620945043858246,0.013529013824572132,0.009602669510746028
2025-09-12 00:00:00+00:00,115507.7890625,116769.3828125,114794.484375,116101.578125,116101.578125,54785725894,0.005142859655061782,0.005129680319349263,0.009794841806564545
2025-09-13 00:00:00+00:00,116093.5625,116334.6328125,115248.2734375,115950.5078125,115950.5078125,34549454947,-0.0013011908618274504,-0.0013020381457220277,0.010787571652889455
2025-09-14 00:00:00+00:00,115950.2890625,116181.5,115222.3984375,115407.65625,115407.65625,32798036057,-0.004681752350561785,-0.0046927460797969575,0.01074852469919986
2025-09-15 00:00:00+00:00,115399.6328125,116747.8828125,114461.0625,115444.875,115444.875,52937859416,0.0003224981011604733,0.00032244610982561805,0.007061159381822148
2025-09-16 00:00:00+00:00,115423.7578125,117005.2734375,114813.09375,116843.1875,116843.1875,45781744593,0.012112382641498831,0.012039614740681204,0.006493286534624334
2025-09-17 00:00:00+00:00,116840.5078125,117328.609375,114794.9765625,116468.5078125,116468.5078125,60528025996,-0.0032066883445814875,-0.003211840787451935,0.006653909187071591
2025-09-18 00:00:00+00:00,116461.265625,117911.7890625,116188.796875,117137.203125,117137.203125,49457272032,0.005741425944741474,0.005725006775122414,0.0068817367231584214
2025-09-19 00:00:00+00:00,117137.671875,117479.7578125,115141.8203125,115688.859375,115688.859375,38828473971,-0.012364506846338497,-0.012441583362179643,0.009243327199409701
2025-09-20 00:00:00+00:00,115691.125,116191.1484375,115473.5234375,115721.9609375,115721.9609375,22864449614,0.0002861257573012477,0.0002860848311332532,0.009243503064655757
2025-09-21 00:00:00+00:00,115730.2265625,115901.0859375,115252.578125,115306.09375,115306.09375,22495852193,-0.003593675600818802,-0.0036001483649767967,0.006630514177575244
2025-09-22 00:00:00+00:00,115309.21875,115431.3125,112037.6484375,112748.5078125,112748.5078125,70684158591,-0.02218083931492132,-0.02243053331974822,0.011101744014943547
2025-09-23 00:00:00+00:00,112757.4765625,113351.9140625,111535.5703125,112014.5,112014.5,47211853279,-0.00651013327573835,-0.006531416615244119,0.008855668298899845
2025-09-24 00:00:00+00:00,112007.6640625,113986.2734375,111229.640625,113328.6328125,113328.6328125,48044595085,0.011731809832655538,0.011663525697123141,0.012348016460654648
2025-09-25 00:00:00+00:00,113330.1640625,113541.0859375,108713.3984375,109049.2890625,109049.2890625,75528654284,-0.03776048156409062,-0.038491879643615556,0.019176592260085803
2025-09-26 00:00:00+00:00,109041.296875,110359.1953125,108728.9765625,109712.828125,109712.828125,57738288949,0.0060847628462732395,0.00606632543055882,0.020650401665755477
2025-09-27 00:00:00+00:00,109707.140625,109778.5,109144.296875,109681.9453125,109681.9453125,26308042910,-0.0002814877077529365,-0.00028152733285390487,0.019654043946336866
2025-09-28 00:00:00+00:00,109681.9453125,112375.484375,109236.9453125,112122.640625,112122.640625,33371048505,0.02225248016477188,0.022008506441889,0.023123204373139652
2025-09-29 00:00:00+00:00,112117.875,114473.5703125,111589.953125,114400.3828125,114400.3828125,60000147466,0.02031473906432546,0.020111147409077906,0.024441857861054624
2025-09-30 00:00:00+00:00,114396.5234375,114836.6171875,112740.5625,114056.0859375,114056.0859375,58986330258,-0.003009577997342028,-0.0030141158842399056,0.011530054292468507
2025-10-01 00:00:00+00:00,114057.59375,118648.9296875,113981.3984375,118648.9296875,118648.9296875,71328680132,0.04026829179914837,0.03947865276779501,0.017537811745741747
2025-10-02 00:00:00+00:00,118652.3828125,121086.40625,118383.15625,120681.2578125,120681.2578125,71415163912,0.017128920845327356,0.016983874858595087,0.015151588182485217
2025-10-03 00:00:00+00:00,120656.984375,123944.703125,119344.3125,122266.53125,122266.53125,83941392228,0.013136036748664148,0.013050507216426515,0.015252984901405307
2025-10-04 00:00:00+00:00,122267.46875,122857.640625,121577.5703125,122425.4296875,122425.4296875,36769171735,0.001299606980548873,0.0012987632223538373,0.016649311598596846
2025-10-05 00:00:00+00:00,122419.671875,125559.2109375,122191.9609375,123513.4765625,123513.4765625,73689317763,0.008887425412982486,0.008848164694084894,0.014388942275049374
2025-10-06 00:00:00+00:00,123510.453125,126198.0703125,123196.046875,124752.53125,124752.53125,72568881188,0.010031736794915869,0.009981752928713129,0.005811913699528994
2025-10-07 00:00:00+00:00,124752.140625,125184.0234375,120681.96875,121451.3828125,121451.3828125,76149412513,-0.026461574802715715,-0.02681798376519831,0.016286798363304208
2025-10-08 00:00:00+00:00,121448.3515625,124167.09375,121119.1796875,123354.8671875,123354.8671875,65354305286,0.01567280940669602,0.015551259305387295,0.0167701465475859
2025-10-09 00:00:00+00:00,123337.0703125,123739.34375,119812.03125,121705.5859375,121705.5859375,74653009425,-0.013370216251727518,-0.01346040236705057,0.018119039335744526
2025-10-10 00:00:00+00:00,121704.7421875,122509.6640625,104582.4140625,113214.3671875,113214.3671875,153125018868,-0.06976852117831744,-0.07232182184699049,0.0352000367290648
2025-10-11 00:00:00+00:00,113236.4296875,113429.7265625,109760.5625,110807.8828125,110807.8828125,110236934340,-0.02125599811033263,-0.021485160033407134,0.03171836763856585
2025-10-12 00:00:00+00:00,110811.515625,115805.0625,109715.5390625,115169.765625,115169.765625,93710414091,0.03936437283871608,0.038609346343899696,0.04195741219761918
2025-10-13 00:00:00+00:00,115161.6796875,116020.484375,113821.1875,115271.078125,115271.078125,71582026739,0.000879679657679322,0.0008792929662890047,0.04014319237735605
2025-10-14 00:00:00+00:00,115264.8828125,115502.8828125,110029.484375,113118.6640625,113118.6640625,92212917403,-0.01867262888064536,-0.01884916344559421,0.04021227105448345
2025-10-15 00:00:00+00:00,113113.96875,113622.3828125,110235.8359375,110783.1640625,110783.1640625,72574132855,-0.02064646024028005,-0.020862578290898413,0.02573594415707146
2025-10-16 00:00:00+00:00,110782.171875,111990.8125,107537.03125,108186.0390625,108186.0390625,87306423067,-0.023443318504017374,-0.02372248478317967,0.02612504053438588
2025-10-17 00:00:00+00:00,108179.1328125,109235.8046875,103598.4296875,106467.7890625,106467.7890625,99703051669,-0.01588236351834038,-0.016009839805348834,0.009694042293627607
2025-10-18 00:00:00+00:00,106483.734375,107490.984375,106387.453125,107198.265625,107198.265625,37779905278,0.006861009972426446,0.006837580349705927,0.012268063562821788
2025-10-19 00:00:00+00:00,107204.3125,109488.9921875,106157.7890625,108666.7109375,108666.7109375,47657008953,0.013698405510000455,0.013605430464268035,0.01705684454767807
2025-10-20 00:00:00+00:00,108667.4453125,111711.03125,107485.015625,110588.9296875,110588.9296875,63507793085,0.01768912239467313,0.01753449073833947,0.018423992392483345
2025-10-21 00:00:00+00:00,110587.6328125,113996.34375,107534.75,108476.890625,108476.890625,101194375480,-0.019098105646452646,-0.019282830173496076,0.017073513512067044
2025-10-22 00:00:00+00:00,108491.53125,109115.1328125,106778.0,107688.5859375,107688.5859375,80807013218,-0.007267028792566799,-0.007293562270818725,0.015316209884705504
2025-10-23 00:00:00+00:00,107679.4375,111288.59375,107548.4296875,110069.7265625,110069.7265625,54944076060,0.022111355667553845,0.021870444424777702,0.017721138827385276
2025-10-24 00:00:00+00:00,110069.3515625,111842.53125,109770.1484375,111033.921875,111033.921875,48160816980,0.008759859251149305,0.008721714285261932,0.01727703591168035
2025-10-25 00:00:00+00:00,111032.6171875,111947.703125,110704.40625,111641.7265625,111641.7265625,24707667305,0.005474045023684315,0.005459116892619,0.01574210520057377
2025-10-26 00:00:00+00:00,111639.0546875,115260.90625,111268.484375,114472.4453125,114472.4453125,41708524143,0.025355383127430242,0.025039267744803344,0.01309126179805154
2025-10-27 00:00:00+00:00,114479.8515625,116273.3125,113882.2890625,114119.328125,114119.328125,61761358733,-0.0030847352525406047,-0.0030895028553826285,0.011703337281679294
2025-10-28 00:00:00+00:00,114129.0859375,116078.984375,112291.6796875,112956.1640625,112956.1640625,64528066504,-0.01019252462848308,-0.010244824086811922,0.013354044301025395
2025-10-29 00:00:00+00:00,112921.328125,113642.7265625,109368.71875,110055.3046875,110055.3046875,62192043469,-0.025681284408657135,-0.02601680546576632,0.018923981299743778
2025-10-30 00:00:00+00:00,110059.1953125,111612.3515625,106376.6875,108305.546875,108305.546875,69673964814,-0.015898895718551742,-0.01602663895461955,0.01930743859326789
2025-10-31 00:00:00+00:00,108304.4140625,111031.8203125,108288.2734375,109556.1640625,109556.1640625,60090359560,0.011547120379193476,0.01148096119628519,0.014094815116949221
2025-11-01 00:00:00+00:00,109558.625,110574.8984375,109372.953125,110064.015625,110064.015625,25871668762,0.004635536182247879,0.004624825172493095,0.015248367277534767
2025-11-02 00:00:00+00:00,110064.4296875,111167.3125,109523.453125,110639.625,110639.625,34284209459,0.005229768982454308,0.005216141233319792,0.016033251995523874
2025-11-03 00:00:00+00:00,110646.90625,110764.9140625,105336.359375,106547.5234375,106547.5234375,72852006359,-0.03698585893164408,-0.03768718290100999,0.020296179170981032
2025-11-04 00:00:00+00:00,106541.421875,107264.8828125,98962.0625,101590.5234375,101590.5234375,110967184773,-0.046523840630681046,-0.04764085753760775,0.02761805647161519
2025-11-05 00:00:00+00:00,101579.234375,104534.703125,98989.9140625,103891.8359375,103891.8359375,77584934804,0.02265282648549194,0.022400061321748738,0.03031785267246136
2025-11-06 00:00:00+00:00,103893.6640625,104147.3046875,100336.8671875,101301.2890625,101301.2890625,63932752861,-0.02493503798083263,-0.025251182491850755,0.029495743785298397
2025-11-07 00:00:00+00:00,101286.2421875,104052.9140625,99257.0546875,103372.40625,103372.40625,92168030081,0.020445121741957006,0.02023892596873405,0.03284737062152877
2025-11-08 00:00:00+00:00,103371.703125,103373.5625,101458.0390625,102282.1171875,102282.1171875,51446691095,-0.010547196317199026,-0.010603212214200236,0.02998846289748777
2025-11-09 00:00:00+00:00,102278.984375,105418.3671875,101468.875,104719.640625,104719.640625,59679243013,0.02383137448193029,0.023551839699680072,0.022539168832145906
2025-11-10 00:00:00+00:00,104723.7734375,106564.6953125,104350.6484375,105996.59375,105996.59375,69585887229,0.012194017448672767,0.01212026933646231,0.021099767586851535
2025-11-11 00:00:00+00:00,105996.859375,107428.2578125,102457.328125,102997.46875,102997.46875,71130078574,-0.028294541304540788,-0.028702546476841843,0.022317714094518364
2025-11-12 00:00:00+00:00,103011.4375,105297.234375,100836.6171875,101663.1875,101663.1875,64347179408,-0.012954505253314763,-0.013039146642676998,0.02093010561031438
2025-11-13 00:00:00+00:00,101674.1484375,104005.4921875,97988.71875,99697.4921875,99697.4921875,101546815416,-0.01933536967351135,-0.019524742976585432,0.02205474594176755
2025-11-14 00:00:00+00:00,99694.703125,99804.4296875,94000.734375,94397.7890625,94397.7890625,114346441890,-0.053157837862490065,-0.05462287113659148,0.024248852769447552
2025-11-15 00:00:00+00:00,94420.46875,96728.46875,94420.46875,95549.1484375,95549.1484375,38500716654,0.012196889211437911,0.01212310649874722,0.024249814366090115
2025-11-16 00:00:00+00:00,95556.8671875,96564.1875,92971.1640625,94177.078125,94177.078125,71086235862,-0.01435983820826503,-0.014463938461922525,0.023916679535802426
2025-11-17 00:00:00+00:00,94180.875,95928.3671875,91214.7578125,92093.875,92093.875,94186165724,-0.02212006537551514,-0.02236838271634354,0.023805770792351306
2025-11-18 00:00:00+00:00,92094.53125,93745.078125,89300.4609375,92948.875,92948.875,101333569062,0.009284005043766586,0.009241173563305538,0.027124849844288895
2025-11-19 00:00:00+00:00,92946.1640625,92946.1640625,88526.828125,91465.9921875,91465.9921875,80350354656,-0.015953746750565823,-0.016082377699808928,0.0158230539733035
2025-11-20 00:00:00+00:00,91459.3515625,93025.0703125,86040.796875,86631.8984375,86631.8984375,97970645638,-0.05285126891851111,-0.05429914313161118,0.022815895855784033
2025-11-21 00:00:00+00:00,86528.7734375,87380.8046875,80659.8125,85090.6875,85090.6875,129157506112,-0.017790340109098413,-0.017950490472289502,0.02267272081453894
2025-11-22 00:00:00+00:00,85098.5625,85503.0078125,83490.8984375,84648.359375,84648.359375,40793099246,-0.0051983141515926645,-0.00521187239368071,0.02356073768469051
2025-11-23 00:00:00+00:00,84648.609375,88038.46875,84641.7734375,86805.0078125,86805.0078125,58083435576,0.025477734635657168,0.025158586579000386,0.028522220485129278
2025-11-24 00:00:00+00:00,86798.7734375,89206.3359375,85272.1953125,88270.5625,88270.5625,74433896110,0.01688329653360121,0.016742357810839485,0.03145683940822201
2025-11-25 00:00:00+00:00,88269.9609375,88457.3359375,86131.4296875,87341.890625,87341.890625,64837343545,-0.010520742688141405,-0.01057647695675446,0.01844710424691994
2025-11-26 00:00:00+00:00,87345.5859375,90581.15625,86316.8984375,90518.3671875,90518.3671875,66496301869,0.03636830551491177,0.03572258791333639,0.019771645223971172
2025-11-27 00:00:00+00:00,90517.765625,91897.578125,90089.515625,91285.375,91285.375,57040622845,0.008473504729832548,0.008437806108495432,0.017555838672027764
2025-11-28 00:00:00+00:00,91285.3828125,92969.0859375,90257.1171875,90919.265625,90919.265625,60895830289,-0.004010602738938163,-0.004018666774419681,0.018212214569218853
2025-11-29 00:00:00+00:00,90918.7421875,91187.6171875,90260.1875,90851.7578125,90851.7578125,37921773455,-0.0007425028351905061,-0.00074277862694653,0.018095000360174245
2025-11-30 00:00:00+00:00,90838.2109375,91965.046875,90394.3125,90394.3125,90394.3125,38497902869,-0.005035073877646679,-0.005047792573132774,0.01698146848322374
2025-12-01 00:00:00+00:00,90389.109375,90398.15625,83862.25,86321.5703125,86321.5703125,87962894424,-0.045055292472078956,-0.04610183805407602,0.021142465472963338
2025-12-02 00:00:00+00:00,86322.5390625,92316.6328125,86202.1953125,91350.203125,91350.203125,78546798211,0.05825464938016567,0.05662099387030378,0.03665172995491054
2025-12-03 00:00:00+00:00,91345.09375,94060.7734375,91056.390625,93527.8046875,93527.8046875,77650204986,0.023837949867722363,0.023558262011831657,0.03792199533042288
2025-12-04 00:00:00+00:00,93454.2578125,94038.2421875,90976.1015625,92141.625,92141.625,64538402681,-0.014821043775501641,-0.014931972865932171,0.039035251346691544
2025-12-05 00:00:00+00:00,92133.6484375,92702.640625,88152.140625,89387.7578125,89387.7578125,63256398633,-0.029887330373216225,-0.030343059975675362,0.0418476281102091
2025-12-06 00:00:00+00:00,89389.359375,90267.4609375,88951.6640625,89272.375,89272.375,37994042405,-0.0012908122468182626,-0.0012916460625568118,0.03420636286411651
2025-12-07 00:00:00+00:00,89277.8125,91740.84375,87799.5625,90405.640625,90405.640625,47394898960,0.012694471554050235,0.012614572226014349,0.0214350541868996
2025-12-08 00:00:00+00:00,90424.5859375,92267.1171875,89644.890625,90640.203125,90640.203125,57394099056,0.0025945560296725123,0.002591195979813834,0.01669186805747554
2025-12-09 00:00:00+00:00,90639.703125,94601.5703125,89586.9765625,92691.7109375,92691.7109375,66861721440,0.022633530616329445,0.022381192698197744,0.01988745387352252
2025-12-10 00:00:00+00:00,92695.234375,94477.15625,91640.1328125,92020.9453125,92020.9453125,65420694513,-0.007236522211271801,-0.007262832846635849,0.01175371860304318
2025-12-11 00:00:00+00:00,92011.3046875,93554.265625,89335.296875,92511.3359375,92511.3359375,64532834621,0.005329119618741718,0.0053149701081481185,0.011109996627397919
2025-12-12 00:00:00+00:00,92513.6640625,92747.9296875,89532.6015625,90270.4140625,90270.4140625,80275884583,-0.024223213861206738,-0.024521421452147512,0.01724443172597398
2025-12-13 00:00:00+00:00,90257.796875,90647.5703125,89800.9921875,90298.7109375,90298.7109375,64237748110,0.00031346787642294593,0.0003134187556330964,0.017178941653219204
2025-12-14 00:00:00+00:00,90296.4375,90498.109375,87634.9375,88175.1796875,88175.1796875,50465972205,-0.023516739363752315,-0.02379767101791624,0.01368990480797197
2025-12-15 00:00:00+00:00,88171.078125,89983.921875,85304.078125,86419.78125,86419.78125,45559514323,-0.019908078936967,-0.020108914713088392,0.01424417804933214
2025-12-16 00:00:00+00:00,86424.40625,88170.09375,85381.6875,87843.984375,87843.984375,41262178223,0.01648005936140917,0.016345736935078115,0.01805045883867654
2025-12-17 00:00:00+00:00,87847.6171875,90264.5703125,85316.265625,86143.7578125,86143.7578125,44243392914,-0.01935507109105894,-0.019544833040854463,0.017190668004954533
2025-12-18 00:00:00+00:00,86144.3671875,89412.6640625,84436.3125,85462.5078125,85462.5078125,52667115348,-0.007908292107279613,-0.007939728497768105,0.016408237719202606
2025-12-19 00:00:00+00:00,85476.1328125,89339.1171875,85107.6640625,88103.3828125,88103.3828125,46733310561,0.03090097713717843,0.030433154968407768,0.022597762975023132
2025-12-20 00:00:00+00:00,88101.671875,88497.203125,87924.875,88344.0,88344.0,14688196659,0.002731077738661547,0.002727355122150639,0.01967769907865021
2025-12-21 00:00:00+00:00,88344.703125,89027.953125,87613.203125,88621.75,88621.75,19845522660,0.0031439599746445612,0.0031390280669266876,0.018526790798418083
2025-12-22 00:00:00+00:00,88621.3984375,90501.9296875,87908.0703125,88490.015625,88490.015625,38047472118,-0.0014864790528285043,-0.0014875849588890807,0.014699470994327429
2025-12-23 00:00:00+00:00,88490.03125,88898.3828125,86606.9765625,87414.0,87414.0,43683011533,-0.01215974047919599,-0.012234274952953525,0.01575919545963637
2025-12-24 00:00:00+00:00,87404.3203125,87956.8828125,86411.796875,87611.9609375,87611.9609375,25550297986,0.0022646365284737513,0.002262076104062497,0.006481553016176643
2025-12-25 00:00:00+00:00,87608.3203125,88501.7890625,86949.2578125,87234.7421875,87234.7421875,19953216347,-0.004305562231041726,-0.0043148578556266,0.0061957067849908445
2025-12-26 00:00:00+00:00,87235.5078125,89459.4296875,86628.140625,87301.4296875,87301.4296875,42455674908,0.0007644603322913834,0.0007641682813230021,0.0057259599671281
2025-12-27 00:00:00+00:00,87301.4296875,87874.78125,87182.9765625,87802.15625,87802.15625,13741199310,0.005735605525503784,0.00571921956587603,0.006973636897582788
2025-12-28 00:00:00+00:00,87799.34375,87986.890625,87394.953125,87835.8359375,87835.8359375,15156557929,0.00038358610925337544,0.0003835125589097617,0.0036242360028914127
2025-12-29 00:00:00+00:00,87835.7890625,90299.15625,86717.9140625,87138.140625,87138.140625,48411625849,-0.007943173820266769,-0.007974888882579774,0.005238699886976723
2025-12-30 00:00:00+00:00,87134.3515625,89297.9375,86735.546875,88430.1328125,88430.1328125,35586356225,0.014826942349620564,0.01471809780879094,0.008315869588907728
2025-12-31 00:00:00+00:00,88429.5859375,89080.2890625,87130.5625,87508.828125,87508.828125,33830210616,-0.01041844740246467,-0.010473099349299821,0.010266907330792024
2026-01-01 00:00:00+00:00,87508.046875,88803.2265625,87399.40625,88731.984375,88731.984375,18849043990,0.013977518339667538,0.013880733660550057,0.011837803683623778
2026-01-02 00:00:00+00:00,88733.0625,90884.4609375,88298.6171875,89944.6953125,89944.6953125,46398906171,0.013667122921255048,0.013574570130194885,0.012789368036190052
2026-01-03 00:00:00+00:00,89945.0546875,90679.5703125,89328.0703125,90603.1875,90603.1875,20774828592,0.007321078638514056,0.007294409627148249,0.010634176451338469
2026-01-04 00:00:00+00:00,90603.0,91712.5859375,90595.1015625,91413.4921875,91413.4921875,26770491368,0.008943445698309516,0.008903689947606831,0.009986580029285978
2026-01-05 00:00:00+00:00,91414.625,94762.0703125,91414.625,93882.5546875,93882.5546875,53376407252,0.027009825802690735,0.02665149838136465,0.0076022094109401235
2026-01-06 00:00:00+00:00,93876.9453125,94395.296875,91286.546875,93729.03125,93729.03125,52430605257,-0.0016352711961346023,-0.00163660971149983,0.010360967709344365
2026-01-07 00:00:00+00:00,93727.46875,93738.7890625,90601.8046875,91308.0546875,91308.0546875,43461295053,-0.025829527204251357,-0.026168967250151644,0.019267948108287147
2026-01-08 00:00:00+00:00,91309.640625,91485.8515625,89233.875,91027.125,91027.125,42386697030,-0.003076724046541912,-0.003081466892755565,0.01924973066426138
2026-01-09 00:00:00+00:00,91026.2734375,91910.671875,89625.3828125,90513.1015625,90513.1015625,38305906684,-0.005646925984974294,-0.005662930149506993,0.01883987762976807
2026-01-10 00:00:00+00:00,90510.1015625,90713.03125,90283.3984375,90386.6484375,90386.6484375,12385895282,-0.001397069847536736,-0.0013980466595052143,0.010523802002895568
2026-01-11 00:00:00+00:00,90385.359375,91155.2265625,90212.0234375,90827.4609375,90827.4609375,17165568977,0.004876964768804504,0.004865110901100388,0.011771033771443524
2026-01-12 00:00:00+00:00,90825.859375,92395.5234375,90055.0234375,91192.9921875,91192.9921875,41346275358,0.004024457429802286,0.004016380962680633,0.00455525440456987
2026-01-13 00:00:00+00:00,91185.3359375,96011.625,90941.9296875,95321.78125,95321.78125,54980674354,0.04527528885126264,0.044280285031478225,0.020059354558461865
2026-01-14 00:00:00+00:00,95322.90625,97860.6015625,94583.046875,96929.328125,96929.328125,60592490863,0.016864423365986925,0.016723797821879046,0.018330820431357107
2026-01-15 00:00:00+00:00,96931.2890625,97150.171875,95103.2421875,95551.1875,95551.1875,53086363027,-0.01421799419905967,-0.014320038274756287,0.021608953030735012
2026-01-16 00:00:00+00:00,95554.1015625,95801.890625,94259.2734375,95525.1171875,95525.1171875,33248170537,-0.00027284132392391136,-0.00027287855188963723,0.022097006765140117
2026-01-17 00:00:00+00:00,95525.15625,95598.4765625,95005.6171875,95099.921875,95099.921875,16021715122,-0.004451136256293897,-0.004461072057980408,0.022986442210899554
2026-01-18 00:00:00+00:00,95101.1796875,95491.5078125,93588.8671875,93634.4296875,93634.4296875,20809781232,-0.01541002514624834,-0.015529993658124637,0.013058598697380158
2026-01-19 00:00:00+00:00,93655.671875,93660.828125,92089.25,92553.59375,92553.59375,39195241508,-0.011543146480490485,-0.011610285761608208,0.006599933265831189
2026-01-20 00:00:00+00:00,92553.6015625,92798.4296875,87814.9296875,88310.90625,88310.90625,53072968031,-0.04584033237499219,-0.046924255054821146,0.01841195621890915
2026-01-21 00:00:00+00:00,88326.5078125,90430.40625,87231.5703125,89376.9609375,89376.9609375,56330422434,0.012071608510981546,0.011999327760148783,0.02154414669973791
2026-01-22 00:00:00+00:00,89378.5234375,90258.9609375,88438.4453125,89462.453125,89462.453125,35549685694,0.000956534957143873,0.0009560777691027553,0.02222553696900765
2026-01-23 00:00:00+00:00,89462.046875,91100.25,88486.359375,89503.875,89503.875,38997586037,0.00046300848627667257,0.00046290133092210693,0.022774447104569197
2026-01-24 00:00:00+00:00,89506.1484375,89811.609375,89044.2890625,89110.734375,89110.734375,14558687712,-0.00439244250598092,-0.004402117623558332,0.022797874299177304
2026-01-25 00:00:00+00:00,89104.765625,89193.1484375,86003.7109375,86572.21875,86572.21875,36124986722,-0.028487203509257375,-0.028900838361794735,0.015171267847960329
2026-01-26 00:00:00+00:00,86566.5234375,88743.0703125,86429.2890625,88267.140625,88267.140625,45329286974,0.019578126787931138,0.01938894055131375,0.017323908977434566
2026-01-27 00:00:00+00:00,88257.4765625,89427.125,87228.921875,89102.5703125,89102.5703125,38744942267,0.009464787027023913,0.00942027656458104,0.018140248559705762
2026-01-28 00:00:00+00:00,89104.046875,90439.2890625,88721.4609375,89184.5703125,89184.5703125,39807419296,0.0009202877056453396,0.0009198645005418251,0.018149389514115002
2026-01-29 00:00:00+00:00,89169.8515625,89200.78125,83250.6015625,84561.5859375,84561.5859375,64653083162,-0.05183614563372574,-0.053227949504083015,0.029936791746834095
2026-01-30 00:00:00+00:00,84562.7265625,84602.1640625,81071.4765625,84128.65625,84128.65625,72083816087,-0.005119696877728619,-0.005132847429550004,0.02811193911711826
2026-01-31 00:00:00+00:00,84126.5,84136.921875,75815.8828125,78621.1171875,78621.1171875,70479259159,-0.06546567255435032,-0.06770691927198588,0.03483820130302459
2026-02-01 00:00:00+00:00,78626.125,79322.609375,75698.8984375,76974.4453125,76974.4453125,53372509744,-0.02094439679701987,-0.021166842147211495,0.030046094081486185
2026-02-02 00:00:00+00:00,76968.875,79258.609375,74551.3359375,78688.765625,78688.765625,75140589684,0.022271291537603544,0.022026908157821636,0.03619950415563202
2026-02-03 00:00:00+00:00,78693.5078125,79118.8515625,72897.140625,75633.546875,75633.546875,68249110822,-0.03882661934945053,-0.03960046937497693,0.033992511064379075
2026-02-04 00:00:00+00:00,75640.09375,76864.65625,71779.9296875,73019.703125,73019.703125,67215363944,-0.03455931736640505,-0.035170615941758965,0.03283096138479576
2026-02-05 00:00:00+00:00,73016.375,73161.5546875,62353.53515625,62702.09765625,62702.09765625,125509410908,-0.14129892381358544,-0.1523344080304475,0.06462732100622091
2026-02-06 00:00:00+00:00,62704.453125,71681.3046875,60074.203125,70555.390625,70555.390625,114674259489,0.1252476912623226,0.118003181433477,0.0986210570745331
2026-02-07 00:00:00+00:00,70553.796875,71611.1484375,67364.4453125,69281.96875,69281.96875,62347107663,-0.018048541205989532,-0.018213402812750957,0.09621013706674575
2026-02-08 00:00:00+00:00,69283.7265625,72206.90625,68852.8984375,70264.7265625,70264.7265625,39721722619,0.014184900201757111,0.01408523588474713,0.09722826386558846
2026-02-09 00:00:00+00:00,70243.328125,71369.96875,68291.03125,70120.78125,70120.78125,52081598792,-0.00204861414171964,-0.0020507154219692207,0.09661345177913991
2026-02-10 00:00:00+00:00,70137.390625,70464.265625,67913.09375,68793.9609375,68793.9609375,40593063077,-0.018921927121284043,-0.01910323758989731,0.05723760304998013
2026-02-11 00:00:00+00:00,68791.859375,69242.6796875,65757.3046875,66991.96875,66991.96875,49671946030,-0.02619404614799148,-0.026543221212374526,0.016329654216533956
2026-02-12 00:00:00+00:00,66992.1953125,68339.4921875,65092.109375,66221.84375,66221.84375,44651071271,-0.011495780977477277,-0.01156236827483507,0.01579256428609585
2026-02-13 00:00:00+00:00,66213.375,69382.8359375,65835.78125,68857.84375,68857.84375,40820775886,0.039805596623848194,0.03903376935715579,0.02573513572433582
2026-02-14 00:00:00+00:00,68856.984375,70481.1640625,68706.6171875,69767.625,69767.625,36012397645,0.013212456278809848,0.013125933067848304,0.02689791430597763
2026-02-15 00:00:00+00:00,69764.953125,70939.2890625,68052.546875,68788.1875,68788.1875,40191152750,-0.014038567315427408,-0.014138040068878806,0.026144019343904687
2026-02-16 00:00:00+00:00,68782.3984375,70067.234375,67301.5859375,68843.15625,68843.15625,33618145426,0.000799101589935125,0.0007987824782500607,0.021688333915632352
2026-02-17 00:00:00+00:00,68843.09375,69201.8671875,66615.28125,67494.21875,67494.21875,34866936040,-0.019594358734823403,-0.019788873300286218,0.023535116650706577
2026-02-18 00:00:00+00:00,67488.0234375,68434.4296875,65845.8984375,66425.3203125,66425.3203125,33094301643,-0.015836888807606253,-0.015963632260214883,0.013788955943587047
2026-02-19 00:00:00+00:00,66425.625,67277.125,65637.4296875,66957.5234375,66957.5234375,31492987019,0.008012052068341324,0.007980125994704771,0.011964618264136695
2026-02-20 00:00:00+00:00,66958.578125,68269.03125,66452.484375,68005.421875,68005.421875,47507867304,0.015650197075734784,0.015528995656632263,0.015212753296940931
2026-02-21 00:00:00+00:00,68000.25,68657.703125,67533.0703125,68003.765625,68003.765625,18357635642,-2.435467576455963e-05,-2.4354972344490844e-05,0.015175393636912584
2026-02-22 00:00:00+00:00,67998.828125,68235.2265625,67185.6015625,67659.390625,67659.390625,17893536012,-0.005064057803784272,-0.005076923598302017,0.012085638016000563
2026-02-23 00:00:00+00:00,67668.4296875,67668.4296875,63924.4375,64616.73828125,64616.73828125,50953457309,-0.04497014110892317,-0.04601267313564273,0.023955002734281545
2026-02-24 00:00:00+00:00,64616.015625,64992.15625,62553.1875,64080.04296875,64080.04296875,40849331086,-0.008305824880296298,-0.00834051043874472,0.022736349392069356
2026-02-25 00:00:00+00:00,64077.76953125,69953.53125,63942.484375,67960.125,67960.125,53629234355,0.060550552894326426,0.05878816281087323,0.03764460534250307
2026-02-26 00:00:00+00:00,67954.8671875,68843.3515625,66523.734375,67453.7734375,67453.7734375,42988597523,-0.007450715585058165,-0.007478610812400483,0.03778655309691187
2026-02-27 00:00:00+00:00,67456.515625,68220.40625,64946.03515625,65881.796875,65881.796875,40283655942,-0.023304501473983996,-0.023580345399758597,0.039092753065623126
2026-02-28 00:00:00+00:00,65878.9296875,67714.5234375,63062.21875,66995.859375,66995.859375,42041497112,0.016910019957618205,0.016768637200983847,0.032238529558337024
2026-03-01 00:00:00+00:00,67005.8828125,68162.8203125,65076.73046875,65738.1015625,65738.1015625,40733141929,-0.018773664883674046,-0.018952127255243773,0.03382995710112682
2026-03-02 00:00:00+00:00,65734.078125,70044.0,65303.13671875,68775.8515625,68775.8515625,56698092052,0.04620988327616793,0.04517399874225875,0.028568122109273123
2026-03-03 00:00:00+00:00,68785.078125,69232.890625,66237.6171875,68293.6484375,68293.6484375,47947999049,-0.007011227255569463,-0.007035921401254354,0.02853056689817016
2026-03-04 00:00:00+00:00,68290.5625,74051.8046875,67437.40625,72710.578125,72710.578125,75073101274,0.06467555605177866,0.06267011054362281,0.034324704021051346
2026-03-05 00:00:00+00:00,72712.65625,73555.7890625,70654.8828125,70841.125,70841.125,51172841727,-0.025710882421896564,-0.026047184090688055,0.04010127770511517
2026-03-06 00:00:00+00:00,70842.15625,71378.5703125,67757.8203125,68136.4921875,68136.4921875,43776962871,-0.03817885179689062,-0.03892676222985379,0.044594470371726896
2026-03-07 00:00:00+00:00,68136.6875,68515.1640625,66969.2578125,67272.59375,67272.59375,23258701211,-0.01267893913767526,-0.012760002816373808,0.03948396306026952
2026-03-08 00:00:00+00:00,67272.5,68177.7890625,65639.1953125,65969.78125,65969.78125,33195080116,-0.01936617019467901,-0.019556151272463178,0.040083797715249156
2026-03-09 00:00:00+00:00,65969.5859375,69474.9453125,65858.0078125,68402.3828125,68402.3828125,49499875378,0.03687448277691541,0.036210883133673905,0.028740664753695227
2026-03-10 00:00:00+00:00,68402.71875,71770.8984375,68402.71875,69926.921875,69926.921875,54003996096,0.022287806357257578,0.022043063053682945,0.030918989146071958
2026-03-11 00:00:00+00:00,69931.25,71337.6640625,68998.8671875,70204.8828125,70204.8828125,45236859848,0.003975020350486469,0.003967140831024369,0.02334128645899632
2026-03-12 00:00:00+00:00,70209.765625,70775.828125,69230.15625,70493.4609375,70493.4609375,40871848129,0.004110513591636167,0.004102088510358853,0.021063607025289612
2026-03-13 00:00:00+00:00,70497.046875,73927.328125,70410.7265625,70968.265625,70968.265625,61167226505,0.006735442992662266,0.006712861238543366,0.014211790838093178
2026-03-14 00:00:00+00:00,70965.3828125,71291.203125,70339.5859375,71214.625,71214.625,22283546496,0.0034714019404360474,0.0034653905327112298,0.007919403592083173
2026-03-15 00:00:00+00:00,71213.6796875,73173.0078125,70882.421875,72789.9140625,72789.9140625,27991268669,0.022120302711697182,0.021879197879022205,0.007847069525014894
2026-03-16 00:00:00+00:00,72798.171875,74901.859375,72300.6328125,74861.0859375,74861.0859375,55572438409,0.028454105238008953,0.028056806108927662,0.011347185359076717
2026-03-17 00:00:00+00:00,74855.296875,75988.3984375,73444.2265625,73922.4765625,73922.4765625,49500721728,-0.01253801442025071,-0.012617278563279094,0.01605426934034144
2026-03-18 00:00:00+00:00,73936.8515625,74658.9765625,70503.859375,71245.578125,71245.578125,46229011155,-0.0362122396594321,-0.03688417423341742,0.026431461927701103
2026-03-19 00:00:00+00:00,71250.3515625,71598.84375,68805.5234375,69912.7890625,69912.7890625,44631433398,-0.01870697238447039,-0.01888416104762736,0.027722083317231746
2026-03-20 00:00:00+00:00,69911.53125,71346.796875,69398.8828125,70522.5859375,70522.5859375,38299078407,0.008722250723753211,0.008684431647448684,0.025192161380930295
2026-03-21 00:00:00+00:00,70522.46875,71051.2734375,68602.9140625,68711.5234375,68711.5234375,21109354718,-0.025680602546325204,-0.026016105631017767,0.017022161910482916
2026-03-22 00:00:00+00:00,68737.4453125,69561.7734375,67372.875,67845.2109375,67845.2109375,30108051508,-0.012607965253281006,-0.012688120086084904,0.017017481573501372
2026-03-23 00:00:00+00:00,67843.0,71782.2578125,67458.84375,70914.859375,70914.859375,51508669357,0.04524488014825101,0.04425119303469704,0.028388798323589613
2026-03-24 00:00:00+00:00,70912.671875,71371.3046875,68920.6953125,70517.859375,70517.859375,40181522399,-0.005598262529164066,-0.005613991531695598,0.026870423053517254
2026-03-25 00:00:00+00:00,70520.046875,71985.7421875,70383.59375,71309.8828125,71309.8828125,35409791747,0.011231529778693128,0.011168924480813245,0.02705367611613496
2026-03-26 00:00:00+00:00,71310.1171875,71410.390625,68118.3515625,68791.625,68791.625,38962070215,-0.03531428903229905,-0.03595291880741613,0.029865360940712352
2026-03-27 00:00:00+00:00,68790.8359375,69117.53125,65532.5703125,66338.375,66338.375,46483453594,-0.035662044616623034,-0.03631346968520713,0.03400300587054157
2026-03-28 00:00:00+00:00,66338.5,67232.859375,65906.7421875,66319.6953125,66319.6953125,20924883455,-0.0002815819275042708,-0.0002816215791388498,0.021621789129076235
2026-03-29 00:00:00+00:00,66319.6953125,67052.953125,64971.70703125,65954.921875,65954.921875,21645889785,-0.005500227885263609,-0.005515409833700628,0.021630705479324504
2026-03-30 00:00:00+00:00,65958.3515625,68087.2890625,65759.8046875,66691.4453125,66691.4453125,37694994180,0.011167073154841889,0.011105181731209317,0.02161263193772263
2026-03-31 00:00:00+00:00,66694.5859375,68495.2734375,65950.4375,68233.3125,68233.3125,42997691338,0.02311941479563351,0.022856210162579323,0.022257678141714577
2026-04-01 00:00:00+00:00,68232.890625,69230.359375,67555.359375,68078.5546875,68078.5546875,36465393617,-0.002268068291422898,-0.002270644254019965,0.011697108381421973
2026-04-02 00:00:00+00:00,68077.8984375,68633.1484375,65725.2578125,66888.5703125,66888.5703125,39323384518,-0.017479577533077273,-0.017634149228875802,0.015633935955200698
2026-04-03 00:00:00+00:00,66889.015625,67296.234375,66281.5390625,66931.1015625,66931.1015625,22815543346,0.0006358522809097877,0.0006356502125007872,0.015158183152213102
2026-04-04 00:00:00+00:00,66938.6484375,67515.015625,66769.640625,67290.515625,67290.515625,15878814963,0.005369911059425414,0.005355544495529739,0.014591240828837606
2026-04-05 00:00:00+00:00,67291.1953125,69087.65625,66610.6328125,68981.8984375,68981.8984375,22972648674,0.02513553056906015,0.024824828794848448,0.01531066694313666
2026-04-06 00:00:00+00:00,68982.9140625,70305.421875,68347.078125,68859.828125,68859.828125,39542143229,-0.0017695992030517527,-0.0017711667933321205,0.01527594051543167
2026-04-07 00:00:00+00:00,68859.375,72732.4296875,67740.5078125,71940.703125,71940.703125,44650511480,0.04474125312086663,0.043769250088650125,0.019389839401724077
2026-04-08 00:00:00+00:00,71950.1484375,72825.1875,70707.46875,71123.359375,71123.359375,42444631703,-0.011361353371537541,-0.011426386592901714,0.02211468841945532
2026-04-09 00:00:00+00:00,71120.5703125,73107.265625,70486.359375,71767.828125,71767.828125,38799581473,0.009061281070850802,0.00902047398791368,0.021892793944746858
2026-04-10 00:00:00+00:00,71774.3671875,73440.1171875,71434.828125,72979.046875,72979.046875,37722595732,0.016876904061948084,0.01673607145352826,0.021073309313939727
2026-04-11 00:00:00+00:00,72976.125,73784.234375,72556.3359375,73054.2734375,73054.2734375,23287073965,0.0010307967248304184,0.0010302658186926742,0.020673487628284946
2026-04-12 00:00:00+00:00,73056.046875,73154.03125,70540.5703125,70753.40625,70753.40625,29882740487,-0.031495312720733026,-0.03200195641601119,0.019116915909444355
2026-04-13 00:00:00+00:00,70757.6171875,74896.3125,70588.5234375,74484.640625,74484.640625,52278211554,0.05273575609654846,0.05139225778223328,0.030005627449812694
2026-04-14 00:00:00+00:00,74478.3984375,76061.7578125,73877.203125,74181.609375,74181.609375,53540826530,-0.004068372317531099,-0.004076670658997154,0.030594972205904708
2026-04-15 00:00:00+00:00,74182.0234375,75409.2734375,73549.203125,74805.078125,74805.078125,38090174312,0.008404626904874313,0.00836950468372944,0.030128343111213932
2026-04-16 00:00:00+00:00,74810.875,75506.5703125,73346.265625,75152.1328125,75152.1328125,41312783855,0.004639453579876829,0.004628724487070657,0.030054409140537856
2026-04-17 00:00:00+00:00,75164.0390625,78320.6796875,74558.6015625,77126.875,77126.875,54137194839,0.02627659540184779,0.025937296578403095,0.02198948363476774
2026-04-18 00:00:00+00:00,77136.046875,77416.703125,75504.9453125,75726.2109375,75726.2109375,26014416776,-0.01816051878803593,-0.018327445076503752,0.016294738691601075
2026-04-19 00:00:00+00:00,75723.6953125,76243.09375,73802.3828125,73856.3515625,73856.3515625,30931515195,-0.024692366775663332,-0.025002336494923415,0.020744681422088004
2026-04-20 00:00:00+00:00,73854.25,76575.359375,73775.5703125,75872.5234375,75872.5234375,39674447916,0.027298557704868998,0.02693259727225901,0.024188810048132815
2026-04-21 00:00:00+00:00,75872.828125,76881.4765625,74852.671875,76352.7734375,76352.7734375,36453522626,0.0063296958930805225,0.006309747501944813,0.02423164008783313
2026-04-22 00:00:00+00:00,76354.21875,79468.0,76159.578125,78203.1015625,78203.1015625,48336654537,0.024233934691509473,0.02394495237334366,0.023775745935611096
2026-04-23 00:00:00+00:00,78203.875,78676.9375,77014.453125,78268.953125,78268.953125,40354900916,0.0008420581944230676,0.0008417038623198857,0.0208938485883432
2026-04-24 00:00:00+00:00,78263.8203125,78554.09375,77318.4453125,77455.3125,77455.3125,32784213526,-0.010395445352393673,-0.010449855400701123,0.015777288878618456
2026-04-25 00:00:00+00:00,77457.2109375,77882.640625,77184.6640625,77612.015625,77612.015625,16702933134,0.0020231423764509593,0.0020210985800430967,0.012494018539959557
2026-04-26 00:00:00+00:00,77613.1171875,78923.5625,77334.890625,78657.5390625,78657.5390625,21482934750,0.013471154293320797,0.01338122502813899,0.013129428830342788
2026-04-27 00:00:00+00:00,78661.015625,79488.171875,76481.34375,77366.625,77366.625,38135631927,-0.01641182876919478,-0.016547994707933746,0.011659300521458572
2026-04-28 00:00:00+00:00,77368.1171875,77483.8671875,75673.6015625,76350.671875,76350.671875,32056900880,-0.013131671764148978,-0.013218654490737211,0.012427406611660339
2026-04-29 00:00:00+00:00,76350.6875,77884.96875,74958.5703125,75776.1328125,75776.1328125,41460907886,-0.007525003361340765,-0.0075534590417408835,0.012172590777866444
2026-04-30 00:00:00+00:00,75778.6328125,76611.484375,75318.984375,76304.3203125,76304.3203125,29497862305,0.00697036758667724,0.006946186875134918,0.012992113458665666
2026-05-01 00:00:00+00:00,76305.0546875,78894.9765625,76294.6953125,78179.0,78179.0,39164328894,0.024568460603834108,0.02427150989403538,0.016848824279325086
2026-05-02 00:00:00+00:00,78177.75,79119.7890625,78031.9609375,78657.25,78657.25,16761531851,0.006117371672699878,0.006098736514783506,0.014591049984068166
2026-05-03 00:00:00+00:00,78656.7265625,79402.359375,78073.078125,78538.2265625,78538.2265625,20544392639,-0.00151319093281288,-0.0015143369624661424,0.011982290578349162
2026-05-04 00:00:00+00:00,78540.2890625,80742.359375,78217.9609375,79827.90625,79827.90625,54325085296,0.016421044171065935,0.01628767686490818,0.009993285641955993
2026-05-05 00:00:00+00:00,79823.53125,81751.453125,79787.578125,80927.0546875,80927.0546875,39700107376,0.013768974900303155,0.013675043806522565,0.009861072292459083
2026-05-06 00:00:00+00:00,80930.734375,82792.2109375,80751.0234375,81427.53125,81427.53125,41751540000,0.006184292316489204,0.006165248057273942,0.007040844084278733
2026-05-07 00:00:00+00:00,81428.8515625,81684.953125,79522.65625,80009.9921875,80009.9921875,36931193154,-0.017408596831308243,-0.017561908350902416,0.013627794313906082
2026-05-08 00:00:00+00:00,80009.625,80447.265625,79205.515625,80186.765625,80186.765625,33789351540,0.0022093920105095144,0.0022069548930199264,0.013391164685257207
2026-05-09 00:00:00+00:00,80187.7421875,81030.0625,80119.9296875,80664.3671875,80664.3671875,18102086996,0.0059561145630133705,0.005938447031188693,0.011745663818170299
2026-05-10 00:00:00+00:00,80655.640625,81482.5390625,80344.265625,81107.46875,81107.46875,21692053504,0.005493151163884269,0.00547811883381103,0.010192947513196573
