date,state,close
2014-10-13 00:00:00+00:00,2,-0.86953233815663
2014-10-14 00:00:00+00:00,3,-0.8692091993581148
2014-10-15 00:00:00+00:00,3,-0.8693976245263765
2014-10-16 00:00:00+00:00,3,-0.8697751869298217
2014-10-17 00:00:00+00:00,3,-0.869738039671744
2014-10-18 00:00:00+00:00,3,-0.869500568654298
2014-10-19 00:00:00+00:00,3,-0.8695591637453143
2014-10-20 00:00:00+00:00,3,-0.869766255441412
2014-10-21 00:00:00+00:00,3,-0.869654071419937
2014-10-22 00:00:00+00:00,3,-0.8697565826488954
2014-10-23 00:00:00+00:00,3,-0.8705211944507083
2014-10-24 00:00:00+00:00,3,-0.8705234193061633
2014-10-25 00:00:00+00:00,3,-0.8708656575314775
2014-10-26 00:00:00+00:00,3,-0.8706359428562367
2014-10-27 00:00:00+00:00,3,-0.8706889442135931
2014-10-28 00:00:00+00:00,3,-0.8705458866680321
2014-10-29 00:00:00+00:00,3,-0.8712266235884025
2014-10-30 00:00:00+00:00,3,-0.870926416174174
2014-10-31 00:00:00+00:00,3,-0.8711422535610873
2014-11-01 00:00:00+00:00,3,-0.8715307874539382
2014-11-02 00:00:00+00:00,3,-0.871526367923348
2014-11-03 00:00:00+00:00,3,-0.8714750047914793
2014-11-04 00:00:00+00:00,3,-0.8713842063560331
2014-11-05 00:00:00+00:00,3,-0.8711062503257594
2014-11-06 00:00:00+00:00,3,-0.8708032606632934
2014-11-07 00:00:00+00:00,3,-0.8710157301151369
2014-11-08 00:00:00+00:00,3,-0.8709207601936044
2014-11-09 00:00:00+00:00,3,-0.8703713991487376
2014-11-10 00:00:00+00:00,3,-0.8702582880255618
2014-11-11 00:00:00+00:00,3,-0.8702344606630291
2014-11-12 00:00:00+00:00,3,-0.8685079417065068
2014-11-13 00:00:00+00:00,3,-0.8685952788365185
2014-11-14 00:00:00+00:00,3,-0.8693035204027701
2014-11-15 00:00:00+00:00,3,-0.8699736876092431
2014-11-16 00:00:00+00:00,3,-0.8696105891240927
2014-11-17 00:00:00+00:00,3,-0.8696252378968468
2014-11-18 00:00:00+00:00,3,-0.870002583379243
2014-11-19 00:00:00+00:00,3,-0.8698370273483583
2014-11-20 00:00:00+00:00,3,-0.870539026304073
2014-11-21 00:00:00+00:00,3,-0.8707551117354901
2014-11-22 00:00:00+00:00,3,-0.8706910766418184
2014-11-23 00:00:00+00:00,3,-0.8702382313167422
2014-11-24 00:00:00+00:00,3,-0.8699499526739399
2014-11-25 00:00:00+00:00,3,-0.8699979478707389
2014-11-26 00:00:00+00:00,3,-0.8702136004031931
2014-11-27 00:00:00+00:00,3,-0.8701734237955089
2014-11-28 00:00:00+00:00,3,-0.8699639836932718
2014-11-29 00:00:00+00:00,3,-0.8699935283401488
2014-11-30 00:00:00+00:00,3,-0.8699145360685794
2014-12-01 00:00:00+00:00,3,-0.869877512361186
2014-12-02 00:00:00+00:00,3,-0.8698135395144241
2014-12-03 00:00:00+00:00,3,-0.8700083930908169
2014-12-04 00:00:00+00:00,3,-0.8701754637965047
2014-12-05 00:00:00+00:00,3,-0.8699514051018334
2014-12-06 00:00:00+00:00,3,-0.8700153468251406
2014-12-07 00:00:00+00:00,3,-0.8700057664598537
2014-12-08 00:00:00+00:00,3,-0.8704132752856841
2014-12-09 00:00:00+00:00,3,-0.8707127413958059
2014-12-10 00:00:00+00:00,3,-0.8708936573232314
2014-12-11 00:00:00+00:00,3,-0.8707656805062526
2014-12-12 00:00:00+00:00,3,-0.8707027592550108
2014-12-13 00:00:00+00:00,3,-0.8708624122039571
2014-12-14 00:00:00+00:00,3,-0.8707308825974492
2014-12-15 00:00:00+00:00,3,-0.8709251797241946
2014-12-16 00:00:00+00:00,3,-0.8714902090707458
2014-12-17 00:00:00+00:00,3,-0.8717153806647121
2014-12-18 00:00:00+00:00,3,-0.8719743617620063
2014-12-19 00:00:00+00:00,3,-0.8717751197784782
2014-12-20 00:00:00+00:00,3,-0.8714007715790985
2014-12-21 00:00:00+00:00,3,-0.8716824058358555
2014-12-22 00:00:00+00:00,3,-0.871341125835697
2014-12-23 00:00:00+00:00,3,-0.8712581158090457
2014-12-24 00:00:00+00:00,3,-0.8716301457826059
2014-12-25 00:00:00+00:00,3,-0.8717391156000153
2014-12-26 00:00:00+00:00,3,-0.8714635692796557
2014-12-27 00:00:00+00:00,3,-0.8718363103770027
2014-12-28 00:00:00+00:00,3,-0.8717937853631792
2014-12-29 00:00:00+00:00,3,-0.8719349887053385
2014-12-30 00:00:00+00:00,3,-0.8719947278191046
2014-12-31 00:00:00+00:00,3,-0.8717024936681301
2015-01-01 00:00:00+00:00,3,-0.8718861909006582
2015-01-02 00:00:00+00:00,3,-0.8718619919429371
2015-01-03 00:00:00+00:00,3,-0.8729112051042036
2015-01-04 00:00:00+00:00,3,-0.8734330916835091
2015-01-05 00:00:00+00:00,3,-0.8731154230679693
2015-01-06 00:00:00+00:00,3,-0.8727533752352042
2015-01-07 00:00:00+00:00,3,-0.8725015638501479
2015-01-08 00:00:00+00:00,3,-0.8728411443210441
2015-01-09 00:00:00+00:00,3,-0.8726229887083112
2015-01-10 00:00:00+00:00,3,-0.873105472050629
2015-01-11 00:00:00+00:00,3,-0.873387816488038
2015-01-12 00:00:00+00:00,3,-0.8733218045834151
2015-01-13 00:00:00+00:00,3,-0.8746177909025907
2015-01-14 00:00:00+00:00,3,-0.8760937349240362
2015-01-15 00:00:00+00:00,3,-0.8751127905894374
2015-01-16 00:00:00+00:00,3,-0.8751667808238368
2015-01-17 00:00:00+00:00,3,-0.8754398853676922
2015-01-18 00:00:00+00:00,3,-0.8750974924682386
2015-01-19 00:00:00+00:00,3,-0.8749577420255403
2015-01-20 00:00:00+00:00,3,-0.875067329596372
2015-01-21 00:00:00+00:00,3,-0.8745857733557549
2015-01-22 00:00:00+00:00,3,-0.8743846149219155
2015-01-23 00:00:00+00:00,3,-0.8744009019201572
2015-01-24 00:00:00+00:00,3,-0.8739383210840872
2015-01-25 00:00:00+00:00,3,-0.873756879830469
2015-01-26 00:00:00+00:00,3,-0.873146358838965
2015-01-27 00:00:00+00:00,3,-0.873455343067464
2015-01-28 00:00:00+00:00,3,-0.8743688848448888
2015-01-29 00:00:00+00:00,3,-0.8743813082906203
2015-01-30 00:00:00+00:00,3,-0.8746003603531667
2015-01-31 00:00:00+00:00,3,-0.87487729685451
2015-02-01 00:00:00+00:00,3,-0.8745834556015029
2015-02-02 00:00:00+00:00,3,-0.8742355618671865
2015-02-03 00:00:00+00:00,3,-0.8745743076636115
2015-02-04 00:00:00+00:00,3,-0.8745871333564188
2015-02-05 00:00:00+00:00,3,-0.8748882065685734
2015-02-06 00:00:00+00:00,3,-0.8747288926766581
2015-02-07 00:00:00+00:00,3,-0.8745592882388041
2015-02-08 00:00:00+00:00,3,-0.8746934760712975
2015-02-09 00:00:00+00:00,3,-0.8747955232778382
2015-02-10 00:00:00+00:00,3,-0.8748038983166004
2015-02-11 00:00:00+00:00,3,-0.8748241101711269
2015-02-12 00:00:00+00:00,3,-0.8747444067757707
2015-02-13 00:00:00+00:00,3,-0.8743221567499567
2015-02-14 00:00:00+00:00,3,-0.8736455300118978
2015-02-15 00:00:00+00:00,3,-0.8743407615024504
2015-02-16 00:00:00+00:00,3,-0.8743711097003438
2015-02-17 00:00:00+00:00,3,-0.8740692640606277
2015-02-18 00:00:00+00:00,3,-0.8742943734076842
2015-02-19 00:00:00+00:00,3,-0.8741720836947298
2015-02-20 00:00:00+00:00,3,-0.8740640409790212
2015-02-21 00:00:00+00:00,3,-0.8740407082907937
2015-02-22 00:00:00+00:00,3,-0.8743051590994957
2015-02-23 00:00:00+00:00,3,-0.8742150722594038
2015-02-24 00:00:00+00:00,3,-0.8742199242173894
2015-02-25 00:00:00+00:00,3,-0.874259018577666
2015-02-26 00:00:00+00:00,3,-0.8742912832258707
2015-02-27 00:00:00+00:00,3,-0.8737534803003768
2015-02-28 00:00:00+00:00,3,-0.8737400368541474
2015-03-01 00:00:00+00:00,3,-0.8735564942957587
2015-03-02 00:00:00+00:00,3,-0.8730784606643507
2015-03-03 00:00:00+00:00,3,-0.8728920443736299
2015-03-04 00:00:00+00:00,3,-0.873158132936252
2015-03-05 00:00:00+00:00,3,-0.8730627612392113
2015-03-06 00:00:00+00:00,3,-0.8731695373246207
2015-03-07 00:00:00+00:00,3,-0.8730601968551579
2015-03-08 00:00:00+00:00,3,-0.8731191314747726
2015-03-09 00:00:00+00:00,3,-0.8726477431725448
2015-03-10 00:00:00+00:00,3,-0.8725812049985943
2015-03-11 00:00:00+00:00,3,-0.8724384568013119
2015-03-12 00:00:00+00:00,3,-0.8725010385239552
2015-03-13 00:00:00+00:00,3,-0.8727797056780157
2015-03-14 00:00:00+00:00,3,-0.8728863883930604
2015-03-15 00:00:00+00:00,3,-0.8727470703777576
2015-03-16 00:00:00+00:00,3,-0.872617271423967
2015-03-17 00:00:00+00:00,3,-0.872774513719864
2015-03-18 00:00:00+00:00,3,-0.8736771146597706
2015-03-19 00:00:00+00:00,3,-0.8735340571142096
2015-03-20 00:00:00+00:00,3,-0.8735086848965539
2015-03-21 00:00:00+00:00,3,-0.873561964478734
2015-03-22 00:00:00+00:00,3,-0.873316736175948
2015-03-23 00:00:00+00:00,3,-0.8733544398836732
2015-03-24 00:00:00+00:00,3,-0.8740079183163963
2015-03-25 00:00:00+00:00,3,-0.8739893135639026
2015-03-26 00:00:00+00:00,3,-0.8739171514759725
2015-03-27 00:00:00+00:00,3,-0.8739636008745134
2015-03-28 00:00:00+00:00,3,-0.8737853120496185
2015-03-29 00:00:00+00:00,3,-0.8740969856275579
2015-03-30 00:00:00+00:00,3,-0.87394824144954
2015-03-31 00:00:00+00:00,3,-0.8740502886560806
2015-04-01 00:00:00+00:00,3,-0.8739560911621097
2015-04-02 00:00:00+00:00,3,-0.8737789147649423
2015-04-03 00:00:00+00:00,3,-0.873738213302633
2015-04-04 00:00:00+00:00,3,-0.8737575287073461
2015-04-05 00:00:00+00:00,3,-0.8735442561760537
2015-04-06 00:00:00+00:00,3,-0.8737020549215984
2015-04-07 00:00:00+00:00,3,-0.8737735068288767
2015-04-08 00:00:00+00:00,3,-0.8740256266190767
2015-04-09 00:00:00+00:00,3,-0.8740672245311993
2015-04-10 00:00:00+00:00,3,-0.874302223120254
2015-04-11 00:00:00+00:00,3,-0.8742873890214732
2015-04-12 00:00:00+00:00,3,-0.8742997200399751
2015-04-13 00:00:00+00:00,3,-0.8746571630161235
2015-04-14 00:00:00+00:00,3,-0.8748249137221433
2015-04-15 00:00:00+00:00,3,-0.8746804655240311
2015-04-16 00:00:00+00:00,3,-0.8745339773249231
2015-04-17 00:00:00+00:00,3,-0.8747098554967688
2015-04-18 00:00:00+00:00,3,-0.8746952067240147
2015-04-19 00:00:00+00:00,3,-0.874718570535697
2015-04-20 00:00:00+00:00,3,-0.8746559576895989
2015-04-21 00:00:00+00:00,3,-0.8743270398313971
2015-04-22 00:00:00+00:00,3,-0.8743608186828377
2015-04-23 00:00:00+00:00,3,-0.8742901703265756
2015-04-24 00:00:00+00:00,3,-0.874450689073448
2015-04-25 00:00:00+00:00,3,-0.8746014421290068
2015-04-26 00:00:00+00:00,3,-0.874816538683381
2015-04-27 00:00:00+00:00,3,-0.8745119423904498
2015-04-28 00:00:00+00:00,3,-0.8746179762286175
2015-04-29 00:00:00+00:00,3,-0.8746194286565109
2015-04-30 00:00:00+00:00,3,-0.8742999671413441
2015-05-01 00:00:00+00:00,3,-0.8744256257325034
2015-05-02 00:00:00+00:00,3,-0.8743375166464975
2015-05-03 00:00:00+00:00,3,-0.8741697659404777
2015-05-04 00:00:00+00:00,3,-0.8742111780550063
2015-05-05 00:00:00+00:00,3,-0.8743007089170183
2015-05-06 00:00:00+00:00,3,-0.8744966136173637
2015-05-07 00:00:00+00:00,3,-0.8742632216587745
2015-05-08 00:00:00+00:00,3,-0.8740614449999454
2015-05-09 00:00:00+00:00,3,-0.8741242125201828
2015-05-10 00:00:00+00:00,3,-0.8741716819192216
2015-05-11 00:00:00+00:00,3,-0.8741141374805906
2015-05-12 00:00:00+00:00,3,-0.8741464639041376
2015-05-13 00:00:00+00:00,3,-0.8742927974291064
2015-05-14 00:00:00+00:00,3,-0.8742757380033032
2015-05-15 00:00:00+00:00,3,-0.8742548466200122
2015-05-16 00:00:00+00:00,3,-0.8742997200399751
2015-05-17 00:00:00+00:00,3,-0.874279662859588
2015-05-18 00:00:00+00:00,3,-0.8743932064101593
2015-05-19 00:00:00+00:00,3,-0.87442970479136
2015-05-20 00:00:00+00:00,3,-0.8743657012927106
2015-05-21 00:00:00+00:00,3,-0.8743247220771452
2015-05-22 00:00:00+00:00,3,-0.8741700748171888
2015-05-23 00:00:00+00:00,3,-0.8742156904843935
2015-05-24 00:00:00+00:00,3,-0.8741513776374655
2015-05-25 00:00:00+00:00,3,-0.8742701442696433
2015-05-26 00:00:00+00:00,3,-0.8742699589436167
2015-05-27 00:00:00+00:00,3,-0.8742647976373524
2015-05-28 00:00:00+00:00,3,-0.8742609345564097
2015-05-29 00:00:00+00:00,3,-0.8742705771686063
2015-05-30 00:00:00+00:00,3,-0.874386500248772
2015-05-31 00:00:00+00:00,3,-0.8744840043740381
2015-06-01 00:00:00+00:00,3,-0.8747084959676724
2015-06-02 00:00:00+00:00,3,-0.8746195833306502
2015-06-03 00:00:00+00:00,3,-0.8746173891270825
2015-06-04 00:00:00+00:00,3,-0.874665290953517
2015-06-05 00:00:00+00:00,3,-0.8746458831215743
2015-06-06 00:00:00+00:00,3,-0.8746252694915396
2015-06-07 00:00:00+00:00,3,-0.8747098866202236
2015-06-08 00:00:00+00:00,3,-0.8745365733039989
2015-06-09 00:00:00+00:00,3,-0.8745192974287141
2015-06-10 00:00:00+00:00,3,-0.8745268693880276
2015-06-11 00:00:00+00:00,3,-0.8744989931469581
2015-06-12 00:00:00+00:00,3,-0.8744904327821691
2015-06-13 00:00:00+00:00,3,-0.8744156435917083
2015-06-14 00:00:00+00:00,3,-0.8743803811889196
2015-06-15 00:00:00+00:00,3,-0.8742790139827109
2015-06-16 00:00:00+00:00,3,-0.8738441235901162
2015-06-17 00:00:00+00:00,3,-0.8738939112149746
2015-06-18 00:00:00+00:00,3,-0.8739024715797635
2015-06-19 00:00:00+00:00,3,-0.8740384829637713
2015-06-20 00:00:00+00:00,3,-0.8740197546605931
2015-06-21 00:00:00+00:00,3,-0.8740589419196666
2015-06-22 00:00:00+00:00,3,-0.8739648062010379
2015-06-23 00:00:00+00:00,3,-0.8740480633290582
2015-06-24 00:00:00+00:00,3,-0.8741649139824921
2015-06-25 00:00:00+00:00,3,-0.8740943278731398
2015-06-26 00:00:00+00:00,3,-0.874069758734933
2015-06-27 00:00:00+00:00,3,-0.8738411876108745
2015-06-28 00:00:00+00:00,3,-0.8739023480290791
2015-06-29 00:00:00+00:00,3,-0.873653473094832
2015-06-30 00:00:00+00:00,3,-0.873467798108218
2015-07-01 00:00:00+00:00,3,-0.8736053543473487
2015-07-02 00:00:00+00:00,3,-0.8737045273499897
2015-07-03 00:00:00+00:00,3,-0.8736759715801558
2015-07-04 00:00:00+00:00,3,-0.8735353558110988
2015-07-05 00:00:00+00:00,3,-0.873194570013678
2015-07-06 00:00:00+00:00,3,-0.8732836679767269
2015-07-07 00:00:00+00:00,3,-0.873370911736374
2015-07-08 00:00:00+00:00,3,-0.873229430169391
2015-07-09 00:00:00+00:00,3,-0.8732775489168744
2015-07-10 00:00:00+00:00,3,-0.872793396225614
2015-07-11 00:00:00+00:00,3,-0.8725393298047828
2015-07-12 00:00:00+00:00,3,-0.8719907100640226
2015-07-13 00:00:00+00:00,3,-0.8725721197791801
2015-07-14 00:00:00+00:00,3,-0.8727139719982165
2015-07-15 00:00:00+00:00,3,-0.8727645004556142
2015-07-16 00:00:00+00:00,3,-0.8730037030689123
2015-07-17 00:00:00+00:00,3,-0.8729609620771747
2015-07-18 00:00:00+00:00,3,-0.8731022267231087
2015-07-19 00:00:00+00:00,3,-0.8731420006121496
2015-07-20 00:00:00+00:00,3,-0.8729761361761214
2015-07-21 00:00:00+00:00,3,-0.8730734233803383
2015-07-22 00:00:00+00:00,3,-0.8730304975341416
2015-07-23 00:00:00+00:00,3,-0.8730667478708384
2015-07-24 00:00:00+00:00,3,-0.8726888148153399
2015-07-25 00:00:00+00:00,3,-0.8726758665149831
2015-07-26 00:00:00+00:00,3,-0.8725525874534181
2015-07-27 00:00:00+00:00,3,-0.8725235992561886
2015-07-28 00:00:00+00:00,3,-0.8724987825450453
2015-07-29 00:00:00+00:00,3,-0.8726482684987373
2015-07-30 00:00:00+00:00,3,-0.8727059987349625
2015-07-31 00:00:00+00:00,3,-0.8728009375330401
2015-08-01 00:00:00+00:00,3,-0.8728951652073309
2015-08-02 00:00:00+00:00,3,-0.8728638587842819
2015-08-03 00:00:00+00:00,3,-0.8729067242698388
2015-08-04 00:00:00+00:00,3,-0.872783383904499
2015-08-05 00:00:00+00:00,3,-0.872886481763425
2015-08-06 00:00:00+00:00,3,-0.8729886213971951
2015-08-07 00:00:00+00:00,3,-0.8729574696482854
2015-08-08 00:00:00+00:00,3,-0.8735319246859843
2015-08-09 00:00:00+00:00,3,-0.8734056483414027
2015-08-10 00:00:00+00:00,3,-0.8734245930940624
2015-08-11 00:00:00+00:00,3,-0.8732417616594605
2015-08-12 00:00:00+00:00,3,-0.8733656886547676
2015-08-13 00:00:00+00:00,3,-0.8734366463593082
2015-08-14 00:00:00+00:00,3,-0.8733871987346158
2015-08-15 00:00:00+00:00,3,-0.8735148039564063
2015-08-16 00:00:00+00:00,3,-0.8736088778996928
2015-08-17 00:00:00+00:00,3,-0.873625287505484
2015-08-18 00:00:00+00:00,3,-0.8750746233308616
2015-08-19 00:00:00+00:00,3,-0.8745923559664578
2015-08-20 00:00:00+00:00,3,-0.874324536279551
2015-08-21 00:00:00+00:00,3,-0.874410482285444
2015-08-22 00:00:00+00:00,3,-0.8744778235388434
2015-08-23 00:00:00+00:00,3,-0.8745464625459969
2015-08-24 00:00:00+00:00,3,-0.8750926716337079
2015-08-25 00:00:00+00:00,3,-0.8747491974299817
2015-08-26 00:00:00+00:00,3,-0.8746187180042916
2015-08-27 00:00:00+00:00,3,-0.8746515386305763
2015-08-28 00:00:00+00:00,3,-0.8744467335652758
2015-08-29 00:00:00+00:00,3,-0.874496675392706
2015-08-30 00:00:00+00:00,3,-0.8745281671417817
2015-08-31 00:00:00+00:00,3,-0.8744881456798044
2015-09-01 00:00:00+00:00,3,-0.8745479460973452
2015-09-02 00:00:00+00:00,3,-0.874512004165792
2015-09-03 00:00:00+00:00,3,-0.8745769347661422
2015-09-04 00:00:00+00:00,3,-0.874480666619288
2015-09-05 00:00:00+00:00,3,-0.8743347659932824
2015-09-06 00:00:00+00:00,3,-0.8741857747138957
2015-09-07 00:00:00+00:00,3,-0.8741855582644141
2015-09-08 00:00:00+00:00,3,-0.8740693569594248
2015-09-09 00:00:00+00:00,3,-0.8742374471940431
2015-09-10 00:00:00+00:00,3,-0.8742278974806436
2015-09-11 00:00:00+00:00,3,-0.8741775232258178
2015-09-12 00:00:00+00:00,3,-0.8743282758098091
2015-09-13 00:00:00+00:00,3,-0.8744740533566978
2015-09-14 00:00:00+00:00,3,-0.8744699738262737
2015-09-15 00:00:00+00:00,3,-0.8744804812932614
2015-09-16 00:00:00+00:00,3,-0.8745179685515051
2015-09-17 00:00:00+00:00,3,-0.8744957482910052
2015-09-18 00:00:00+00:00,3,-0.8743979348174605
2015-09-19 00:00:00+00:00,3,-0.8744437358106918
2015-09-20 00:00:00+00:00,3,-0.8744524197261653
2015-09-21 00:00:00+00:00,3,-0.8745799631726136
2015-09-22 00:00:00+00:00,3,-0.8744707773772901
2015-09-23 00:00:00+00:00,3,-0.8744811301701385
2015-09-24 00:00:00+00:00,3,-0.8743499089687743
2015-09-25 00:00:00+00:00,3,-0.8743309029123398
2015-09-26 00:00:00+00:00,3,-0.8743557502753705
2015-09-27 00:00:00+00:00,3,-0.8744046721023027
2015-09-28 00:00:00+00:00,3,-0.8742073460975185
2015-09-29 00:00:00+00:00,3,-0.8742832170638195
2015-09-30 00:00:00+00:00,3,-0.8743025942438748
2015-10-01 00:00:00+00:00,3,-0.8742565772727294
2015-10-02 00:00:00+00:00,3,-0.8742644887606413
2015-10-03 00:00:00+00:00,3,-0.8742200788915288
2015-10-04 00:00:00+00:00,2,-0.8742346347654857
2015-10-05 00:00:00+00:00,2,-0.8741689935129162
2015-10-06 00:00:00+00:00,2,-0.873993454869669
2015-10-07 00:00:00+00:00,3,-0.874089074139646
2015-10-08 00:00:00+00:00,3,-0.8741096255227709
2015-10-09 00:00:00+00:00,3,-0.8740593436951748
2015-10-10 00:00:00+00:00,3,-0.8740281301709228
2015-10-11 00:00:00+00:00,3,-0.8739629519976363
2015-10-12 00:00:00+00:00,3,-0.8740167880294639
2015-10-13 00:00:00+00:00,2,-0.8738869886041057
2015-10-14 00:00:00+00:00,2,-0.8738103140867884
2015-10-15 00:00:00+00:00,2,-0.8737382750779753
2015-10-16 00:00:00+00:00,3,-0.8734740718422097
2015-10-17 00:00:00+00:00,3,-0.8732339110037559
2015-10-18 00:00:00+00:00,3,-0.8735119604043942
2015-10-19 00:00:00+00:00,3,-0.8734565172705337
2015-10-20 00:00:00+00:00,3,-0.8732702858342721
2015-10-21 00:00:00+00:00,3,-0.8733689028588332
2015-10-22 00:00:00+00:00,3,-0.8731293607169366
2015-10-23 00:00:00+00:00,3,-0.8730529337725556
2015-10-24 00:00:00+00:00,3,-0.8728935279249782
2015-10-25 00:00:00+00:00,3,-0.8728309150788801
2015-10-26 00:00:00+00:00,3,-0.8727808497007655
2015-10-27 00:00:00+00:00,3,-0.8725185308487214
2015-10-28 00:00:00+00:00,3,-0.8721838329876982
2015-10-29 00:00:00+00:00,3,-0.8718983667734533
2015-10-30 00:00:00+00:00,3,-0.8714607568510985
2015-10-31 00:00:00+00:00,3,-0.8718887562278467
2015-11-01 00:00:00+00:00,3,-0.871540614920594
2015-11-02 00:00:00+00:00,3,-0.870435526669639
2015-11-03 00:00:00+00:00,3,-0.8691304853113692
2015-11-04 00:00:00+00:00,3,-0.8688787361732224
2015-11-05 00:00:00+00:00,3,-0.8696578109501951
2015-11-06 00:00:00+00:00,3,-0.8700250818645667
2015-11-07 00:00:00+00:00,3,-0.869653855442023
2015-11-08 00:00:00+00:00,3,-0.8700591384692634
2015-11-09 00:00:00+00:00,3,-0.8698462370615919
2015-11-10 00:00:00+00:00,3,-0.8711886727793083
2015-11-11 00:00:00+00:00,3,-0.8719840034310679
2015-11-12 00:00:00+00:00,3,-0.8711474766426938
2015-11-13 00:00:00+00:00,3,-0.8711907127803041
2015-11-14 00:00:00+00:00,3,-0.871309602491599
2015-11-15 00:00:00+00:00,3,-0.8717033283426014
2015-11-16 00:00:00+00:00,3,-0.8713762019693241
2015-11-17 00:00:00+00:00,3,-0.8712419834849433
2015-11-18 00:00:00+00:00,3,-0.8712575593593982
2015-11-19 00:00:00+00:00,3,-0.8715184257835488
2015-11-20 00:00:00+00:00,3,-0.8716459687584296
2015-11-21 00:00:00+00:00,3,-0.871494381499967
2015-11-22 00:00:00+00:00,3,-0.8715682742406144
2015-11-23 00:00:00+00:00,3,-0.8716143228067821
2015-11-24 00:00:00+00:00,3,-0.8717070367494048
2015-11-25 00:00:00+00:00,3,-0.871454854712295
2015-11-26 00:00:00+00:00,3,-0.8706983708478756
2015-11-27 00:00:00+00:00,3,-0.870532783693536
2015-11-28 00:00:00+00:00,3,-0.8705532110544091
2015-11-29 00:00:00+00:00,3,-0.8701232348667098
2015-11-30 00:00:00+00:00,3,-0.8699369723069934
2015-12-01 00:00:00+00:00,3,-0.8703953811854097
2015-12-02 00:00:00+00:00,3,-0.8704973972684954
2015-12-03 00:00:00+00:00,3,-0.870439946200229
2015-12-04 00:00:00+00:00,3,-0.8703739022290163
2015-12-05 00:00:00+00:00,3,-0.8695776133521012
2015-12-06 00:00:00+00:00,3,-0.8695827440064781
2015-12-07 00:00:00+00:00,3,-0.8693740442652126
2015-12-08 00:00:00+00:00,3,-0.868755117583059
2015-12-09 00:00:00+00:00,3,-0.8686933082879772
2015-12-10 00:00:00+00:00,3,-0.8687577130905673
2015-12-11 00:00:00+00:00,3,-0.8676309610287598
2015-12-12 00:00:00+00:00,3,-0.8681545160138728
2015-12-13 00:00:00+00:00,3,-0.86819289972193
2015-12-14 00:00:00+00:00,3,-0.8678706569016608
2015-12-15 00:00:00+00:00,3,-0.8672173633233968
2015-12-16 00:00:00+00:00,3,-0.8675383706368217
2015-12-17 00:00:00+00:00,3,-0.8675030153352359
2015-12-18 00:00:00+00:00,3,-0.8672700562756096
2015-12-19 00:00:00+00:00,3,-0.8673100470856996
2015-12-20 00:00:00+00:00,3,-0.8679169214457425
2015-12-21 00:00:00+00:00,3,-0.8680419613403445
2015-12-22 00:00:00+00:00,3,-0.8681058417598769
2015-12-23 00:00:00+00:00,3,-0.867925698260013
2015-12-24 00:00:00+00:00,3,-0.8675367946582437
2015-12-25 00:00:00+00:00,3,-0.8675161494331867
2015-12-26 00:00:00+00:00,3,-0.868702239776387
2015-12-27 00:00:00+00:00,3,-0.8685307495401091
2015-12-28 00:00:00+00:00,3,-0.8685475618645434
2015-12-29 00:00:00+00:00,3,-0.8682167582079177
2015-12-30 00:00:00+00:00,3,-0.8684134046839374
2015-12-31 00:00:00+00:00,3,-0.8682914243192615
2016-01-01 00:00:00+00:00,3,-0.8681750056216556
2016-01-02 00:00:00+00:00,3,-0.8682026970082659
2016-01-03 00:00:00+00:00,3,-0.8683086072957491
2016-01-04 00:00:00+00:00,3,-0.8682134204531676
2016-01-05 00:00:00+00:00,3,-0.8682483739792453
2016-01-06 00:00:00+00:00,3,-0.8683366061443681
2016-01-07 00:00:00+00:00,3,-0.8674421331418549
2016-01-08 00:00:00+00:00,3,-0.8675910315224445
2016-01-09 00:00:00+00:00,3,-0.8677646853104029
2016-01-10 00:00:00+00:00,3,-0.8677529413934357
2016-01-11 00:00:00+00:00,3,-0.8677394357002965
2016-01-12 00:00:00+00:00,3,-0.8681330993043893
2016-01-13 00:00:00+00:00,3,-0.8682356718371225
2016-01-14 00:00:00+00:00,3,-0.8682994900097452
2016-01-15 00:00:00+00:00,3,-0.8703384243198811
2016-01-16 00:00:00+00:00,3,-0.8696212814455396
2016-01-17 00:00:00+00:00,3,-0.869783129069621
2016-01-18 00:00:00+00:00,3,-0.8696326547104534
2016-01-19 00:00:00+00:00,3,-0.8698495748163418
2016-01-20 00:00:00+00:00,3,-0.8686108848912933
2016-01-21 00:00:00+00:00,3,-0.8689189429612265
2016-01-22 00:00:00+00:00,3,-0.8697771646839079
2016-01-23 00:00:00+00:00,3,-0.8696226725696583
2016-01-24 00:00:00+00:00,3,-0.8691442682861971
2016-01-25 00:00:00+00:00,3,-0.8694917908968925
2016-01-26 00:00:00+00:00,3,-0.8694785945520319
2016-01-27 00:00:00+00:00,3,-0.8693914752862042
2016-01-28 00:00:00+00:00,3,-0.8698452477129813
2016-01-29 00:00:00+00:00,3,-0.8698704350761779
2016-01-30 00:00:00+00:00,3,-0.8699081076604483
2016-01-31 00:00:00+00:00,3,-0.8702013311600333
2016-02-01 00:00:00+00:00,3,-0.87006878108146
2016-02-02 00:00:00+00:00,3,-0.8700257618648987
2016-02-03 00:00:00+00:00,3,-0.8701648016553777
2016-02-04 00:00:00+00:00,3,-0.869557680193966
2016-02-05 00:00:00+00:00,3,-0.8696517843175723
2016-02-06 00:00:00+00:00,3,-0.8699616654674522
2016-02-07 00:00:00+00:00,3,-0.8699586370609809
2016-02-08 00:00:00+00:00,3,-0.8700566976358944
2016-02-09 00:00:00+00:00,3,-0.8699769018133087
2016-02-10 00:00:00+00:00,3,-0.8698032178450306
2016-02-11 00:00:00+00:00,3,-0.869864872465973
2016-02-12 00:00:00+00:00,3,-0.8697224326738342
2016-02-13 00:00:00+00:00,3,-0.8694876505342611
2016-02-14 00:00:00+00:00,3,-0.8690126453093246
2016-02-15 00:00:00+00:00,3,-0.8692303689662294
2016-02-16 00:00:00+00:00,3,-0.8690046720460706
2016-02-17 00:00:00+00:00,3,-0.8687316608725796
2016-02-18 00:00:00+00:00,3,-0.8685446570087565
2016-02-19 00:00:00+00:00,3,-0.8685937330382605
2016-02-20 00:00:00+00:00,3,-0.8680875458840943
2016-02-21 00:00:00+00:00,3,-0.8680370476070167
2016-02-22 00:00:00+00:00,3,-0.8680694980528156
2016-02-23 00:00:00+00:00,3,-0.8685952477130637
2016-02-24 00:00:00+00:00,3,-0.8684648611861707
2016-02-25 00:00:00+00:00,3,-0.8684775623851585
2016-02-26 00:00:00+00:00,3,-0.8682424397738521
2016-02-27 00:00:00+00:00,3,-0.868231097632393
2016-02-28 00:00:00+00:00,3,-0.8682006570072701
2016-02-29 00:00:00+00:00,3,-0.8680710740313935
2016-03-01 00:00:00+00:00,3,-0.8681506227526103
2016-03-02 00:00:00+00:00,3,-0.8684947142381912
2016-03-03 00:00:00+00:00,3,-0.8685669696964861
2016-03-04 00:00:00+00:00,3,-0.8688980204544806
2016-03-05 00:00:00+00:00,3,-0.869218470375123
2016-03-06 00:00:00+00:00,3,-0.868997904109341
2016-03-07 00:00:00+00:00,3,-0.8687935003479812
2016-03-08 00:00:00+00:00,3,-0.8688042869829277
2016-03-09 00:00:00+00:00,3,-0.8687768436408212
2016-03-10 00:00:00+00:00,3,-0.8687066583638422
2016-03-11 00:00:00+00:00,3,-0.8685657643699615
2016-03-12 00:00:00+00:00,3,-0.8688768508463659
2016-03-13 00:00:00+00:00,3,-0.8688014123074606
2016-03-14 00:00:00+00:00,3,-0.8687280760164607
2016-03-15 00:00:00+00:00,3,-0.8687159614474402
2016-03-16 00:00:00+00:00,3,-0.8687103677137804
2016-03-17 00:00:00+00:00,3,-0.8685988014457277
2016-03-18 00:00:00+00:00,3,-0.8689410085475872
2016-03-19 00:00:00+00:00,3,-0.8689133181041118
2016-03-20 00:00:00+00:00,3,-0.8688109926727474
2016-03-21 00:00:00+00:00,3,-0.8688248378944851
2016-03-22 00:00:00+00:00,3,-0.8686770524131904
2016-03-23 00:00:00+00:00,3,-0.8686785359645387
2016-03-24 00:00:00+00:00,3,-0.8687294350739896
2016-03-25 00:00:00+00:00,3,-0.8687052370594035
2016-03-26 00:00:00+00:00,3,-0.8686815021241004
2016-03-27 00:00:00+00:00,2,-0.8684089229064376
2016-03-28 00:00:00+00:00,3,-0.8684872361208099
2016-03-29 00:00:00+00:00,3,-0.8687256653634116
2016-03-30 00:00:00+00:00,3,-0.86877820269835
2016-03-31 00:00:00+00:00,3,-0.8687190822811413
2016-04-01 00:00:00+00:00,3,-0.8686810390448175
2016-04-02 00:00:00+00:00,3,-0.8685910139800678
2016-04-03 00:00:00+00:00,2,-0.8685900557549121
2016-04-04 00:00:00+00:00,3,-0.8685733669811622
2016-04-05 00:00:00+00:00,3,-0.868493447607892
2016-04-06 00:00:00+00:00,3,-0.8685125159112361
2016-04-07 00:00:00+00:00,3,-0.8685331601931582
2016-04-08 00:00:00+00:00,3,-0.8686072076079449
2016-04-09 00:00:00+00:00,3,-0.8686361958051744
2016-04-10 00:00:00+00:00,3,-0.8685696585743589
2016-04-11 00:00:00+00:00,3,-0.8685412570070967
2016-04-12 00:00:00+00:00,3,-0.8684575981035684
2016-04-13 00:00:00+00:00,3,-0.8685025950742158
2016-04-14 00:00:00+00:00,2,-0.868485659199097
2016-04-15 00:00:00+00:00,2,-0.8683178160658477
2016-04-16 00:00:00+00:00,2,-0.8682912696451222
2016-04-17 00:00:00+00:00,3,-0.8683893302200357
2016-04-18 00:00:00+00:00,3,-0.8683524913671016
2016-04-19 00:00:00+00:00,2,-0.868138693038049
2016-04-20 00:00:00+00:00,2,-0.8679569735596072
2016-04-21 00:00:00+00:00,2,-0.8677086244231202
2016-04-22 00:00:00+00:00,2,-0.867822600401087
2016-04-23 00:00:00+00:00,2,-0.8676821383630344
2016-04-24 00:00:00+00:00,2,-0.8674264648401705
2016-04-25 00:00:00+00:00,2,-0.8673377375291749
2016-04-26 00:00:00+00:00,3,-0.8671936293312287
2016-04-27 00:00:00+00:00,3,-0.8678550499037511
2016-04-28 00:00:00+00:00,3,-0.8677214189924726
2016-04-29 00:00:00+00:00,3,-0.8675333333528094
2016-04-30 00:00:00+00:00,3,-0.8677428357019562
2016-05-01 00:00:00+00:00,3,-0.867632907659391
2016-05-02 00:00:00+00:00,3,-0.8678556063533985
2016-05-03 00:00:00+00:00,3,-0.8676814593058375
2016-05-04 00:00:00+00:00,3,-0.8677921597759641
2016-05-05 00:00:00+00:00,3,-0.8677534044727186
2016-05-06 00:00:00+00:00,3,-0.8673940766412813
2016-05-07 00:00:00+00:00,3,-0.8674270514701378
2016-05-08 00:00:00+00:00,3,-0.8674266808180845
2016-05-09 00:00:00+00:00,3,-0.8673668804005437
2016-05-10 00:00:00+00:00,3,-0.8676631945535097
2016-05-11 00:00:00+00:00,3,-0.8676065460931247
2016-05-12 00:00:00+00:00,3,-0.8675435625949733
2016-05-13 00:00:00+00:00,3,-0.8675156241069941
2016-05-14 00:00:00+00:00,3,-0.8675155939266742
2016-05-15 00:00:00+00:00,3,-0.8674569677122032
2016-05-16 00:00:00+00:00,3,-0.8675621979993544
2016-05-17 00:00:00+00:00,3,-0.8675739419163215
2016-05-18 00:00:00+00:00,3,-0.8675481056762478
2016-05-19 00:00:00+00:00,3,-0.8680396129342052
2016-05-20 00:00:00+00:00,3,-0.8679171996705662
2016-05-21 00:00:00+00:00,3,-0.8679013766947424
2016-05-22 00:00:00+00:00,3,-0.8680208228556847
2016-05-23 00:00:00+00:00,3,-0.867871491576132
2016-05-24 00:00:00+00:00,3,-0.8678150600367961
2016-05-25 00:00:00+00:00,3,-0.8677032466673744
2016-05-26 00:00:00+00:00,3,-0.867586272463256
2016-05-27 00:00:00+00:00,3,-0.8669657075556148
2016-05-28 00:00:00+00:00,3,-0.8652172465634161
2016-05-29 00:00:00+00:00,3,-0.8653349007678665
2016-05-30 00:00:00+00:00,3,-0.8650990660896382
2016-05-31 00:00:00+00:00,3,-0.8651756486512935
2016-06-01 00:00:00+00:00,3,-0.8650046224374334
2016-06-02 00:00:00+00:00,3,-0.8649721106878597
2016-06-03 00:00:00+00:00,3,-0.8640072062501336
2016-06-04 00:00:00+00:00,3,-0.8638980195116752
2016-06-05 00:00:00+00:00,3,-0.8638284840547082
2016-06-06 00:00:00+00:00,3,-0.8635021310521275
2016-06-07 00:00:00+00:00,3,-0.8637784186765937
2016-06-08 00:00:00+00:00,3,-0.863622410944406
2016-06-09 00:00:00+00:00,3,-0.86383920749961
2016-06-10 00:00:00+00:00,3,-0.8637514393569051
2016-06-11 00:00:00+00:00,3,-0.8628472614952857
2016-06-12 00:00:00+00:00,3,-0.8608057929814161
2016-06-13 00:00:00+00:00,3,-0.8598294539750015
2016-06-14 00:00:00+00:00,3,-0.8604109853545735
2016-06-15 00:00:00+00:00,3,-0.8601356257749432
2016-06-16 00:00:00+00:00,3,-0.8579154671322381
2016-06-17 00:00:00+00:00,3,-0.8584531766873674
2016-06-18 00:00:00+00:00,3,-0.8582270166879256
2016-06-19 00:00:00+00:00,3,-0.8579935624824265
2016-06-20 00:00:00+00:00,3,-0.858814235171522
2016-06-21 00:00:00+00:00,3,-0.860995300868653
2016-06-22 00:00:00+00:00,3,-0.8631751895333093
2016-06-23 00:00:00+00:00,3,-0.8623141563252056
2016-06-24 00:00:00+00:00,3,-0.8610371138155547
2016-06-25 00:00:00+00:00,3,-0.8610425538182103
2016-06-26 00:00:00+00:00,3,-0.8621475798222555
2016-06-27 00:00:00+00:00,3,-0.8613469015950701
2016-06-28 00:00:00+00:00,3,-0.861602608127659
2016-06-29 00:00:00+00:00,3,-0.8618223698992896
2016-06-30 00:00:00+00:00,3,-0.8607887033752931
2016-07-01 00:00:00+00:00,3,-0.8606972551198347
2016-07-02 00:00:00+00:00,3,-0.8598502821682478
2016-07-03 00:00:00+00:00,3,-0.8612421664537916
2016-07-04 00:00:00+00:00,3,-0.8604696125121796
2016-07-05 00:00:00+00:00,3,-0.860872453762916
2016-07-06 00:00:00+00:00,3,-0.8606652696395888
2016-07-07 00:00:00+00:00,3,-0.8618016020666831
2016-07-08 00:00:00+00:00,3,-0.8609992865571451
2016-07-09 00:00:00+00:00,3,-0.8614802552246598
2016-07-10 00:00:00+00:00,3,-0.8615297037924872
2016-07-11 00:00:00+00:00,3,-0.8615822722508805
2016-07-12 00:00:00+00:00,3,-0.8610602300543007
2016-07-13 00:00:00+00:00,3,-0.8613718418568979
2016-07-14 00:00:00+00:00,3,-0.8612602765319801
2016-07-15 00:00:00+00:00,3,-0.8611002831113004
2016-07-16 00:00:00+00:00,3,-0.8611771731349642
2016-07-17 00:00:00+00:00,3,-0.8605995048363348
2016-07-18 00:00:00+00:00,3,-0.860795841020941
2016-07-19 00:00:00+00:00,3,-0.8608033200814572
2016-07-20 00:00:00+00:00,3,-0.8610251850441285
2016-07-21 00:00:00+00:00,3,-0.8610459830570548
2016-07-22 00:00:00+00:00,3,-0.8614907938151023
2016-07-23 00:00:00+00:00,3,-0.8613382172080292
2016-07-24 00:00:00+00:00,3,-0.8611611662478162
2016-07-25 00:00:00+00:00,3,-0.8613833084921763
2016-07-26 00:00:00+00:00,3,-0.8614547905797744
2016-07-27 00:00:00+00:00,3,-0.8613754276561517
2016-07-28 00:00:00+00:00,3,-0.8613543202949467
2016-07-29 00:00:00+00:00,3,-0.861293838933939
2016-07-30 00:00:00+00:00,3,-0.8613539486997583
2016-07-31 00:00:00+00:00,3,-0.8622923982008536
2016-08-01 00:00:00+00:00,3,-0.8628613236380723
2016-08-02 00:00:00+00:00,3,-0.8646787315710005
2016-08-03 00:00:00+00:00,3,-0.8640949442125186
2016-08-04 00:00:00+00:00,3,-0.8637261274998891
2016-08-05 00:00:00+00:00,3,-0.8638264431105774
2016-08-06 00:00:00+00:00,3,-0.8634328728768492
2016-08-07 00:00:00+00:00,3,-0.8632810696404727
2016-08-08 00:00:00+00:00,3,-0.863331629221325
2016-08-09 00:00:00+00:00,3,-0.8634321617530625
2016-08-10 00:00:00+00:00,3,-0.863299209898981
2016-08-11 00:00:00+00:00,3,-0.8633913994585459
2016-08-12 00:00:00+00:00,3,-0.8634396408135788
2016-08-13 00:00:00+00:00,3,-0.8635005541304146
2016-08-14 00:00:00+00:00,3,-0.8639676775761916
2016-08-15 00:00:00+00:00,3,-0.8640675932976418
2016-08-16 00:00:00+00:00,3,-0.8637523956957908
2016-08-17 00:00:00+00:00,3,-0.8638829067165033
2016-08-18 00:00:00+00:00,3,-0.8638488501118066
2016-08-19 00:00:00+00:00,3,-0.8638083028520691
2016-08-20 00:00:00+00:00,3,-0.8636208038423732
2016-08-21 00:00:00+00:00,3,-0.863632826927299
2016-08-22 00:00:00+00:00,3,-0.8634645508950867
2016-08-23 00:00:00+00:00,3,-0.8635677110009222
2016-08-24 00:00:00+00:00,3,-0.8636676248361024
2016-08-25 00:00:00+00:00,3,-0.8637424456215856
2016-08-26 00:00:00+00:00,3,-0.8636840353850286
2016-08-27 00:00:00+00:00,3,-0.8639839334509785
2016-08-28 00:00:00+00:00,3,-0.8638613975797901
2016-08-29 00:00:00+00:00,3,-0.8638553709471672
2016-08-30 00:00:00+00:00,3,-0.8637504188848397
2016-08-31 00:00:00+00:00,3,-0.8638131864050771
2016-09-01 00:00:00+00:00,3,-0.8639111234293062
2016-09-02 00:00:00+00:00,3,-0.8638111775275361
2016-09-03 00:00:00+00:00,3,-0.863110415021801
2016-09-04 00:00:00+00:00,2,-0.862788326875671
2016-09-05 00:00:00+00:00,2,-0.8628514942851466
2016-09-06 00:00:00+00:00,2,-0.8627326366404416
2016-09-07 00:00:00+00:00,2,-0.8626056793523932
2016-09-08 00:00:00+00:00,3,-0.8622418706865911
2016-09-09 00:00:00+00:00,3,-0.8623486448857304
2016-09-10 00:00:00+00:00,3,-0.8623286202435005
2016-09-11 00:00:00+00:00,3,-0.8628475085966545
2016-09-12 00:00:00+00:00,3,-0.8628004103212366
2016-09-13 00:00:00+00:00,3,-0.8627695660343354
2016-09-14 00:00:00+00:00,3,-0.8627249708391962
2016-09-15 00:00:00+00:00,3,-0.8628340330838352
2016-09-16 00:00:00+00:00,3,-0.8628396579409499
2016-09-17 00:00:00+00:00,3,-0.8628702230598922
2016-09-18 00:00:00+00:00,3,-0.8627500035282535
2016-09-19 00:00:00+00:00,3,-0.8627699998764334
2016-09-20 00:00:00+00:00,3,-0.8627982769498761
2016-09-21 00:00:00+00:00,3,-0.8631432662999731
2016-09-22 00:00:00+00:00,3,-0.8631695665624647
2016-09-23 00:00:00+00:00,3,-0.8629673263527851
2016-09-24 00:00:00+00:00,3,-0.8629740320426049
2016-09-25 00:00:00+00:00,3,-0.8630296298506046
2016-09-26 00:00:00+00:00,3,-0.8628065897417287
2016-09-27 00:00:00+00:00,3,-0.8628645982027776
2016-09-28 00:00:00+00:00,3,-0.8629090387237776
2016-09-29 00:00:00+00:00,3,-0.8628792167952117
2016-09-30 00:00:00+00:00,3,-0.8627543004512941
2016-10-01 00:00:00+00:00,3,-0.8626230179461551
2016-10-02 00:00:00+00:00,3,-0.8627185424310652
2016-10-03 00:00:00+00:00,3,-0.8626801907895978
2016-10-04 00:00:00+00:00,3,-0.8627398063526793
2016-10-05 00:00:00+00:00,3,-0.8626685091195404
2016-10-06 00:00:00+00:00,3,-0.8626527474474913
2016-10-07 00:00:00+00:00,3,-0.8625260391470817
2016-10-08 00:00:00+00:00,2,-0.8624646316275082
2016-10-09 00:00:00+00:00,2,-0.8625374416491804
2016-10-10 00:00:00+00:00,3,-0.8624681532935823
2016-10-11 00:00:00+00:00,2,-0.861785840394634
2016-10-12 00:00:00+00:00,3,-0.8619366552255351
2016-10-13 00:00:00+00:00,3,-0.8619182980459777
2016-10-14 00:00:00+00:00,3,-0.8618072891707075
2016-10-15 00:00:00+00:00,3,-0.8618608158542566
2016-10-16 00:00:00+00:00,3,-0.8617685659340518
2016-10-17 00:00:00+00:00,3,-0.8618439111025926
2016-10-18 00:00:00+00:00,3,-0.8618820156426911
2016-10-19 00:00:00+00:00,3,-0.862111946295846
2016-10-20 00:00:00+00:00,3,-0.8621015321992228
2016-10-21 00:00:00+00:00,3,-0.862040618882387
2016-10-22 00:00:00+00:00,3,-0.861284505670021
2016-10-23 00:00:00+00:00,3,-0.86129139810057
2016-10-24 00:00:00+00:00,3,-0.8613936924084795
2016-10-25 00:00:00+00:00,3,-0.8612754195074719
2016-10-26 00:00:00+00:00,3,-0.8606351987233841
2016-10-27 00:00:00+00:00,3,-0.8603258749662867
2016-10-28 00:00:00+00:00,3,-0.8602845241555328
2016-10-29 00:00:00+00:00,3,-0.8595172234758471
2016-10-30 00:00:00+00:00,3,-0.859907085302772
2016-10-31 00:00:00+00:00,3,-0.8599346531386979
2016-11-01 00:00:00+00:00,3,-0.8590439489036278
2016-11-02 00:00:00+00:00,3,-0.8587028867676533
2016-11-03 00:00:00+00:00,3,-0.8603139141282705
2016-11-04 00:00:00+00:00,3,-0.8598647159062228
2016-11-05 00:00:00+00:00,3,-0.8598590589825182
2016-11-06 00:00:00+00:00,3,-0.8596086094843958
2016-11-07 00:00:00+00:00,3,-0.8598679301102883
2016-11-08 00:00:00+00:00,3,-0.8596603423251828
2016-11-09 00:00:00+00:00,3,-0.8592454478092006
2016-11-10 00:00:00+00:00,3,-0.859484619299044
2016-11-11 00:00:00+00:00,3,-0.859457515485536
2016-11-12 00:00:00+00:00,3,-0.8598084994016658
2016-11-13 00:00:00+00:00,3,-0.8599019244680752
2016-11-14 00:00:00+00:00,3,-0.8598095198737312
2016-11-15 00:00:00+00:00,3,-0.8596056103151093
2016-11-16 00:00:00+00:00,3,-0.8585987684366619
2016-11-17 00:00:00+00:00,3,-0.8586983125629238
2016-11-18 00:00:00+00:00,3,-0.8583704750658597
2016-11-19 00:00:00+00:00,3,-0.8583695168407041
2016-11-20 00:00:00+00:00,3,-0.8590058443635293
2016-11-21 00:00:00+00:00,3,-0.8587517468192433
2016-11-22 00:00:00+00:00,3,-0.8583778315188266
2016-11-23 00:00:00+00:00,3,-0.8585865303169571
2016-11-24 00:00:00+00:00,3,-0.8587195745982681
2016-11-25 00:00:00+00:00,3,-0.8586775447303173
2016-11-26 00:00:00+00:00,3,-0.8588712231605053
2016-11-27 00:00:00+00:00,3,-0.8589746624342998
2016-11-28 00:00:00+00:00,3,-0.8588579042080954
2016-11-29 00:00:00+00:00,3,-0.8588643627965463
2016-11-30 00:00:00+00:00,3,-0.8585526283863997
2016-12-01 00:00:00+00:00,3,-0.8582101119362616
2016-12-02 00:00:00+00:00,3,-0.857555861075977
2016-12-03 00:00:00+00:00,3,-0.8577656708871325
2016-12-04 00:00:00+00:00,3,-0.8576817035784605
2016-12-05 00:00:00+00:00,3,-0.8581505888004096
2016-12-06 00:00:00+00:00,3,-0.8579798719348282
2016-12-07 00:00:00+00:00,3,-0.8578590959535419
2016-12-08 00:00:00+00:00,3,-0.8577763339713945
2016-12-09 00:00:00+00:00,3,-0.8577150188790506
2016-12-10 00:00:00+00:00,3,-0.8576576592948788
2016-12-11 00:00:00+00:00,3,-0.8578096794523044
2016-12-12 00:00:00+00:00,3,-0.8574896322503052
2016-12-13 00:00:00+00:00,3,-0.8574751362654205
2016-12-14 00:00:00+00:00,3,-0.8574465498436992
2016-12-15 00:00:00+00:00,3,-0.857551409478797
2016-12-16 00:00:00+00:00,3,-0.8573406716228058
2016-12-17 00:00:00+00:00,3,-0.8571576543906098
2016-12-18 00:00:00+00:00,3,-0.8571668933410281
2016-12-19 00:00:00+00:00,3,-0.857099398828192
2016-12-20 00:00:00+00:00,3,-0.8568471554873076
2016-12-21 00:00:00+00:00,3,-0.8558147848307952
2016-12-22 00:00:00+00:00,3,-0.8548796419609951
2016-12-23 00:00:00+00:00,3,-0.8531043544369773
2016-12-24 00:00:00+00:00,3,-0.8538201674909748
2016-12-25 00:00:00+00:00,3,-0.8539017260328676
2016-12-26 00:00:00+00:00,3,-0.8535485785650575
2016-12-27 00:00:00+00:00,3,-0.8527577900514375
2016-12-28 00:00:00+00:00,3,-0.8514374501004016
2016-12-29 00:00:00+00:00,3,-0.8515123633131143
2016-12-30 00:00:00+00:00,3,-0.8518912244134487
2016-12-31 00:00:00+00:00,3,-0.8518138081204573
2017-01-01 00:00:00+00:00,3,-0.8507450626334286
2017-01-02 00:00:00+00:00,3,-0.8500211216420378
2017-01-03 00:00:00+00:00,3,-0.8493384390341712
2017-01-04 00:00:00+00:00,3,-0.8459114222156593
2017-01-05 00:00:00+00:00,3,-0.8502797933910532
2017-01-06 00:00:00+00:00,3,-0.8537157416979749
2017-01-07 00:00:00+00:00,3,-0.8535184454019431
2017-01-08 00:00:00+00:00,3,-0.8534376621170168
2017-01-09 00:00:00+00:00,3,-0.8536963640463522
2017-01-10 00:00:00+00:00,3,-0.853546445193697
2017-01-11 00:00:00+00:00,3,-0.857561638720961
2017-01-12 00:00:00+00:00,3,-0.8567248346508982
2017-01-13 00:00:00+00:00,3,-0.8561330098959826
2017-01-14 00:00:00+00:00,3,-0.8563052112560473
2017-01-15 00:00:00+00:00,3,-0.8562005685419984
2017-01-16 00:00:00+00:00,3,-0.8558996801843031
2017-01-17 00:00:00+00:00,3,-0.8535384417501231
2017-01-18 00:00:00+00:00,3,-0.8541973290620468
2017-01-19 00:00:00+00:00,3,-0.8538124111487697
2017-01-20 00:00:00+00:00,3,-0.8539374821668266
2017-01-21 00:00:00+00:00,3,-0.8531103810696002
2017-01-22 00:00:00+00:00,3,-0.8530212529262314
2017-01-23 00:00:00+00:00,3,-0.8531343932865921
2017-01-24 00:00:00+00:00,3,-0.8540097678054412
2017-01-25 00:00:00+00:00,3,-0.8537361077550732
2017-01-26 00:00:00+00:00,3,-0.8532402733937554
2017-01-27 00:00:00+00:00,3,-0.8531733956912065
2017-01-28 00:00:00+00:00,3,-0.8531165303097725
2017-01-29 00:00:00+00:00,3,-0.8531812463469112
2017-01-30 00:00:00+00:00,3,-0.8531538633654444
2017-01-31 00:00:00+00:00,3,-0.8516079821115239
2017-02-01 00:00:00+00:00,3,-0.8510325377252145
2017-02-02 00:00:00+00:00,3,-0.8503286232623234
2017-02-03 00:00:00+00:00,3,-0.849768938661793
2017-02-04 00:00:00+00:00,3,-0.8493674875920404
2017-02-05 00:00:00+00:00,3,-0.8498483657185955
2017-02-06 00:00:00+00:00,3,-0.8495142846678595
2017-02-07 00:00:00+00:00,3,-0.8487972983539273
2017-02-08 00:00:00+00:00,3,-0.8487441432655666
2017-02-09 00:00:00+00:00,3,-0.8508668892671002
2017-02-10 00:00:00+00:00,3,-0.8510433234170259
2017-02-11 00:00:00+00:00,3,-0.8505557716672408
2017-02-12 00:00:00+00:00,3,-0.8507186076967977
2017-02-13 00:00:00+00:00,3,-0.8509825025274197
2017-02-14 00:00:00+00:00,3,-0.8505526819569947
2017-02-15 00:00:00+00:00,3,-0.8504621315660523
2017-02-16 00:00:00+00:00,3,-0.8498452760083494
2017-02-17 00:00:00+00:00,3,-0.8492651951704009
2017-02-18 00:00:00+00:00,3,-0.8490114654487632
2017-02-19 00:00:00+00:00,3,-0.8492138923991718
2017-02-20 00:00:00+00:00,3,-0.8482215446193393
2017-02-21 00:00:00+00:00,3,-0.8471299903555733
2017-02-22 00:00:00+00:00,3,-0.8470638577296711
2017-02-23 00:00:00+00:00,3,-0.8455408757934474
2017-02-24 00:00:00+00:00,3,-0.8453257768812358
2017-02-25 00:00:00+00:00,3,-0.8462479742800841
2017-02-26 00:00:00+00:00,3,-0.845587851461316
2017-02-27 00:00:00+00:00,3,-0.8451313892135309
2017-02-28 00:00:00+00:00,3,-0.8451313892135309
2017-03-01 00:00:00+00:00,3,-0.843817013648208
2017-03-02 00:00:00+00:00,3,-0.8429359218450146
2017-03-03 00:00:00+00:00,3,-0.8421948290005911
2017-03-04 00:00:00+00:00,3,-0.8428079761514907
2017-03-05 00:00:00+00:00,3,-0.842438048425836
2017-03-06 00:00:00+00:00,3,-0.8422615840955905
2017-03-07 00:00:00+00:00,3,-0.8437848716075528
2017-03-08 00:00:00+00:00,3,-0.8460576005949212
2017-03-09 00:00:00+00:00,3,-0.8448680810128762
2017-03-10 00:00:00+00:00,3,-0.8470861081704909
2017-03-11 00:00:00+00:00,3,-0.8452593349070548
2017-03-12 00:00:00+00:00,3,-0.8438516267025523
2017-03-13 00:00:00+00:00,3,-0.8435258905102587
2017-03-14 00:00:00+00:00,3,-0.8432761823162429
2017-03-15 00:00:00+00:00,3,-0.8429791891060799
2017-03-16 00:00:00+00:00,3,-0.8448890940605817
2017-03-17 00:00:00+00:00,3,-0.8475957255066366
2017-03-18 00:00:00+00:00,3,-0.851502443419229
2017-03-19 00:00:00+00:00,3,-0.8495578612772033
2017-03-20 00:00:00+00:00,3,-0.8490173392935167
2017-03-21 00:00:00+00:00,3,-0.8469680503042624
2017-03-22 00:00:00+00:00,3,-0.8491746428931886
2017-03-23 00:00:00+00:00,3,-0.8495006884337607
2017-03-24 00:00:00+00:00,3,-0.8526242195007988
2017-03-25 00:00:00+00:00,3,-0.8515345533932944
2017-03-26 00:00:00+00:00,3,-0.8517216506274822
2017-03-27 00:00:00+00:00,3,-0.8492787914044997
2017-03-28 00:00:00+00:00,3,-0.8492361428399917
2017-03-29 00:00:00+00:00,3,-0.8494580398692527
2017-03-30 00:00:00+00:00,3,-0.8498764862316289
2017-03-31 00:00:00+00:00,3,-0.8484746518718799
2017-04-01 00:00:00+00:00,3,-0.8482054735990117
2017-04-02 00:00:00+00:00,3,-0.8475357685286866
2017-04-03 00:00:00+00:00,3,-0.84624889855238
2017-04-04 00:00:00+00:00,3,-0.8465752534412307
2017-04-05 00:00:00+00:00,3,-0.8468370149004923
2017-04-06 00:00:00+00:00,3,-0.845047635053368
2017-04-07 00:00:00+00:00,3,-0.8452262648215638
2017-04-08 00:00:00+00:00,3,-0.8452556265002515
2017-04-09 00:00:00+00:00,3,-0.84488724174345
2017-04-10 00:00:00+00:00,3,-0.844910110880827
2017-04-11 00:00:00+00:00,3,-0.8443575356318948
2017-04-12 00:00:00+00:00,3,-0.8445009336491891
2017-04-13 00:00:00+00:00,3,-0.8454617580849236
2017-04-14 00:00:00+00:00,3,-0.8455155318698415
2017-04-15 00:00:00+00:00,3,-0.8453616273286944
2017-04-16 00:00:00+00:00,3,-0.8450396033157441
2017-04-17 00:00:00+00:00,3,-0.8447005764650903
2017-04-18 00:00:00+00:00,3,-0.8441517096229614
2017-04-19 00:00:00+00:00,3,-0.8441943581874694
2017-04-20 00:00:00+00:00,3,-0.8436136624255036
2017-04-21 00:00:00+00:00,3,-0.8438309192305855
2017-04-22 00:00:00+00:00,3,-0.8435323830515695
2017-04-23 00:00:00+00:00,3,-0.8442895469163207
2017-04-24 00:00:00+00:00,3,-0.8429624993891951
2017-04-25 00:00:00+00:00,3,-0.8424884231522293
2017-04-26 00:00:00+00:00,3,-0.8420066207533783
2017-04-27 00:00:00+00:00,3,-0.8408739646664974
2017-04-28 00:00:00+00:00,3,-0.8409125954759236
2017-04-29 00:00:00+00:00,3,-0.8407484899866623
2017-04-30 00:00:00+00:00,3,-0.8399418794403536
2017-05-01 00:00:00+00:00,3,-0.8376638990773289
2017-05-02 00:00:00+00:00,3,-0.8366990568865125
2017-05-03 00:00:00+00:00,3,-0.8355472400690579
2017-05-04 00:00:00+00:00,3,-0.8340767945246377
2017-05-05 00:00:00+00:00,3,-0.8335273127584915
2017-05-06 00:00:00+00:00,3,-0.8328056862203801
2017-05-07 00:00:00+00:00,3,-0.8322521866991519
2017-05-08 00:00:00+00:00,3,-0.8283384216818713
2017-05-09 00:00:00+00:00,3,-0.8273491636122848
2017-05-10 00:00:00+00:00,3,-0.8263673223563051
2017-05-11 00:00:00+00:00,3,-0.8244685426222131
2017-05-12 00:00:00+00:00,3,-0.8283109160928551
2017-05-13 00:00:00+00:00,3,-0.8258178368176188
2017-05-14 00:00:00+00:00,3,-0.8256942182274553
2017-05-15 00:00:00+00:00,3,-0.8278723771825294
2017-05-16 00:00:00+00:00,3,-0.8279953808486756
2017-05-17 00:00:00+00:00,3,-0.8247615180772943
2017-05-18 00:00:00+00:00,3,-0.8232298819343495
2017-05-19 00:00:00+00:00,3,-0.8201684695106717
2017-05-20 00:00:00+00:00,3,-0.8171701000026501
2017-05-21 00:00:00+00:00,3,-0.8185153802155137
2017-05-22 00:00:00+00:00,3,-0.8144297873196268
2017-05-23 00:00:00+00:00,3,-0.8098861854345616
2017-05-24 00:00:00+00:00,3,-0.8060781156699852
2017-05-25 00:00:00+00:00,3,-0.8103633513817735
2017-05-26 00:00:00+00:00,3,-0.8135329338443843
2017-05-27 00:00:00+00:00,3,-0.8185873866861696
2017-05-28 00:00:00+00:00,3,-0.8149737045892981
2017-05-29 00:00:00+00:00,3,-0.8118891099074247
2017-05-30 00:00:00+00:00,3,-0.8143658125865948
2017-05-31 00:00:00+00:00,3,-0.8109372527992298
2017-06-01 00:00:00+00:00,3,-0.80718326616785
2017-06-02 00:00:00+00:00,3,-0.8046901831200736
2017-06-03 00:00:00+00:00,3,-0.8038619370569623
2017-06-04 00:00:00+00:00,3,-0.8039713407164697
2017-06-05 00:00:00+00:00,3,-0.7985630273968175
2017-06-06 00:00:00+00:00,3,-0.7931117599369186
2017-06-07 00:00:00+00:00,3,-0.7971615061578871
2017-06-08 00:00:00+00:00,3,-0.7948912444116675
2017-06-09 00:00:00+00:00,3,-0.7943290906837183
2017-06-10 00:00:00+00:00,3,-0.7905000078714365
2017-06-11 00:00:00+00:00,3,-0.7901785950099635
2017-06-12 00:00:00+00:00,3,-0.799403021149436
2017-06-13 00:00:00+00:00,3,-0.7976293992018206
2017-06-14 00:00:00+00:00,3,-0.8041394601882729
2017-06-15 00:00:00+00:00,3,-0.8054309666162186
2017-06-16 00:00:00+00:00,3,-0.8037627343455689
2017-06-17 00:00:00+00:00,3,-0.7995189135777142
2017-06-18 00:00:00+00:00,3,-0.8028439397777852
2017-06-19 00:00:00+00:00,3,-0.8015672669770527
2017-06-20 00:00:00+00:00,3,-0.7974819834294442
2017-06-21 00:00:00+00:00,3,-0.7984922545467361
2017-06-22 00:00:00+00:00,3,-0.7979882054796053
2017-06-23 00:00:00+00:00,3,-0.7967674719017409
2017-06-24 00:00:00+00:00,3,-0.8009763740395128
2017-06-25 00:00:00+00:00,3,-0.8015731445943463
2017-06-26 00:00:00+00:00,3,-0.8050023230782684
2017-06-27 00:00:00+00:00,3,-0.8027153791602439
2017-06-28 00:00:00+00:00,3,-0.8020249666179522
2017-06-29 00:00:00+00:00,3,-0.8031211535608173
2017-06-30 00:00:00+00:00,3,-0.8049284567454009
2017-07-01 00:00:00+00:00,3,-0.8063590340872806
2017-07-02 00:00:00+00:00,3,-0.8041363742505667
2017-07-03 00:00:00+00:00,3,-0.8023565728824593
2017-07-04 00:00:00+00:00,3,-0.8011951813585277
2017-07-05 00:00:00+00:00,3,-0.8011843617138564
2017-07-06 00:00:00+00:00,3,-0.8009813160668906
2017-07-07 00:00:00+00:00,3,-0.8037596484078627
2017-07-08 00:00:00+00:00,3,-0.8021315861429521
2017-07-09 00:00:00+00:00,3,-0.8037664465249121
2017-07-10 00:00:00+00:00,3,-0.8082748128865359
2017-07-11 00:00:00+00:00,3,-0.8093493680851384
2017-07-12 00:00:00+00:00,3,-0.8074626378437523
2017-07-13 00:00:00+00:00,3,-0.8087278798483363
2017-07-14 00:00:00+00:00,3,-0.8125773570117663
2017-07-15 00:00:00+00:00,3,-0.819823881936083
2017-07-16 00:00:00+00:00,3,-0.8219575400095175
2017-07-17 00:00:00+00:00,3,-0.8127297223566003
2017-07-18 00:00:00+00:00,3,-0.8099337797989874
2017-07-19 00:00:00+00:00,3,-0.8113383945207039
2017-07-20 00:00:00+00:00,3,-0.7945210073377343
2017-07-21 00:00:00+00:00,3,-0.799151762441487
2017-07-22 00:00:00+00:00,3,-0.7947521734977336
2017-07-23 00:00:00+00:00,3,-0.7972158986393622
2017-07-24 00:00:00+00:00,3,-0.7964599646226452
2017-07-25 00:00:00+00:00,3,-0.8019727395744273
2017-07-26 00:00:00+00:00,3,-0.803426186053684
2017-07-27 00:00:00+00:00,3,-0.7990275251547664
2017-07-28 00:00:00+00:00,3,-0.7947864809763392
2017-07-29 00:00:00+00:00,3,-0.7973379704881326
2017-07-30 00:00:00+00:00,3,-0.7963882712728081
2017-07-31 00:00:00+00:00,3,-0.7927365732905276
2017-08-01 00:00:00+00:00,3,-0.7975910777406731
2017-08-02 00:00:00+00:00,3,-0.7978256467317371
2017-08-03 00:00:00+00:00,3,-0.7949187537732236
2017-08-04 00:00:00+00:00,3,-0.7921014888196267
2017-08-05 00:00:00+00:00,3,-0.7810679109509789
2017-08-06 00:00:00+00:00,3,-0.782272264160237
2017-08-07 00:00:00+00:00,3,-0.7771729973159934
2017-08-08 00:00:00+00:00,3,-0.7759059067668178
2017-08-09 00:00:00+00:00,3,-0.7783000889063995
2017-08-10 00:00:00+00:00,3,-0.7771006777245191
2017-08-11 00:00:00+00:00,3,-0.7687768172396323
2017-08-12 00:00:00+00:00,3,-0.7615423531256412
2017-08-13 00:00:00+00:00,3,-0.7557152803227942
2017-08-14 00:00:00+00:00,3,-0.7479313306701169
2017-08-15 00:00:00+00:00,3,-0.7523568671438735
2017-08-16 00:00:00+00:00,3,-0.7463397413217621
2017-08-17 00:00:00+00:00,3,-0.7477285943714296
2017-08-18 00:00:00+00:00,3,-0.7530154469937886
2017-08-19 00:00:00+00:00,3,-0.751993118838711
2017-08-20 00:00:00+00:00,3,-0.7552702564162377
2017-08-21 00:00:00+00:00,3,-0.7579255813185236
2017-08-22 00:00:00+00:00,3,-0.7548728193290268
2017-08-23 00:00:00+00:00,3,-0.7532966823044425
2017-08-24 00:00:00+00:00,3,-0.7476361822320056
2017-08-25 00:00:00+00:00,3,-0.7464951850592222
2017-08-26 00:00:00+00:00,3,-0.7470885603280709
2017-08-27 00:00:00+00:00,3,-0.7461465872746316
2017-08-28 00:00:00+00:00,3,-0.7461533778466011
2017-08-29 00:00:00+00:00,3,-0.7400849454807206
2017-08-30 00:00:00+00:00,3,-0.7405089638846517
2017-08-31 00:00:00+00:00,3,-0.7362413308444242
2017-09-01 00:00:00+00:00,3,-0.7304121076937868
2017-09-02 00:00:00+00:00,3,-0.7400926716426057
2017-09-03 00:00:00+00:00,3,-0.7399631829802287
2017-09-04 00:00:00+00:00,3,-0.7506762760322393
2017-09-05 00:00:00+00:00,3,-0.7463428348045481
2017-09-06 00:00:00+00:00,3,-0.7395255683421988
2017-09-07 00:00:00+00:00,3,-0.7394402787582628
2017-09-08 00:00:00+00:00,3,-0.7509099169784675
2017-09-09 00:00:00+00:00,3,-0.7509930486695333
2017-09-10 00:00:00+00:00,3,-0.7541799395455862
2017-09-11 00:00:00+00:00,3,-0.752995361990919
2017-09-12 00:00:00+00:00,3,-0.7539367163478011
2017-09-13 00:00:00+00:00,3,-0.7616078670549863
2017-09-14 00:00:00+00:00,3,-0.7840953290168697
2017-09-15 00:00:00+00:00,3,-0.7691816711404497
2017-09-16 00:00:00+00:00,3,-0.7695673605381533
2017-09-17 00:00:00+00:00,3,-0.7708703053073276
2017-09-18 00:00:00+00:00,3,-0.7559643735927928
2017-09-19 00:00:00+00:00,3,-0.7602981317138426
2017-09-20 00:00:00+00:00,3,-0.7608859387136764
2017-09-21 00:00:00+00:00,3,-0.7693819326529081
2017-09-22 00:00:00+00:00,3,-0.7693924429493009
2017-09-23 00:00:00+00:00,3,-0.7643951629509581
2017-09-24 00:00:00+00:00,3,-0.7677810704012751
2017-09-25 00:00:00+00:00,3,-0.7602641335835156
2017-09-26 00:00:00+00:00,3,-0.7613062373931843
2017-09-27 00:00:00+00:00,3,-0.7517777218958407
2017-09-28 00:00:00+00:00,3,-0.7525793866422317
2017-09-29 00:00:00+00:00,3,-0.7529397396614095
2017-09-30 00:00:00+00:00,3,-0.7475116431420863
2017-10-01 00:00:00+00:00,3,-0.7455019054620139
2017-10-02 00:00:00+00:00,3,-0.7453294702044702
2017-10-03 00:00:00+00:00,3,-0.7481677482057725
2017-10-04 00:00:00+00:00,3,-0.7508910693687124
2017-10-05 00:00:00+00:00,3,-0.7478299549756933
2017-10-06 00:00:00+00:00,3,-0.7465196009379923
2017-10-07 00:00:00+00:00,3,-0.7447864658894747
2017-10-08 00:00:00+00:00,3,-0.7391126864762976
2017-10-09 00:00:00+00:00,3,-0.7341203485053327
2017-10-10 00:00:00+00:00,3,-0.7338122225296798
2017-10-11 00:00:00+00:00,3,-0.7324372826074697
2017-10-12 00:00:00+00:00,3,-0.71326310670123
2017-10-13 00:00:00+00:00,3,-0.7070729118348578
2017-10-14 00:00:00+00:00,3,-0.7013685295773384
2017-10-15 00:00:00+00:00,3,-0.706115486457648
2017-10-16 00:00:00+00:00,3,-0.7046506091822428
2017-10-17 00:00:00+00:00,3,-0.708361641673376
2017-10-18 00:00:00+00:00,3,-0.7088196431174741
2017-10-19 00:00:00+00:00,3,-0.7051781460833079
2017-10-20 00:00:00+00:00,3,-0.6958161957712945
2017-10-21 00:00:00+00:00,3,-0.695193470141378
2017-10-22 00:00:00+00:00,3,-0.6959098453038329
2017-10-23 00:00:00+00:00,3,-0.6983235012948068
2017-10-24 00:00:00+00:00,3,-0.7107990797564029
2017-10-25 00:00:00+00:00,3,-0.7038715042249503
2017-10-26 00:00:00+00:00,3,-0.6991112529137404
2017-10-27 00:00:00+00:00,3,-0.7029412713159381
2017-10-28 00:00:00+00:00,3,-0.7038007313748689
2017-10-29 00:00:00+00:00,3,-0.6914153769795066
2017-10-30 00:00:00+00:00,3,-0.692136083017862
2017-10-31 00:00:00+00:00,3,-0.6816943261315899
2017-11-01 00:00:00+00:00,3,-0.6724566131062972
2017-11-02 00:00:00+00:00,3,-0.6628393976488731
2017-11-03 00:00:00+00:00,3,-0.658844670151017
2017-11-04 00:00:00+00:00,3,-0.6535231856116138
2017-11-05 00:00:00+00:00,3,-0.6526745451973543
2017-11-06 00:00:00+00:00,3,-0.6645620299460779
2017-11-07 00:00:00+00:00,3,-0.660803403090519
2017-11-08 00:00:00+00:00,3,-0.651058856863588
2017-11-09 00:00:00+00:00,3,-0.6608281207724876
2017-11-10 00:00:00+00:00,3,-0.6770666569655432
2017-11-11 00:00:00+00:00,3,-0.6851185550430543
2017-11-12 00:00:00+00:00,3,-0.6977131345058747
2017-11-13 00:00:00+00:00,3,-0.6788792115257833
2017-11-14 00:00:00+00:00,3,-0.6765224303475933
2017-11-15 00:00:00+00:00,3,-0.6555137587885724
2017-11-16 00:00:00+00:00,3,-0.6383261420767495
2017-11-17 00:00:00+00:00,3,-0.6433543191775531
2017-11-18 00:00:00+00:00,3,-0.6408461082444449
2017-11-19 00:00:00+00:00,3,-0.6332330471079183
2017-11-20 00:00:00+00:00,3,-0.6281600673222764
2017-11-21 00:00:00+00:00,3,-0.6321585069994757
2017-11-22 00:00:00+00:00,3,-0.6265248975920377
2017-11-23 00:00:00+00:00,3,-0.6331625911511954
2017-11-24 00:00:00+00:00,3,-0.6265205516259773
2017-11-25 00:00:00+00:00,3,-0.609917663521362
2017-11-26 00:00:00+00:00,3,-0.5932405921905207
2017-11-27 00:00:00+00:00,3,-0.5781653111561482
2017-11-28 00:00:00+00:00,3,-0.570734282618882
2017-11-29 00:00:00+00:00,3,-0.5759939276828836
2017-11-30 00:00:00+00:00,3,-0.5653321562648019
2017-12-01 00:00:00+00:00,3,-0.5424009077894764
2017-12-02 00:00:00+00:00,3,-0.5393413476829303
2017-12-03 00:00:00+00:00,3,-0.5316584341960781
2017-12-04 00:00:00+00:00,3,-0.5213362819174274
2017-12-05 00:00:00+00:00,3,-0.5133165258805716
2017-12-06 00:00:00+00:00,3,-0.43992417493657743
2017-12-07 00:00:00+00:00,1,-0.328414049823866
2017-12-08 00:00:00+00:00,1,-0.36952646623110164
2017-12-09 00:00:00+00:00,1,-0.41252101792602397
2017-12-10 00:00:00+00:00,1,-0.40395424359163085
2017-12-11 00:00:00+00:00,1,-0.35817208665245803
2017-12-12 00:00:00+00:00,1,-0.34338113441152557
2017-12-13 00:00:00+00:00,1,-0.3745083316310737
2017-12-14 00:00:00+00:00,1,-0.36969336339995024
2017-12-15 00:00:00+00:00,1,-0.33437242965336195
2017-12-16 00:00:00+00:00,1,-0.2790376582314341
2017-12-17 00:00:00+00:00,3,-0.2900582434723804
2017-12-18 00:00:00+00:00,3,-0.29088035538547935
2017-12-19 00:00:00+00:00,3,-0.33221532147139304
2017-12-20 00:00:00+00:00,3,-0.36782055383110146
2017-12-21 00:00:00+00:00,3,-0.3932148785711785
2017-12-22 00:00:00+00:00,3,-0.45413104744717936
2017-12-23 00:00:00+00:00,3,-0.4273243440981008
2017-12-24 00:00:00+00:00,3,-0.4512260105783376
2017-12-25 00:00:00+00:00,3,-0.44811082814228187
2017-12-26 00:00:00+00:00,3,-0.3840393068244861
2017-12-27 00:00:00+00:00,3,-0.39211468519085146
2017-12-28 00:00:00+00:00,3,-0.4301892109612034
2017-12-29 00:00:00+00:00,3,-0.42865324394235815
2017-12-30 00:00:00+00:00,3,-0.48131476335200074
2017-12-31 00:00:00+00:00,3,-0.44409938074722105
2018-01-01 00:00:00+00:00,3,-0.4595269868356873
2018-01-02 00:00:00+00:00,3,-0.4185814374169805
2018-01-03 00:00:00+00:00,3,-0.4118163979981561
2018-01-04 00:00:00+00:00,3,-0.3995101613113177
2018-01-05 00:00:00+00:00,3,-0.3429453909533272
2018-01-06 00:00:00+00:00,3,-0.3399321878180924
2018-01-07 00:00:00+00:00,3,-0.3723635370196094
2018-01-08 00:00:00+00:00,3,-0.41277136367929695
2018-01-09 00:00:00+00:00,3,-0.43053224047677907
2018-01-10 00:00:00+00:00,3,-0.4188533922792762
2018-01-11 00:00:00+00:00,3,-0.46729642729959003
2018-01-12 00:00:00+00:00,3,-0.44953244192916186
2018-01-13 00:00:00+00:00,3,-0.43780101961445567
2018-01-14 00:00:00+00:00,3,-0.4559791393340594
2018-01-15 00:00:00+00:00,3,-0.4545019032176698
2018-01-16 00:00:00+00:00,3,-0.5264880926985545
2018-01-17 00:00:00+00:00,3,-0.5358182178632711
2018-01-18 00:00:00+00:00,3,-0.526970193128064
2018-01-19 00:00:00+00:00,3,-0.5228753273288987
2018-01-20 00:00:00+00:00,3,-0.4829527096716668
2018-01-21 00:00:00+00:00,3,-0.5231009554002031
2018-01-22 00:00:00+00:00,3,-0.5437668690665269
2018-01-23 00:00:00+00:00,3,-0.5457138618616018
2018-01-24 00:00:00+00:00,3,-0.5305396799190346
2018-01-25 00:00:00+00:00,3,-0.5336301446731215
2018-01-26 00:00:00+00:00,3,-0.5363497536567181
2018-01-27 00:00:00+00:00,3,-0.5280271381100258
2018-01-28 00:00:00+00:00,3,-0.5173465039920291
2018-01-29 00:00:00+00:00,3,-0.5324866727141093
2018-01-30 00:00:00+00:00,3,-0.5692663118606908
2018-01-31 00:00:00+00:00,3,-0.5657184643590628
2018-02-01 00:00:00+00:00,3,-0.5981856376002586
2018-02-02 00:00:00+00:00,3,-0.6086867289953836
2018-02-03 00:00:00+00:00,3,-0.5980505806688665
2018-02-04 00:00:00+00:00,3,-0.6257998757679417
2018-02-05 00:00:00+00:00,3,-0.6666477767617282
2018-02-06 00:00:00+00:00,3,-0.6419633082350154
2018-02-07 00:00:00+00:00,3,-0.6460643609997528
2018-02-08 00:00:00+00:00,3,-0.6261528044284328
2018-02-09 00:00:00+00:00,3,-0.6115846433087374
2018-02-10 00:00:00+00:00,3,-0.6151411525621663
2018-02-11 00:00:00+00:00,3,-0.6303440812594041
2018-02-12 00:00:00+00:00,3,-0.605725436010315
2018-02-13 00:00:00+00:00,3,-0.6158702185491242
2018-02-14 00:00:00+00:00,3,-0.5881697552075891
2018-02-15 00:00:00+00:00,3,-0.5674089244352926
2018-02-16 00:00:00+00:00,3,-0.5653228607262838
2018-02-17 00:00:00+00:00,3,-0.5381638625034312
2018-02-18 00:00:00+00:00,3,-0.5554982913812331
2018-02-19 00:00:00+00:00,3,-0.5346840112624571
2018-02-20 00:00:00+00:00,3,-0.529170610069038
2018-02-21 00:00:00+00:00,3,-0.5512148891238766
2018-02-22 00:00:00+00:00,3,-0.5723969466205169
2018-02-23 00:00:00+00:00,3,-0.5632460925557933
2018-02-24 00:00:00+00:00,3,-0.5783284659653337
2018-02-25 00:00:00+00:00,3,-0.5829128565526952
2018-02-26 00:00:00+00:00,3,-0.5612187295689203
2018-02-27 00:00:00+00:00,3,-0.5501270696746939
2018-02-28 00:00:00+00:00,3,-0.5602544985295811
2018-03-01 00:00:00+00:00,3,-0.5431611500468538
2018-03-02 00:00:00+00:00,3,-0.5389766486976921
2018-03-03 00:00:00+00:00,3,-0.5265128103805231
2018-03-04 00:00:00+00:00,3,-0.5258051120600291
2018-03-05 00:00:00+00:00,3,-0.5239291939182343
2018-03-06 00:00:00+00:00,3,-0.5484489231689688
2018-03-07 00:00:00+00:00,3,-0.573615507215351
2018-03-08 00:00:00+00:00,3,-0.591248479817249
2018-03-09 00:00:00+00:00,3,-0.5930242596577345
2018-03-10 00:00:00+00:00,3,-0.6075973401695679
2018-03-11 00:00:00+00:00,3,-0.585573764814156
2018-03-12 00:00:00+00:00,3,-0.5971169524738696
2018-03-13 00:00:00+00:00,3,-0.5974343588978808
2018-03-14 00:00:00+00:00,3,-0.6260223952663
2018-03-15 00:00:00+00:00,3,-0.6250627818159
2018-03-16 00:00:00+00:00,3,-0.623904189516636
2018-03-17 00:00:00+00:00,3,-0.6369295628651969
2018-03-18 00:00:00+00:00,3,-0.6274480230357219
2018-03-19 00:00:00+00:00,3,-0.6148707368961837
2018-03-20 00:00:00+00:00,3,-0.6061303050012924
2018-03-21 00:00:00+00:00,3,-0.605641685622692
2018-03-22 00:00:00+00:00,3,-0.6118476647963533
2018-03-23 00:00:00+00:00,3,-0.6071764152484228
2018-03-24 00:00:00+00:00,3,-0.6137127482033169
2018-03-25 00:00:00+00:00,3,-0.6190388503316593
2018-03-26 00:00:00+00:00,3,-0.6278893196727752
2018-03-27 00:00:00+00:00,3,-0.6395206036861723
2018-03-28 00:00:00+00:00,3,-0.6357675450996282
2018-03-29 00:00:00+00:00,3,-0.6601445063472453
2018-03-30 00:00:00+00:00,3,-0.6686488526899994
2018-03-31 00:00:00+00:00,3,-0.6660834651409085
2018-04-01 00:00:00+00:00,3,-0.6700794300318791
2018-04-02 00:00:00+00:00,3,-0.6626756090529704
2018-04-03 00:00:00+00:00,3,-0.6511694979162099
2018-04-04 00:00:00+00:00,3,-0.6697824405942562
2018-04-05 00:00:00+00:00,3,-0.6710918590420413
2018-04-06 00:00:00+00:00,3,-0.6765048201309526
2018-04-07 00:00:00+00:00,3,-0.6680131495225413
2018-04-08 00:00:00+00:00,3,-0.6645385345670637
2018-04-09 00:00:00+00:00,3,-0.6723509216261331
2018-04-10 00:00:00+00:00,3,-0.6703721036837615
2018-04-11 00:00:00+00:00,3,-0.6662444771473838
2018-04-12 00:00:00+00:00,3,-0.6377834546551127
2018-04-13 00:00:00+00:00,3,-0.6375760856773263
2018-04-14 00:00:00+00:00,3,-0.634786005646847
2018-04-15 00:00:00+00:00,3,-0.6241897255228704
2018-04-16 00:00:00+00:00,3,-0.6325475916831641
2018-04-17 00:00:00+00:00,3,-0.6373866438095391
2018-04-18 00:00:00+00:00,3,-0.629310329853258
2018-04-19 00:00:00+00:00,3,-0.6252652314015487
2018-04-20 00:00:00+00:00,3,-0.6082206844960416
2018-04-21 00:00:00+00:00,3,-0.6066831782808834
2018-04-22 00:00:00+00:00,3,-0.6095610226815276
2018-04-23 00:00:00+00:00,3,-0.6055922502587546
2018-04-24 00:00:00+00:00,3,-0.5819001257393345
2018-04-25 00:00:00+00:00,3,-0.6082234610854691
2018-04-26 00:00:00+00:00,3,-0.5947561573131377
2018-04-27 00:00:00+00:00,3,-0.6038563386208096
2018-04-28 00:00:00+00:00,3,-0.5926864513374953
2018-04-29 00:00:00+00:00,3,-0.5905045952932378
2018-04-30 00:00:00+00:00,3,-0.596022010469199
2018-05-01 00:00:00+00:00,3,-0.5997781625385291
2018-05-02 00:00:00+00:00,3,-0.5961650953656749
2018-05-03 00:00:00+00:00,3,-0.5804673754144245
2018-05-04 00:00:00+00:00,3,-0.581799383831628
2018-05-05 00:00:00+00:00,3,-0.5769352820397657
2018-05-06 00:00:00+00:00,3,-0.5832197602253936
2018-05-07 00:00:00+00:00,3,-0.5919283820631481
2018-05-08 00:00:00+00:00,3,-0.5961990784058419
2018-05-09 00:00:00+00:00,3,-0.5934065537694535
2018-05-10 00:00:00+00:00,3,-0.6020981539068048
2018-05-11 00:00:00+00:00,3,-0.6207166648538659
2018-05-12 00:00:00+00:00,3,-0.6187573283079666
2018-05-13 00:00:00+00:00,3,-0.6119876411198831
2018-05-14 00:00:00+00:00,3,-0.6122086214219283
2018-05-15 00:00:00+00:00,3,-0.6185876545496904
2018-05-16 00:00:00+00:00,3,-0.6229622013730367
2018-05-17 00:00:00+00:00,3,-0.631445844016364
2018-05-18 00:00:00+00:00,3,-0.6266046339971187
2018-05-19 00:00:00+00:00,3,-0.6267217638185114
2018-05-20 00:00:00+00:00,3,-0.6184989545896098
2018-05-21 00:00:00+00:00,3,-0.6214120194235354
2018-05-22 00:00:00+00:00,3,-0.6330695754053741
2018-05-23 00:00:00+00:00,3,-0.6480261874220409
2018-05-24 00:00:00+00:00,3,-0.647113881623028
2018-05-25 00:00:00+00:00,3,-0.6504268507853133
2018-05-26 00:00:00+00:00,3,-0.6542670701356249
2018-05-27 00:00:00+00:00,3,-0.6538856965236619
2018-05-28 00:00:00+00:00,3,-0.6610626822184718
2018-05-29 00:00:00+00:00,3,-0.6506601899283428
2018-05-30 00:00:00+00:00,3,-0.6527020545589105
2018-05-31 00:00:00+00:00,3,-0.6499932652199852
2018-06-01 00:00:00+00:00,3,-0.6485320850337634
2018-06-02 00:00:00+00:00,3,-0.6453798109845946
2018-06-03 00:00:00+00:00,3,-0.6430063400895197
2018-06-04 00:00:00+00:00,3,-0.6493658918208096
2018-06-05 00:00:00+00:00,3,-0.6456792902986064
2018-06-06 00:00:00+00:00,3,-0.6450543916856596
2018-06-07 00:00:00+00:00,3,-0.644304637089435
2018-06-08 00:00:00+00:00,3,-0.6459524825540165
2018-06-09 00:00:00+00:00,3,-0.6488247586856457
2018-06-10 00:00:00+00:00,3,-0.6718783883580204
2018-06-11 00:00:00+00:00,3,-0.6681420194883612
2018-06-12 00:00:00+00:00,3,-0.6781724337050451
2018-06-13 00:00:00+00:00,3,-0.685356526865183
2018-06-14 00:00:00+00:00,3,-0.6752986032869429
2018-06-15 00:00:00+00:00,3,-0.6820596136330654
2018-06-16 00:00:00+00:00,3,-0.6791675543017652
2018-06-17 00:00:00+00:00,3,-0.6807402960403649
2018-06-18 00:00:00+00:00,3,-0.6734607123481768
2018-06-19 00:00:00+00:00,3,-0.6723753375049032
2018-06-20 00:00:00+00:00,3,-0.6721710620099027
2018-06-21 00:00:00+00:00,3,-0.6736176952819501
2018-06-22 00:00:00+00:00,3,-0.6935836518798252
2018-06-23 00:00:00+00:00,3,-0.6911486734928672
2018-06-24 00:00:00+00:00,3,-0.6908164485318029
2018-06-25 00:00:00+00:00,3,-0.6884692345150099
2018-06-26 00:00:00+00:00,3,-0.6932752241009738
2018-06-27 00:00:00+00:00,3,-0.6913140163752429
2018-06-28 00:00:00+00:00,3,-0.699154214599067
2018-06-29 00:00:00+00:00,3,-0.6894235814995935
2018-06-30 00:00:00+00:00,3,-0.6836845824151899
2018-07-01 00:00:00+00:00,3,-0.6842464343399405
2018-07-02 00:00:00+00:00,3,-0.6771890381625923
2018-07-03 00:00:00+00:00,3,-0.6798032725593832
2018-07-04 00:00:00+00:00,3,-0.6777029939197186
2018-07-05 00:00:00+00:00,3,-0.676417659367185
2018-07-06 00:00:00+00:00,3,-0.6753557799029255
2018-07-07 00:00:00+00:00,3,-0.6696869349720461
2018-07-08 00:00:00+00:00,3,-0.6722535750044113
2018-07-09 00:00:00+00:00,3,-0.673246537708261
2018-07-10 00:00:00+00:00,3,-0.6859730655295274
2018-07-11 00:00:00+00:00,3,-0.6839716877980574
2018-07-12 00:00:00+00:00,3,-0.6890987658070558
2018-07-13 00:00:00+00:00,3,-0.6888132147106613
2018-07-14 00:00:00+00:00,3,-0.687636665121078
2018-07-15 00:00:00+00:00,3,-0.6850555083548582
2018-07-16 00:00:00+00:00,3,-0.673246537708261
2018-07-17 00:00:00+00:00,3,-0.6553437832270976
2018-07-18 00:00:00+00:00,3,-0.6538065939052979
2018-07-19 00:00:00+00:00,3,-0.6508372729551456
2018-07-20 00:00:00+00:00,3,-0.6543211532688215
2018-07-21 00:00:00+00:00,3,-0.6523074016062071
2018-07-22 00:00:00+00:00,3,-0.6523321192881759
2018-07-23 00:00:00+00:00,3,-0.6432888127932881
2018-07-24 00:00:00+00:00,3,-0.6212488646143499
2018-07-25 00:00:00+00:00,3,-0.6287549666972782
2018-07-26 00:00:00+00:00,3,-0.6358571655594647
2018-07-27 00:00:00+00:00,3,-0.6292611962925192
2018-07-28 00:00:00+00:00,3,-0.6284224248428553
2018-07-29 00:00:00+00:00,3,-0.6276093368453957
2018-07-30 00:00:00+00:00,3,-0.6287830947553915
2018-07-31 00:00:00+00:00,3,-0.6411461911648539
2018-08-01 00:00:00+00:00,3,-0.6459527843572151
2018-08-02 00:00:00+00:00,3,-0.6477378446460589
2018-08-03 00:00:00+00:00,3,-0.6518407384103081
2018-08-04 00:00:00+00:00,3,-0.6642501917910818
2018-08-05 00:00:00+00:00,3,-0.663149062820839
2018-08-06 00:00:00+00:00,3,-0.6667550225283653
2018-08-07 00:00:00+00:00,3,-0.672895148244083
2018-08-08 00:00:00+00:00,3,-0.6867194248397673
2018-08-09 00:00:00+00:00,3,-0.6786091127531593
2018-08-10 00:00:00+00:00,3,-0.6904616637816401
2018-08-11 00:00:00+00:00,3,-0.6870306292080464
2018-08-12 00:00:00+00:00,3,-0.6861974411175573
2018-08-13 00:00:00+00:00,3,-0.6869737694854223
2018-08-14 00:00:00+00:00,3,-0.6899980940685271
2018-08-15 00:00:00+00:00,3,-0.6866353575587858
2018-08-16 00:00:00+00:00,3,-0.6858253479539524
2018-08-17 00:00:00+00:00,3,-0.6782258981416844
2018-08-18 00:00:00+00:00,3,-0.6830739138230592
2018-08-19 00:00:00+00:00,3,-0.6805301504731509
2018-08-20 00:00:00+00:00,3,-0.6866350557555871
2018-08-21 00:00:00+00:00,3,-0.6810651117329025
2018-08-22 00:00:00+00:00,3,-0.6845279714537931
2018-08-23 00:00:00+00:00,3,-0.6796397857666793
2018-08-24 00:00:00+00:00,3,-0.6739199511853894
2018-08-25 00:00:00+00:00,3,-0.672583943875804
2018-08-26 00:00:00+00:00,3,-0.6743124462452225
2018-08-27 00:00:00+00:00,3,-0.6688305683959014
2018-08-28 00:00:00+00:00,3,-0.6622899196552668
2018-08-29 00:00:00+00:00,3,-0.6638079444739527
2018-08-30 00:00:00+00:00,3,-0.6659382072614025
2018-08-31 00:00:00+00:00,3,-0.6641040134118199
2018-09-01 00:00:00+00:00,3,-0.6592930893435582
2018-09-02 00:00:00+00:00,3,-0.656837090363815
2018-09-03 00:00:00+00:00,3,-0.6572283480305335
2018-09-04 00:00:00+00:00,3,-0.6540884328223492
2018-09-05 00:00:00+00:00,3,-0.6716679258974478
2018-09-06 00:00:00+00:00,3,-0.6798162500969248
2018-09-07 00:00:00+00:00,3,-0.6817354317272448
2018-09-08 00:00:00+00:00,3,-0.689186228374022
2018-09-09 00:00:00+00:00,3,-0.6868720919878001
2018-09-10 00:00:00+00:00,3,-0.6859807916914126
2018-09-11 00:00:00+00:00,3,-0.68624348119551
2018-09-12 00:00:00+00:00,3,-0.6852978110528873
2018-09-13 00:00:00+00:00,3,-0.6801827749915148
2018-09-14 00:00:00+00:00,3,-0.6803249393882348
2018-09-15 00:00:00+00:00,3,-0.6793826494414369
2018-09-16 00:00:00+00:00,3,-0.6801867889740567
2018-09-17 00:00:00+00:00,3,-0.6874796670971448
2018-09-18 00:00:00+00:00,3,-0.6846951704258404
2018-09-19 00:00:00+00:00,3,-0.6838533205835503
2018-09-20 00:00:00+00:00,3,-0.6801098442485631
2018-09-21 00:00:00+00:00,3,-0.673456683275475
2018-09-22 00:00:00+00:00,3,-0.6738575231937505
2018-09-23 00:00:00+00:00,3,-0.6742082939613714
2018-09-24 00:00:00+00:00,3,-0.6777691190005408
2018-09-25 00:00:00+00:00,3,-0.6823720553944588
2018-09-26 00:00:00+00:00,3,-0.6808722594889708
2018-09-27 00:00:00+00:00,3,-0.6752553397984177
2018-09-28 00:00:00+00:00,3,-0.6762634530228392
2018-09-29 00:00:00+00:00,3,-0.6775666995952121
2018-09-30 00:00:00+00:00,3,-0.6768373468952156
2018-10-01 00:00:00+00:00,3,-0.6779480581170153
2018-10-02 00:00:00+00:00,3,-0.6789839825061916
2018-10-03 00:00:00+00:00,3,-0.6806376980429868
2018-10-04 00:00:00+00:00,3,-0.6783476606421763
2018-10-05 00:00:00+00:00,3,-0.6769325356240671
2018-10-06 00:00:00+00:00,3,-0.6779885450161129
2018-10-07 00:00:00+00:00,3,-0.6775360967508699
2018-10-08 00:00:00+00:00,3,-0.6760131223597262
2018-10-09 00:00:00+00:00,3,-0.6763094931007919
2018-10-10 00:00:00+00:00,3,-0.6780744683867662
2018-10-11 00:00:00+00:00,3,-0.6882510458925521
2018-10-12 00:00:00+00:00,3,-0.6876842594855037
2018-10-13 00:00:00+00:00,3,-0.6873316326282113
2018-10-14 00:00:00+00:00,3,-0.6871789654801785
2018-10-15 00:00:00+00:00,3,-0.6777342003704581
2018-10-16 00:00:00+00:00,3,-0.6777474948013582
2018-10-17 00:00:00+00:00,3,-0.679344637328568
2018-10-18 00:00:00+00:00,3,-0.681437506699706
2018-10-19 00:00:00+00:00,3,-0.681786723180854
2018-10-20 00:00:00+00:00,3,-0.6810518173020024
2018-10-21 00:00:00+00:00,3,-0.6812632002623308
2018-10-22 00:00:00+00:00,3,-0.68111454709684
2018-10-23 00:00:00+00:00,3,-0.6814674757573311
2018-10-24 00:00:00+00:00,3,-0.6808463044138876
2018-10-25 00:00:00+00:00,3,-0.6814504842372476
2018-10-26 00:00:00+00:00,3,-0.6814980786016734
2018-10-27 00:00:00+00:00,3,-0.6813240890576566
2018-10-28 00:00:00+00:00,3,-0.6811383442790528
2018-10-29 00:00:00+00:00,3,-0.6858902507318202
2018-10-30 00:00:00+00:00,3,-0.6858395628846085
2018-10-31 00:00:00+00:00,3,-0.6863544391414905
2018-11-01 00:00:00+00:00,3,-0.6844949089133819
2018-11-02 00:00:00+00:00,3,-0.6841654605417451
2018-11-03 00:00:00+00:00,3,-0.6850054542943635
2018-11-04 00:00:00+00:00,3,-0.6845458985637923
2018-11-05 00:00:00+00:00,3,-0.6832006108058487
2018-11-06 00:00:00+00:00,3,-0.6819227157021617
2018-11-07 00:00:00+00:00,3,-0.6797862659491398
2018-11-08 00:00:00+00:00,3,-0.6821479966997875
2018-11-09 00:00:00+00:00,3,-0.6842526062153528
2018-11-10 00:00:00+00:00,3,-0.6835232535153563
2018-11-11 00:00:00+00:00,3,-0.6834599050239614
2018-11-12 00:00:00+00:00,3,-0.6846960909255962
2018-11-13 00:00:00+00:00,3,-0.6850601410339573
2018-11-14 00:00:00+00:00,3,-0.7042562580327381
2018-11-15 00:00:00+00:00,3,-0.7070475754563318
2018-11-16 00:00:00+00:00,3,-0.7092875437064877
2018-11-17 00:00:00+00:00,3,-0.7099433318768154
2018-11-18 00:00:00+00:00,3,-0.7078044224277246
2018-11-19 00:00:00+00:00,3,-0.731046256574772
2018-11-20 00:00:00+00:00,3,-0.7440144683975102
2018-11-21 00:00:00+00:00,3,-0.7393695059081814
2018-11-22 00:00:00+00:00,3,-0.7466701101931548
2018-11-23 00:00:00+00:00,3,-0.7472520471207749
2018-11-24 00:00:00+00:00,3,-0.7616644249744117
2018-11-25 00:00:00+00:00,3,-0.7576712366728686
2018-11-26 00:00:00+00:00,3,-0.7648052682274319
2018-11-27 00:00:00+00:00,3,-0.7635199412199783
2018-11-28 00:00:00+00:00,3,-0.7500238831478964
2018-11-29 00:00:00+00:00,3,-0.7493616967497575
2018-11-30 00:00:00+00:00,3,-0.7574456765072841
2018-12-01 00:00:00+00:00,3,-0.7513449964696288
2018-12-02 00:00:00+00:00,3,-0.7536564769877028
2018-12-03 00:00:00+00:00,3,-0.7612512035799119
2018-12-04 00:00:00+00:00,3,-0.7593115370574842
2018-12-05 00:00:00+00:00,3,-0.7655820568451749
2018-12-06 00:00:00+00:00,3,-0.7727795349771724
2018-12-07 00:00:00+00:00,3,-0.7759059897626974
2018-12-08 00:00:00+00:00,3,-0.7741698442272734
2018-12-09 00:00:00+00:00,3,-0.76990130577745
2018-12-10 00:00:00+00:00,3,-0.773349595948926
2018-12-11 00:00:00+00:00,3,-0.7757622559893446
2018-12-12 00:00:00+00:00,3,-0.7738349784882209
2018-12-13 00:00:00+00:00,3,-0.7791899179121935
2018-12-14 00:00:00+00:00,3,-0.7813900934106085
2018-12-15 00:00:00+00:00,3,-0.7815669651751722
2018-12-16 00:00:00+00:00,3,-0.7810700990241691
2018-12-17 00:00:00+00:00,3,-0.7720142450612977
2018-12-18 00:00:00+00:00,3,-0.7673725420465143
2018-12-19 00:00:00+00:00,3,-0.7658306596849757
2018-12-20 00:00:00+00:00,3,-0.7538244908283863
2018-12-21 00:00:00+00:00,3,-0.7611766355546077
2018-12-22 00:00:00+00:00,3,-0.7575410463180547
2018-12-23 00:00:00+00:00,3,-0.7580108709024597
2018-12-24 00:00:00+00:00,3,-0.755550276969017
2018-12-25 00:00:00+00:00,3,-0.7636815492877708
2018-12-26 00:00:00+00:00,3,-0.7623895222493073
2018-12-27 00:00:00+00:00,3,-0.7686466042495785
2018-12-28 00:00:00+00:00,3,-0.7603306208281764
2018-12-29 00:00:00+00:00,3,-0.763529561196935
2018-12-30 00:00:00+00:00,3,-0.7621220416194315
2018-12-31 00:00:00+00:00,3,-0.7659311073345635
2019-01-01 00:00:00+00:00,3,-0.7628153137470305
2019-01-02 00:00:00+00:00,3,-0.7597282669141681
2019-01-03 00:00:00+00:00,3,-0.7630248104373674
2019-01-04 00:00:00+00:00,3,-0.7623765447117657
2019-01-05 00:00:00+00:00,3,-0.7627635620435435
2019-01-06 00:00:00+00:00,3,-0.7556110525881434
2019-01-07 00:00:00+00:00,3,-0.7571990655685943
2019-01-08 00:00:00+00:00,3,-0.7570260116144935
2019-01-09 00:00:00+00:00,3,-0.7568885327124323
2019-01-10 00:00:00+00:00,3,-0.7679020783937703
2019-01-11 00:00:00+00:00,3,-0.7676412147990247
2019-01-12 00:00:00+00:00,3,-0.7684467275361984
2019-01-13 00:00:00+00:00,3,-0.7717951812095639
2019-01-14 00:00:00+00:00,3,-0.7670637068333446
2019-01-15 00:00:00+00:00,3,-0.7693932050023774
2019-01-16 00:00:00+00:00,3,-0.7686412472428027
2019-01-17 00:00:00+00:00,3,-0.7679132224768802
2019-01-18 00:00:00+00:00,3,-0.7685537092250367
2019-01-19 00:00:00+00:00,3,-0.7663678542883973
2019-01-20 00:00:00+00:00,3,-0.7703098869477706
2019-01-21 00:00:00+00:00,3,-0.7710819221651349
2019-01-22 00:00:00+00:00,3,-0.7701997589605863
2019-01-23 00:00:00+00:00,3,-0.7708009811125998
2019-01-24 00:00:00+00:00,3,-0.77031446681131
2019-01-25 00:00:00+00:00,3,-0.770348449851477
2019-01-26 00:00:00+00:00,3,-0.7702651748038919
2019-01-27 00:00:00+00:00,3,-0.7708367447916388
2019-01-28 00:00:00+00:00,3,-0.7743448976275653
2019-01-29 00:00:00+00:00,3,-0.775035106452698
2019-01-30 00:00:00+00:00,3,-0.773858730399954
2019-01-31 00:00:00+00:00,3,-0.7747360798434842
2019-02-01 00:00:00+00:00,3,-0.7738042247422794
2019-02-02 00:00:00+00:00,3,-0.7727808025506068
2019-02-03 00:00:00+00:00,3,-0.7745438312059497
2019-02-04 00:00:00+00:00,3,-0.7746940084775936
2019-02-05 00:00:00+00:00,3,-0.7744713908931958
2019-02-06 00:00:00+00:00,3,-0.7760966539334391
2019-02-07 00:00:00+00:00,3,-0.77653847118101
2019-02-08 00:00:00+00:00,3,-0.7682773933065207
2019-02-09 00:00:00+00:00,3,-0.7681406915476962
2019-02-10 00:00:00+00:00,3,-0.7675539785844574
2019-02-11 00:00:00+00:00,3,-0.7688444815167678
2019-02-12 00:00:00+00:00,3,-0.768686932701997
2019-02-13 00:00:00+00:00,3,-0.7693500848703715
2019-02-14 00:00:00+00:00,3,-0.7698195171106181
2019-02-15 00:00:00+00:00,3,-0.769698063958405
2019-02-16 00:00:00+00:00,3,-0.769420638913134
2019-02-17 00:00:00+00:00,3,-0.7680593329504224
2019-02-18 00:00:00+00:00,3,-0.7605841732404349
2019-02-19 00:00:00+00:00,3,-0.7596143814771608
2019-02-20 00:00:00+00:00,3,-0.7579849007372166
2019-02-21 00:00:00+00:00,3,-0.759397317071618
2019-02-22 00:00:00+00:00,3,-0.7578085571282505
2019-02-23 00:00:00+00:00,3,-0.7535746128700713
2019-02-24 00:00:00+00:00,3,-0.7638380267011863
2019-02-25 00:00:00+00:00,3,-0.7616045849452011
2019-02-26 00:00:00+00:00,3,-0.7624803725571784
2019-02-27 00:00:00+00:00,3,-0.7625826838415177
2019-02-28 00:00:00+00:00,3,-0.7624671611221578
2019-03-01 00:00:00+00:00,3,-0.7623188701205055
2019-03-02 00:00:00+00:00,3,-0.7621695605330576
2019-03-03 00:00:00+00:00,3,-0.7627023337196192
2019-03-04 00:00:00+00:00,3,-0.765348347993227
2019-03-05 00:00:00+00:00,3,-0.7611818492048642
2019-03-06 00:00:00+00:00,3,-0.7609479743611571
2019-03-07 00:00:00+00:00,3,-0.7607148992959264
2019-03-08 00:00:00+00:00,3,-0.761034848411886
2019-03-09 00:00:00+00:00,3,-0.7591131316346974
2019-03-10 00:00:00+00:00,3,-0.7594751445714676
2019-03-11 00:00:00+00:00,3,-0.7609082721503758
2019-03-12 00:00:00+00:00,3,-0.7607868491784825
2019-03-13 00:00:00+00:00,3,-0.7608622245273431
2019-03-14 00:00:00+00:00,3,-0.760316700155639
2019-03-15 00:00:00+00:00,3,-0.7591873827666431
2019-03-16 00:00:00+00:00,3,-0.7564735004987407
2019-03-17 00:00:00+00:00,3,-0.7571996616299116
2019-03-18 00:00:00+00:00,3,-0.7569747277059643
2019-03-19 00:00:00+00:00,3,-0.7557792475107462
2019-03-20 00:00:00+00:00,3,-0.7552759303163721
2019-03-21 00:00:00+00:00,3,-0.7570730174626817
2019-03-22 00:00:00+00:00,3,-0.7572386244228563
2019-03-23 00:00:00+00:00,3,-0.7568721523438261
2019-03-24 00:00:00+00:00,3,-0.7572942542974458
2019-03-25 00:00:00+00:00,3,-0.7591206465343435
2019-03-26 00:00:00+00:00,3,-0.7584404273950859
2019-03-27 00:00:00+00:00,3,-0.755288606050715
2019-03-28 00:00:00+00:00,3,-0.7558436221330164
2019-03-29 00:00:00+00:00,3,-0.7549391254917683
2019-03-30 00:00:00+00:00,3,-0.7546830605678811
2019-03-31 00:00:00+00:00,3,-0.7547218724592264
2019-04-01 00:00:00+00:00,3,-0.7530907619820095
2019-04-02 00:00:00+00:00,3,-0.7307870378074589
2019-04-03 00:00:00+00:00,3,-0.7279084539889781
2019-04-04 00:00:00+00:00,3,-0.7294605825691105
2019-04-05 00:00:00+00:00,3,-0.725941089477995
2019-04-06 00:00:00+00:00,3,-0.7252260724299339
2019-04-07 00:00:00+00:00,3,-0.720927866725684
2019-04-08 00:00:00+00:00,3,-0.7181194370607273
2019-04-09 00:00:00+00:00,3,-0.7207405374802873
2019-04-10 00:00:00+00:00,3,-0.7170445498786063
2019-04-11 00:00:00+00:00,3,-0.7250817350501837
2019-04-12 00:00:00+00:00,3,-0.7243075343948691
2019-04-13 00:00:00+00:00,3,-0.7240897381165695
2019-04-14 00:00:00+00:00,3,-0.7218913130767066
2019-04-15 00:00:00+00:00,3,-0.7250007461618283
2019-04-16 00:00:00+00:00,3,-0.7197948220671849
2019-04-17 00:00:00+00:00,3,-0.7192886528325836
2019-04-18 00:00:00+00:00,3,-0.7178532013690458
2019-04-19 00:00:00+00:00,3,-0.717685489331561
2019-04-20 00:00:00+00:00,3,-0.7166324527010216
2019-04-21 00:00:00+00:00,3,-0.7173542301407322
2019-04-22 00:00:00+00:00,3,-0.7147324657541352
2019-04-23 00:00:00+00:00,3,-0.7093860522705242
2019-04-24 00:00:00+00:00,3,-0.7127081660697284
2019-04-25 00:00:00+00:00,3,-0.7205687963701005
2019-04-26 00:00:00+00:00,3,-0.7184415516146372
2019-04-27 00:00:00+00:00,3,-0.7187832682862988
2019-04-28 00:00:00+00:00,3,-0.7182625823178429
2019-04-29 00:00:00+00:00,3,-0.7194303645245056
2019-04-30 00:00:00+00:00,3,-0.7162356267652881
2019-05-01 00:00:00+00:00,3,-0.7146294905027587
2019-05-02 00:00:00+00:00,3,-0.7114590931715116
2019-05-03 00:00:00+00:00,3,-0.7033309897863436
2019-05-04 00:00:00+00:00,3,-0.7013877695312518
2019-05-05 00:00:00+00:00,3,-0.7024836169455184
2019-05-06 00:00:00+00:00,3,-0.7039948964627147
2019-05-07 00:00:00+00:00,3,-0.70143925715694
2019-05-08 00:00:00+00:00,3,-0.6967122041975807
2019-05-09 00:00:00+00:00,3,-0.6907763087063836
2019-05-10 00:00:00+00:00,3,-0.6844618614631307
2019-05-11 00:00:00+00:00,3,-0.6589370219298012
2019-05-12 00:00:00+00:00,3,-0.6661192590002675
2019-05-13 00:00:00+00:00,3,-0.6400807504228505
2019-05-14 00:00:00+00:00,3,-0.6345333360089445
2019-05-15 00:00:00+00:00,3,-0.6280201211790664
2019-05-16 00:00:00+00:00,3,-0.6379176061769087
2019-05-17 00:00:00+00:00,3,-0.6546374430209976
2019-05-18 00:00:00+00:00,3,-0.6568838245891245
2019-05-19 00:00:00+00:00,3,-0.6282512420685858
2019-05-20 00:00:00+00:00,3,-0.6350311151146235
2019-05-21 00:00:00+00:00,3,-0.6354941114016591
2019-05-22 00:00:00+00:00,3,-0.644248199891289
2019-05-23 00:00:00+00:00,3,-0.6380122516600026
2019-05-24 00:00:00+00:00,3,-0.6347510417462844
2019-05-25 00:00:00+00:00,3,-0.6327369128296718
2019-05-26 00:00:00+00:00,3,-0.6135552672942658
2019-05-27 00:00:00+00:00,3,-0.6094584699546293
2019-05-28 00:00:00+00:00,3,-0.6121105957430096
2019-05-29 00:00:00+00:00,3,-0.6139795422309158
2019-05-30 00:00:00+00:00,3,-0.6244875750996096
2019-05-31 00:00:00+00:00,3,-0.6166059845670918
2019-06-01 00:00:00+00:00,3,-0.6169300306614729
2019-06-02 00:00:00+00:00,3,-0.6113999095708491
2019-06-03 00:00:00+00:00,3,-0.6279018445055188
2019-06-04 00:00:00+00:00,3,-0.6433919993069035
2019-06-05 00:00:00+00:00,3,-0.6397928301713467
2019-06-06 00:00:00+00:00,3,-0.6398610678745594
2019-06-07 00:00:00+00:00,3,-0.6330024694641563
2019-06-08 00:00:00+00:00,3,-0.6357784251049392
2019-06-09 00:00:00+00:00,3,-0.6440006307274435
2019-06-10 00:00:00+00:00,3,-0.6343505790820072
2019-06-11 00:00:00+00:00,3,-0.6365947273064643
2019-06-12 00:00:00+00:00,3,-0.6298530927256945
2019-06-13 00:00:00+00:00,3,-0.6272241454229698
2019-06-14 00:00:00+00:00,3,-0.6129181003812944
2019-06-15 00:00:00+00:00,3,-0.6084510810578844
2019-06-16 00:00:00+00:00,3,-0.6036264551244045
2019-06-17 00:00:00+00:00,3,-0.5935557350905419
2019-06-18 00:00:00+00:00,3,-0.600929270118467
2019-06-19 00:00:00+00:00,3,-0.5950030323296264
2019-06-20 00:00:00+00:00,3,-0.587164418572595
2019-06-21 00:00:00+00:00,3,-0.5680839978300134
2019-06-22 00:00:00+00:00,3,-0.5508659442656075
2019-06-23 00:00:00+00:00,3,-0.546116527689229
2019-06-24 00:00:00+00:00,3,-0.5413037022608159
2019-06-25 00:00:00+00:00,3,-0.5172038114397114
2019-06-26 00:00:00+00:00,3,-0.4793359001391494
2019-06-27 00:00:00+00:00,3,-0.5359972475207051
2019-06-28 00:00:00+00:00,3,-0.49815372191859325
2019-06-29 00:00:00+00:00,3,-0.5119977968041085
2019-06-30 00:00:00+00:00,3,-0.5472975741464721
2019-07-01 00:00:00+00:00,3,-0.5545298954577528
2019-07-02 00:00:00+00:00,3,-0.5477759020359987
2019-07-03 00:00:00+00:00,3,-0.5119391262622925
2019-07-04 00:00:00+00:00,3,-0.534988802312765
2019-07-05 00:00:00+00:00,3,-0.5423125096325944
2019-07-06 00:00:00+00:00,3,-0.5352016339284469
2019-07-07 00:00:00+00:00,3,-0.5277135645866374
2019-07-08 00:00:00+00:00,3,-0.5019047433335465
2019-07-09 00:00:00+00:00,3,-0.49300870170943567
2019-07-10 00:00:00+00:00,3,-0.5059052050921767
2019-07-11 00:00:00+00:00,3,-0.5305624962408518
2019-07-12 00:00:00+00:00,3,-0.5164290524484794
2019-07-13 00:00:00+00:00,3,-0.5295204905172228
2019-07-14 00:00:00+00:00,3,-0.5646380692685666
2019-07-15 00:00:00+00:00,3,-0.5448890337197151
2019-07-16 00:00:00+00:00,3,-0.5886947720519455
2019-07-17 00:00:00+00:00,3,-0.58201438843034
2019-07-18 00:00:00+00:00,3,-0.5519540655179889
2019-07-19 00:00:00+00:00,3,-0.556149371421662
2019-07-20 00:00:00+00:00,3,-0.5488432894086334
2019-07-21 00:00:00+00:00,3,-0.5540363265066948
2019-07-22 00:00:00+00:00,3,-0.5619478860968377
2019-07-23 00:00:00+00:00,3,-0.5756182128808951
2019-07-24 00:00:00+00:00,3,-0.5783638373002145
2019-07-25 00:00:00+00:00,3,-0.5752759680536358
2019-07-26 00:00:00+00:00,3,-0.5765596879590567
2019-07-27 00:00:00+00:00,3,-0.5886936553801105
2019-07-28 00:00:00+00:00,3,-0.5863701630947308
2019-07-29 00:00:00+00:00,3,-0.58741210845772
2019-07-30 00:00:00+00:00,3,-0.5846838980829622
2019-07-31 00:00:00+00:00,3,-0.5699051688715746
2019-08-01 00:00:00+00:00,3,-0.5601998419703071
2019-08-02 00:00:00+00:00,3,-0.5565374601547949
2019-08-03 00:00:00+00:00,3,-0.547156300069188
2019-08-04 00:00:00+00:00,3,-0.542568257663123
2019-08-05 00:00:00+00:00,3,-0.5167483904129617
2019-08-06 00:00:00+00:00,3,-0.5268691795974788
2019-08-07 00:00:00+00:00,3,-0.5125356101040872
2019-08-08 00:00:00+00:00,3,-0.5117803475994874
2019-08-09 00:00:00+00:00,3,-0.5149780732103715
2019-08-10 00:00:00+00:00,3,-0.5307058225798866
2019-08-11 00:00:00+00:00,3,-0.5254657947237967
2019-08-12 00:00:00+00:00,3,-0.5298222031749046
2019-08-13 00:00:00+00:00,3,-0.544866157037258
2019-08-14 00:00:00+00:00,3,-0.5709535728230148
2019-08-15 00:00:00+00:00,3,-0.5629232536742066
2019-08-16 00:00:00+00:00,3,-0.560982659106943
2019-08-17 00:00:00+00:00,3,-0.5653894988725437
2019-08-18 00:00:00+00:00,3,-0.5618643167911338
2019-08-19 00:00:00+00:00,3,-0.5442411527931917
2019-08-20 00:00:00+00:00,3,-0.5489640408684098
2019-08-21 00:00:00+00:00,3,-0.5682850893012681
2019-08-22 00:00:00+00:00,3,-0.568501240752135
2019-08-23 00:00:00+00:00,3,-0.5599434601530614
2019-08-24 00:00:00+00:00,3,-0.5676079334644766
2019-08-25 00:00:00+00:00,3,-0.5682706329280532
2019-08-26 00:00:00+00:00,3,-0.5610913987994135
2019-08-27 00:00:00+00:00,3,-0.5668186577393899
2019-08-28 00:00:00+00:00,3,-0.5801409450747741
2019-08-29 00:00:00+00:00,3,-0.5876885601876755
2019-08-30 00:00:00+00:00,3,-0.5849697660727152
2019-08-31 00:00:00+00:00,3,-0.5839656668308355
2019-09-01 00:00:00+00:00,3,-0.5800312999727077
2019-09-02 00:00:00+00:00,3,-0.561834951339906
2019-09-03 00:00:00+00:00,3,-0.5532811847233744
2019-09-04 00:00:00+00:00,3,-0.554178868157413
2019-09-05 00:00:00+00:00,3,-0.5547648190675751
2019-09-06 00:00:00+00:00,3,-0.5616327733771362
2019-09-07 00:00:00+00:00,3,-0.5565658900161069
2019-09-08 00:00:00+00:00,3,-0.558913979262176
2019-09-09 00:00:00+00:00,3,-0.5621991976203462
2019-09-10 00:00:00+00:00,3,-0.5689672852514769
2019-09-11 00:00:00+00:00,3,-0.5670389438940782
2019-09-12 00:00:00+00:00,3,-0.5598766409248822
2019-09-13 00:00:00+00:00,3,-0.5614088957643841
2019-09-14 00:00:00+00:00,3,-0.5614860970225966
2019-09-15 00:00:00+00:00,3,-0.5618055255280385
2019-09-16 00:00:00+00:00,3,-0.5639972505368915
2019-09-17 00:00:00+00:00,3,-0.5650950294916295
2019-09-18 00:00:00+00:00,3,-0.5664246838438834
2019-09-19 00:00:00+00:00,3,-0.5643180069764075
2019-09-20 00:00:00+00:00,3,-0.566937900183173
2019-09-21 00:00:00+00:00,3,-0.5719421292001644
2019-09-22 00:00:00+00:00,3,-0.570376012041775
2019-09-23 00:00:00+00:00,3,-0.5809166094756021
2019-09-24 00:00:00+00:00,3,-0.6151823788791008
2019-09-25 00:00:00+00:00,3,-0.6193104128497967
2019-09-26 00:00:00+00:00,3,-0.6306841078331533
2019-09-27 00:00:00+00:00,3,-0.6265775622502007
2019-09-28 00:00:00+00:00,3,-0.6267608473327355
2019-09-29 00:00:00+00:00,3,-0.6311409473349366
2019-09-30 00:00:00+00:00,3,-0.6252788729061272
2019-10-01 00:00:00+00:00,3,-0.6237519298029214
2019-10-02 00:00:00+00:00,3,-0.6222139407026452
2019-10-03 00:00:00+00:00,3,-0.626325798021894
2019-10-04 00:00:00+00:00,3,-0.6279962787263736
2019-10-05 00:00:00+00:00,3,-0.6296786957473596
2019-10-06 00:00:00+00:00,3,-0.6347268069494335
2019-10-07 00:00:00+00:00,3,-0.6267698712483749
2019-10-08 00:00:00+00:00,3,-0.627290300684112
2019-10-09 00:00:00+00:00,3,-0.6159496229706867
2019-10-10 00:00:00+00:00,3,-0.6162360040258774
2019-10-11 00:00:00+00:00,3,-0.6244169833314474
2019-10-12 00:00:00+00:00,3,-0.6239596307642263
2019-10-13 00:00:00+00:00,3,-0.6244401919974228
2019-10-14 00:00:00+00:00,3,-0.6227812099948115
2019-10-15 00:00:00+00:00,3,-0.6280139040331744
2019-10-16 00:00:00+00:00,3,-0.6328919642229738
2019-10-17 00:00:00+00:00,3,-0.6311494280048185
2019-10-18 00:00:00+00:00,3,-0.6351887771055937
2019-10-19 00:00:00+00:00,3,-0.6347142972068498
2019-10-20 00:00:00+00:00,3,-0.627497518760299
2019-10-21 00:00:00+00:00,3,-0.6268286625114702
2019-10-22 00:00:00+00:00,3,-0.6319439249252418
2019-10-23 00:00:00+00:00,3,-0.6493596595847577
2019-10-24 00:00:00+00:00,3,-0.6500143159930905
2019-10-25 00:00:00+00:00,3,-0.6139420582736446
2019-10-26 00:00:00+00:00,3,-0.5958853238005344
2019-10-27 00:00:00+00:00,3,-0.5864055646099313
2019-10-28 00:00:00+00:00,3,-0.5955399402200092
2019-10-29 00:00:00+00:00,3,-0.5902385859539554
2019-10-30 00:00:00+00:00,3,-0.597098210495234
2019-10-31 00:00:00+00:00,3,-0.5972880145268595
2019-11-01 00:00:00+00:00,3,-0.5953867750966988
2019-11-02 00:00:00+00:00,3,-0.5934208290607492
2019-11-03 00:00:00+00:00,3,-0.5961825697708761
2019-11-04 00:00:00+00:00,3,-0.590704479551698
2019-11-05 00:00:00+00:00,3,-0.5928704305673871
2019-11-06 00:00:00+00:00,3,-0.5923032518161805
2019-11-07 00:00:00+00:00,3,-0.5951872228217571
2019-11-08 00:00:00+00:00,3,-0.6094862056685844
2019-11-09 00:00:00+00:00,3,-0.609217299018595
2019-11-10 00:00:00+00:00,3,-0.6017400945919367
2019-11-11 00:00:00+00:00,3,-0.6109415912333923
2019-11-12 00:00:00+00:00,3,-0.6091530149372844
2019-11-13 00:00:00+00:00,3,-0.6093816912208949
2019-11-14 00:00:00+00:00,3,-0.6124773469899986
2019-11-15 00:00:00+00:00,3,-0.6191559197924122
2019-11-16 00:00:00+00:00,3,-0.6173396983233087
2019-11-17 00:00:00+00:00,3,-0.6164986331693351
2019-11-18 00:00:00+00:00,3,-0.6248023860161123
2019-11-19 00:00:00+00:00,3,-0.6279899106788823
2019-11-20 00:00:00+00:00,3,-0.6335180549585552
2019-11-21 00:00:00+00:00,3,-0.6454014502739371
2019-11-22 00:00:00+00:00,3,-0.6560997851495343
2019-11-23 00:00:00+00:00,3,-0.6529716402660969
2019-11-24 00:00:00+00:00,3,-0.6637845547260581
2019-11-25 00:00:00+00:00,3,-0.660749199236043
2019-11-26 00:00:00+00:00,3,-0.6585167307953733
2019-11-27 00:00:00+00:00,3,-0.6488345371092817
2019-11-28 00:00:00+00:00,3,-0.6509532861047033
2019-11-29 00:00:00+00:00,3,-0.6417394457124231
2019-11-30 00:00:00+00:00,3,-0.647661201723764
2019-12-01 00:00:00+00:00,3,-0.6521528029177032
2019-12-02 00:00:00+00:00,3,-0.6553144781365096
2019-12-03 00:00:00+00:00,3,-0.6553714284000932
2019-12-04 00:00:00+00:00,3,-0.657476369899177
2019-12-05 00:00:00+00:00,3,-0.6514106235817644
2019-12-06 00:00:00+00:00,3,-0.648360675907095
2019-12-07 00:00:00+00:00,3,-0.6480750795402207
2019-12-08 00:00:00+00:00,3,-0.6478245225247087
2019-12-09 00:00:00+00:00,3,-0.6528757573898885
2019-12-10 00:00:00+00:00,3,-0.6566702233752861
2019-12-11 00:00:00+00:00,3,-0.6585459000745221
2019-12-12 00:00:00+00:00,3,-0.6577514333344187
2019-12-13 00:00:00+00:00,3,-0.6569309058881126
2019-12-14 00:00:00+00:00,3,-0.6614124117650573
2019-12-15 00:00:00+00:00,3,-0.6605585803357811
2019-12-16 00:00:00+00:00,3,-0.6673520797962375
2019-12-17 00:00:00+00:00,3,-0.6763751654768163
2019-12-18 00:00:00+00:00,3,-0.6567109215366229
2019-12-19 00:00:00+00:00,3,-0.6589965827910531
2019-12-20 00:00:00+00:00,3,-0.6585029685695153
2019-12-21 00:00:00+00:00,3,-0.6593577204985472
2019-12-22 00:00:00+00:00,3,-0.6494549388545687
2019-12-23 00:00:00+00:00,3,-0.65427484156799
2019-12-24 00:00:00+00:00,3,-0.6552976676983453
2019-12-25 00:00:00+00:00,3,-0.6567618206460738
2019-12-26 00:00:00+00:00,3,-0.6578802278494388
2019-12-27 00:00:00+00:00,3,-0.6563003333750314
2019-12-28 00:00:00+00:00,3,-0.6554380363660334
2019-12-29 00:00:00+00:00,3,-0.652203475674755
2019-12-30 00:00:00+00:00,3,-0.6562105016529558
2019-12-31 00:00:00+00:00,3,-0.6592822998792068
2020-01-01 00:00:00+00:00,3,-0.6590790957855617
2020-01-02 00:00:00+00:00,3,-0.6657144503699298
2020-01-03 00:00:00+00:00,3,-0.6546068854471351
2020-01-04 00:00:00+00:00,3,-0.652574210723966
2020-01-05 00:00:00+00:00,3,-0.6525537937375779
2020-01-06 00:00:00+00:00,3,-0.6414929630400928
2020-01-07 00:00:00+00:00,3,-0.6293019095440159
2020-01-08 00:00:00+00:00,3,-0.6318926334716326
2020-01-09 00:00:00+00:00,3,-0.6380980241290566
2020-01-10 00:00:00+00:00,3,-0.6292134661166541
2020-01-11 00:00:00+00:00,3,-0.633200678714864
2020-01-12 00:00:00+00:00,3,-0.6284118013702631
2020-01-13 00:00:00+00:00,3,-0.6299044898104231
2020-01-14 00:00:00+00:00,3,-0.6087789902332083
2020-01-15 00:00:00+00:00,3,-0.6094203823909607
2020-01-16 00:00:00+00:00,3,-0.6119924096104217
2020-01-17 00:00:00+00:00,3,-0.6056491703420184
2020-01-18 00:00:00+00:00,3,-0.6052235976516143
2020-01-19 00:00:00+00:00,3,-0.6125345085158211
2020-01-20 00:00:00+00:00,3,-0.6140365528551391
2020-01-21 00:00:00+00:00,3,-0.6113091573490176
2020-01-22 00:00:00+00:00,3,-0.6133185328652516
2020-01-23 00:00:00+00:00,3,-0.6217975428294799
2020-01-24 00:00:00+00:00,3,-0.6205947665419347
2020-01-25 00:00:00+00:00,3,-0.62299256277482
2020-01-26 00:00:00+00:00,3,-0.6159159417337183
2020-01-27 00:00:00+00:00,3,-0.6062431190369445
2020-01-28 00:00:00+00:00,3,-0.5923740246662619
2020-01-29 00:00:00+00:00,3,-0.593670782469864
2020-01-30 00:00:00+00:00,3,-0.5877258630630275
2020-01-31 00:00:00+00:00,3,-0.5926231330264204
2020-02-01 00:00:00+00:00,3,-0.591314453996472
2020-02-02 00:00:00+00:00,3,-0.5928136312054029
2020-02-03 00:00:00+00:00,3,-0.5943849393788089
2020-02-04 00:00:00+00:00,3,-0.5978635230463486
2020-02-05 00:00:00+00:00,3,-0.584498470197717
2020-02-06 00:00:00+00:00,3,-0.5809018512991886
2020-02-07 00:00:00+00:00,3,-0.5788577684151108
2020-02-08 00:00:00+00:00,3,-0.5767199152772153
2020-02-09 00:00:00+00:00,3,-0.5689457063227741
2020-02-10 00:00:00+00:00,3,-0.5769828462238716
2020-02-11 00:00:00+00:00,3,-0.5661159995323132
2020-02-12 00:00:00+00:00,3,-0.5624748646619853
2020-02-13 00:00:00+00:00,3,-0.5659261351400479
2020-02-14 00:00:00+00:00,3,-0.562905628367406
2020-02-15 00:00:00+00:00,3,-0.575968757296117
2020-02-16 00:00:00+00:00,3,-0.574577776533899
2020-02-17 00:00:00+00:00,3,-0.5821275042691908
2020-02-18 00:00:00+00:00,3,-0.5681631306286972
2020-02-19 00:00:00+00:00,3,-0.5838815240990544
2020-02-20 00:00:00+00:00,3,-0.5846513938784684
2020-02-21 00:00:00+00:00,3,-0.5822418876814759
2020-02-22 00:00:00+00:00,3,-0.5829607225399998
2020-02-23 00:00:00+00:00,3,-0.5748842878624391
2020-02-24 00:00:00+00:00,3,-0.5833626942202701
2020-02-25 00:00:00+00:00,3,-0.5928958423967127
2020-02-26 00:00:00+00:00,3,-0.6090028074853205
2020-02-27 00:00:00+00:00,3,-0.610116250026068
2020-02-28 00:00:00+00:00,3,-0.6135787777634399
2020-02-29 00:00:00+00:00,3,-0.615833157116331
2020-03-01 00:00:00+00:00,3,-0.6169783191732555
2020-03-02 00:00:00+00:00,3,-0.6074839225275185
2020-03-03 00:00:00+00:00,3,-0.610014512167806
2020-03-04 00:00:00+00:00,3,-0.6110201506059987
2020-03-05 00:00:00+00:00,3,-0.6010219840610895
2020-03-06 00:00:00+00:00,3,-0.5996688796003011
2020-03-07 00:00:00+00:00,3,-0.6062389541528033
2020-03-08 00:00:00+00:00,3,-0.6310194715474835
2020-03-09 00:00:00+00:00,3,-0.636720503789498
2020-03-10 00:00:00+00:00,3,-0.6371505431672421
2020-03-11 00:00:00+00:00,3,-0.6370979841401986
2020-03-12 00:00:00+00:00,3,-0.7279774914706673
2020-03-13 00:00:00+00:00,3,-0.70965354044548
2020-03-14 00:00:00+00:00,3,-0.7208824604344485
2020-03-15 00:00:00+00:00,3,-0.7149503525733942
2020-03-16 00:00:00+00:00,3,-0.726627208869786
2020-03-17 00:00:00+00:00,3,-0.7201017106497233
2020-03-18 00:00:00+00:00,3,-0.7197058504842254
2020-03-19 00:00:00+00:00,3,-0.6902613117282221
2020-03-20 00:00:00+00:00,3,-0.6900268860936775
2020-03-21 00:00:00+00:00,3,-0.6904506479648898
2020-03-22 00:00:00+00:00,3,-0.7014159730401648
2020-03-23 00:00:00+00:00,3,-0.6833039934915434
2020-03-24 00:00:00+00:00,3,-0.6734612103234546
2020-03-25 00:00:00+00:00,3,-0.6751220484157378
2020-03-26 00:00:00+00:00,3,-0.6740287210581798
2020-03-27 00:00:00+00:00,3,-0.6816511079135444
2020-03-28 00:00:00+00:00,3,-0.6886851445233179
2020-03-29 00:00:00+00:00,3,-0.6985792945958152
2020-03-30 00:00:00+00:00,3,-0.6828859507909453
2020-03-31 00:00:00+00:00,3,-0.6826139053876901
2020-04-01 00:00:00+00:00,3,-0.6774178502576422
2020-04-02 00:00:00+00:00,3,-0.6716433742072384
2020-04-03 00:00:00+00:00,3,-0.6735049868774176
2020-04-04 00:00:00+00:00,3,-0.6693594332310405
2020-04-05 00:00:00+00:00,3,-0.6717204849244912
2020-04-06 00:00:00+00:00,3,-0.6568661087413643
2020-04-07 00:00:00+00:00,3,-0.659813382967856
2020-04-08 00:00:00+00:00,3,-0.6549402119898745
2020-04-09 00:00:00+00:00,3,-0.6559294474242211
2020-04-10 00:00:00+00:00,3,-0.6694222988373174
2020-04-11 00:00:00+00:00,3,-0.6696204024569056
2020-04-12 00:00:00+00:00,3,-0.6661588103094493
2020-04-13 00:00:00+00:00,3,-0.6700544709073515
2020-04-14 00:00:00+00:00,3,-0.6701351278121884
2020-04-15 00:00:00+00:00,3,-0.6763258810144781
2020-04-16 00:00:00+00:00,3,-0.6616556198726824
2020-04-17 00:00:00+00:00,3,-0.6622928622364536
2020-04-18 00:00:00+00:00,3,-0.6573023652650003
2020-04-19 00:00:00+00:00,3,-0.6594113056564661
2020-04-20 00:00:00+00:00,3,-0.6689134435542483
2020-04-21 00:00:00+00:00,3,-0.6689639804998607
2020-04-22 00:00:00+00:00,3,-0.6616431554005785
2020-04-23 00:00:00+00:00,3,-0.6519849248884589
2020-04-24 00:00:00+00:00,3,-0.6482400149882782
2020-04-25 00:00:00+00:00,3,-0.6476517401934866
2020-04-26 00:00:00+00:00,3,-0.6442543566765413
2020-04-27 00:00:00+00:00,3,-0.6406776416989634
2020-04-28 00:00:00+00:00,3,-0.6403235510961575
2020-04-29 00:00:00+00:00,3,-0.6096049652272497
2020-04-30 00:00:00+00:00,3,-0.6140083946167059
2020-05-01 00:00:00+00:00,3,-0.6076354579135563
2020-05-02 00:00:00+00:00,3,-0.6038085329941447
2020-05-03 00:00:00+00:00,3,-0.6066248095422662
2020-05-04 00:00:00+00:00,3,-0.6061555055683789
2020-05-05 00:00:00+00:00,3,-0.6033612304734385
2020-05-06 00:00:00+00:00,3,-0.5951501312086441
2020-05-07 00:00:00+00:00,3,-0.574049771837876
2020-05-08 00:00:00+00:00,3,-0.5774138211915314
2020-05-09 00:00:00+00:00,3,-0.58510195587372
2020-05-10 00:00:00+00:00,3,-0.6109835418780035
2020-05-11 00:00:00+00:00,3,-0.6157624748072091
2020-05-12 00:00:00+00:00,3,-0.6094986701406883
2020-05-13 00:00:00+00:00,3,-0.5951122549072146
2020-05-14 00:00:00+00:00,3,-0.580780707495254
2020-05-15 00:00:00+00:00,3,-0.5933132965810733
2020-05-16 00:00:00+00:00,3,-0.5918046427517052
2020-05-17 00:00:00+00:00,3,-0.5827271570445712
2020-05-18 00:00:00+00:00,3,-0.5810015670760197
2020-05-19 00:00:00+00:00,3,-0.5809254523093224
2020-05-20 00:00:00+00:00,3,-0.5872935601612936
2020-05-21 00:00:00+00:00,3,-0.6009293002987868
2020-05-22 00:00:00+00:00,3,-0.5978136349776132
2020-05-23 00:00:00+00:00,3,-0.5969881730490094
2020-05-24 00:00:00+00:00,3,-0.6099347154020852
2020-05-25 00:00:00+00:00,3,-0.6063322717018231
2020-05-26 00:00:00+00:00,3,-0.6085537545060622
2020-05-27 00:00:00+00:00,3,-0.5978618329484363
2020-05-28 00:00:00+00:00,3,-0.587207968774159
2020-05-29 00:00:00+00:00,3,-0.5898851442280266
2020-05-30 00:00:00+00:00,3,-0.5818100676648599
2020-05-31 00:00:00+00:00,3,-0.5892072640635584
2020-06-01 00:00:00+00:00,3,-0.5673820941309333
2020-06-02 00:00:00+00:00,3,-0.5870827204467228
2020-06-03 00:00:00+00:00,3,-0.5831604860771804
2020-06-04 00:00:00+00:00,3,-0.5787127217978438
2020-06-05 00:00:00+00:00,3,-0.5828880483297669
2020-06-06 00:00:00+00:00,3,-0.5832543770522777
2020-06-07 00:00:00+00:00,3,-0.5800040471438704
2020-06-08 00:00:00+00:00,3,-0.5796135138048285
2020-06-09 00:00:00+00:00,3,-0.5788652833147571
2020-06-10 00:00:00+00:00,3,-0.5765661465475075
2020-06-11 00:00:00+00:00,3,-0.5935115812825807
2020-06-12 00:00:00+00:00,3,-0.5885958107831111
2020-06-13 00:00:00+00:00,3,-0.5887678386063366
2020-06-14 00:00:00+00:00,3,-0.5915025679301851
2020-06-15 00:00:00+00:00,3,-0.5895273263557175
2020-06-16 00:00:00+00:00,3,-0.5868286625141066
2020-06-17 00:00:00+00:00,3,-0.5886140095159892
2020-06-18 00:00:00+00:00,3,-0.5907283220043907
2020-06-19 00:00:00+00:00,3,-0.5945550054812433
2020-06-20 00:00:00+00:00,3,-0.5931852414838898
2020-06-21 00:00:00+00:00,3,-0.5940725428878953
2020-06-22 00:00:00+00:00,3,-0.5834077232575073
2020-06-23 00:00:00+00:00,3,-0.5839967525602956
2020-06-24 00:00:00+00:00,3,-0.5937641000188839
2020-06-25 00:00:00+00:00,3,-0.5952721502418548
2020-06-26 00:00:00+00:00,3,-0.598421194996798
2020-06-27 00:00:00+00:00,3,-0.6020533361318064
2020-06-28 00:00:00+00:00,3,-0.5990187653301079
2020-06-29 00:00:00+00:00,3,-0.5975578265864449
2020-06-30 00:00:00+00:00,3,-0.5991914873006903
2020-07-01 00:00:00+00:00,3,-0.5963998077132582
2020-07-02 00:00:00+00:00,3,-0.5996421700172213
2020-07-03 00:00:00+00:00,3,-0.6007580269835578
2020-07-04 00:00:00+00:00,3,-0.5993616137637644
2020-07-05 00:00:00+00:00,3,-0.6011709541199389
2020-07-06 00:00:00+00:00,3,-0.5918522069358111
2020-07-07 00:00:00+00:00,3,-0.5956595750079506
2020-07-08 00:00:00+00:00,3,-0.5902186367625253
2020-07-09 00:00:00+00:00,3,-0.5948656213332849
2020-07-10 00:00:00+00:00,3,-0.5948396662582018
2020-07-11 00:00:00+00:00,3,-0.5960282879757307
2020-07-12 00:00:00+00:00,3,-0.5949109823540407
2020-07-13 00:00:00+00:00,3,-0.5959273046254653
2020-07-14 00:00:00+00:00,3,-0.5959396785566097
2020-07-15 00:00:00+00:00,3,-0.5974965605371206
2020-07-16 00:00:00+00:00,3,-0.5993696719091681
2020-07-17 00:00:00+00:00,3,-0.5987773831318345
2020-07-18 00:00:00+00:00,3,-0.5985410410469786
2020-07-19 00:00:00+00:00,3,-0.597713496676304
2020-07-20 00:00:00+00:00,3,-0.5983806024665808
2020-07-21 00:00:00+00:00,3,-0.5918703453080494
2020-07-22 00:00:00+00:00,3,-0.587219950361145
2020-07-23 00:00:00+00:00,3,-0.5854982838341759
2020-07-24 00:00:00+00:00,3,-0.5868636415048292
2020-07-25 00:00:00+00:00,3,-0.5825301700968181
2020-07-26 00:00:00+00:00,3,-0.5754822505399071
2020-07-27 00:00:00+00:00,3,-0.5419288875868014
2020-07-28 00:00:00+00:00,3,-0.5443409892913023
2020-07-29 00:00:00+00:00,3,-0.5385419011900493
2020-07-30 00:00:00+00:00,3,-0.5382097969502644
2020-07-31 00:00:00+00:00,3,-0.5316501949687551
2020-08-01 00:00:00+00:00,3,-0.5181718753796734
2020-08-02 00:00:00+00:00,3,-0.5399898925764905
2020-08-03 00:00:00+00:00,3,-0.5340335046481057
2020-08-04 00:00:00+00:00,3,-0.535283784759117
2020-08-05 00:00:00+00:00,3,-0.5185603564569644
2020-08-06 00:00:00+00:00,3,-0.5175481990696811
2020-08-07 00:00:00+00:00,3,-0.5230585218704741
2020-08-08 00:00:00+00:00,3,-0.5183432995965016
2020-08-09 00:00:00+00:00,3,-0.5207633387251268
2020-08-10 00:00:00+00:00,3,-0.5145091012200028
2020-08-11 00:00:00+00:00,3,-0.5289596798135076
2020-08-12 00:00:00+00:00,3,-0.5235696255873731
2020-08-13 00:00:00+00:00,3,-0.5174133232202083
2020-08-14 00:00:00+00:00,3,-0.5178851321606442
2020-08-15 00:00:00+00:00,3,-0.5148927232657957
2020-08-16 00:00:00+00:00,3,-0.514055038307647
2020-08-17 00:00:00+00:00,3,-0.5028799600093161
2020-08-18 00:00:00+00:00,3,-0.5110131035079014
2020-08-19 00:00:00+00:00,3,-0.5182123471886111
2020-08-20 00:00:00+00:00,3,-0.5145010430745991
2020-08-21 00:00:00+00:00,3,-0.5233361506329042
2020-08-22 00:00:00+00:00,3,-0.5205752549717335
2020-08-23 00:00:00+00:00,3,-0.5210999398325714
2020-08-24 00:00:00+00:00,3,-0.5177082151256006
2020-08-25 00:00:00+00:00,3,-0.5303315564332515
2020-08-26 00:00:00+00:00,3,-0.5265541272384172
2020-08-27 00:00:00+00:00,3,-0.5316523377714655
2020-08-28 00:00:00+00:00,3,-0.5248810510264292
2020-08-29 00:00:00+00:00,3,-0.5259823308982713
2020-08-30 00:00:00+00:00,3,-0.5196579845101029
2020-08-31 00:00:00+00:00,3,-0.5206063105208737
2020-09-01 00:00:00+00:00,3,-0.5116545258459738
2020-09-02 00:00:00+00:00,3,-0.5288512419242357
2020-09-03 00:00:00+00:00,3,-0.5649706563934694
2020-09-04 00:00:00+00:00,3,-0.5567340547583899
2020-09-05 00:00:00+00:00,3,-0.5673110496579732
2020-09-06 00:00:00+00:00,3,-0.5638873036316265
2020-09-07 00:00:00+00:00,3,-0.5611302408710785
2020-09-08 00:00:00+00:00,3,-0.5684869956411591
2020-09-09 00:00:00+00:00,3,-0.565061800959459
2020-09-10 00:00:00+00:00,3,-0.5613287971954647
2020-09-11 00:00:00+00:00,3,-0.5601613318821606
2020-09-12 00:00:00+00:00,3,-0.5588863340891804
2020-09-13 00:00:00+00:00,3,-0.5625459091349454
2020-09-14 00:00:00+00:00,3,-0.5515104148159862
2020-09-15 00:00:00+00:00,3,-0.5479219747841411
2020-09-16 00:00:00+00:00,3,-0.5424223659968997
2020-09-17 00:00:00+00:00,3,-0.5432232611451342
2020-09-18 00:00:00+00:00,3,-0.5433593743877214
2020-09-19 00:00:00+00:00,3,-0.5387310714349577
2020-09-20 00:00:00+00:00,3,-0.543554520335963
2020-09-21 00:00:00+00:00,3,-0.5582654947292555
2020-09-22 00:00:00+00:00,3,-0.5559105545505771
2020-09-23 00:00:00+00:00,3,-0.5649431621220732
2020-09-24 00:00:00+00:00,3,-0.5490618854654092
2020-09-25 00:00:00+00:00,3,-0.5511433014051589
2020-09-26 00:00:00+00:00,3,-0.5493506205855494
2020-09-27 00:00:00+00:00,3,-0.5485920382457644
2020-09-28 00:00:00+00:00,3,-0.5506199142980751
2020-09-29 00:00:00+00:00,3,-0.546448149043896
2020-09-30 00:00:00+00:00,3,-0.5483070454852875
2020-10-01 00:00:00+00:00,3,-0.5534075195423256
2020-10-02 00:00:00+00:00,3,-0.5547511775629965
2020-10-03 00:00:00+00:00,3,-0.5555746475904894
2020-10-04 00:00:00+00:00,3,-0.5518582430024203
2020-10-05 00:00:00+00:00,3,-0.5480335816069986
2020-10-06 00:00:00+00:00,3,-0.5538725077304723
2020-10-07 00:00:00+00:00,3,-0.5518772264236148
2020-10-08 00:00:00+00:00,3,-0.5442525307737806
2020-10-09 00:00:00+00:00,3,-0.5396547703047192
2020-10-10 00:00:00+00:00,3,-0.5324878799269039
2020-10-11 00:00:00+00:00,3,-0.5297738241221623
2020-10-12 00:00:00+00:00,3,-0.5244835158531789
2020-10-13 00:00:00+00:00,3,-0.5284845510378866
2020-10-14 00:00:00+00:00,3,-0.5283730649363084
2020-10-15 00:00:00+00:00,3,-0.5263382172301092
2020-10-16 00:00:00+00:00,3,-0.5316917230888881
2020-10-17 00:00:00+00:00,3,-0.5305798197444539
2020-10-18 00:00:00+00:00,3,-0.526708771197401
2020-10-19 00:00:00+00:00,3,-0.5187144269898708
2020-10-20 00:00:00+00:00,3,-0.5133278133202008
2020-10-21 00:00:00+00:00,3,-0.485286342544521
2020-10-22 00:00:00+00:00,3,-0.4808916352675056
2020-10-23 00:00:00+00:00,3,-0.48195328837936613
2020-10-24 00:00:00+00:00,3,-0.4764978937607258
2020-10-25 00:00:00+00:00,3,-0.4788741110649083
2020-10-26 00:00:00+00:00,3,-0.47751201286880035
2020-10-27 00:00:00+00:00,3,-0.45961912735223254
2020-10-28 00:00:00+00:00,3,-0.471453555098635
2020-10-29 00:00:00+00:00,3,-0.46630491325109374
2020-10-30 00:00:00+00:00,3,-0.46294744320716874
2020-10-31 00:00:00+00:00,3,-0.4557011484077909
2020-11-01 00:00:00+00:00,3,-0.4570574218021651
2020-11-02 00:00:00+00:00,3,-0.46282485074788066
2020-11-03 00:00:00+00:00,3,-0.4504688165332664
2020-11-04 00:00:00+00:00,3,-0.4448007110202237
2020-11-05 00:00:00+00:00,3,-0.4001082145297453
2020-11-06 00:00:00+00:00,3,-0.400539883644762
2020-11-07 00:00:00+00:00,3,-0.4231660090862612
2020-11-08 00:00:00+00:00,3,-0.4032073712159532
2020-11-09 00:00:00+00:00,3,-0.40775814092698603
2020-11-10 00:00:00+00:00,3,-0.4090379977514642
2020-11-11 00:00:00+00:00,3,-0.3963535714764084
2020-11-12 00:00:00+00:00,3,-0.37858327841912864
2020-11-13 00:00:00+00:00,3,-0.37730182203769763
2020-11-14 00:00:00+00:00,3,-0.3850177829748011
2020-11-15 00:00:00+00:00,3,-0.3884961251997819
2020-11-16 00:00:00+00:00,3,-0.3649924164172735
2020-11-17 00:00:00+00:00,3,-0.33627288439520625
2020-11-18 00:00:00+00:00,3,-0.3313714193673522
2020-11-19 00:00:00+00:00,3,-0.3309670634418126
2020-11-20 00:00:00+00:00,3,-0.30611278534538433
2020-11-21 00:00:00+00:00,3,-0.30546632289389464
2020-11-22 00:00:00+00:00,3,-0.3138795095804992
2020-11-23 00:00:00+00:00,3,-0.31406125546672103
2020-11-24 00:00:00+00:00,3,-0.2910884788712624
2020-11-25 00:00:00+00:00,3,-0.30268834517168086
2020-11-26 00:00:00+00:00,3,-0.3515639848969271
2020-11-27 00:00:00+00:00,3,-0.3528688008459329
2020-11-28 00:00:00+00:00,3,-0.3340475083297047
2020-11-29 00:00:00+00:00,3,-0.31982919747787425
2020-11-30 00:00:00+00:00,3,-0.27506840292354334
2020-12-01 00:00:00+00:00,3,-0.3004979179165819
2020-12-02 00:00:00+00:00,3,-0.2881949708846087
2020-12-03 00:00:00+00:00,3,-0.2806447602641991
2020-12-04 00:00:00+00:00,3,-0.30368827952941924
2020-12-05 00:00:00+00:00,3,-0.2896432037136089
2020-12-06 00:00:00+00:00,3,-0.2837437962291275
2020-12-07 00:00:00+00:00,3,-0.2884873578234524
2020-12-08 00:00:00+00:00,3,-0.3153894309833017
2020-12-09 00:00:00+00:00,3,-0.3081957103011272
2020-12-10 00:00:00+00:00,3,-0.3171247993754892
2020-12-11 00:00:00+00:00,3,-0.3234938729976962
2020-12-12 00:00:00+00:00,3,-0.30047757638099354
2020-12-13 00:00:00+00:00,3,-0.29000935135420053
2020-12-14 00:00:00+00:00,3,-0.28678717968422646
2020-12-15 00:00:00+00:00,3,-0.28152004990089863
2020-12-16 00:00:00+00:00,3,-0.22300143581522416
2020-12-17 00:00:00+00:00,3,-0.17681244816428285
2020-12-18 00:00:00+00:00,3,-0.16652741767906512
2020-12-19 00:00:00+00:00,3,-0.14390919948137032
2020-12-20 00:00:00+00:00,3,-0.15604042049331665
2020-12-21 00:00:00+00:00,3,-0.17687673224559344
2020-12-22 00:00:00+00:00,3,-0.14659180739281344
2020-12-23 00:00:00+00:00,3,-0.16333234793632903
2020-12-24 00:00:00+00:00,3,-0.1480468006134632
2020-12-25 00:00:00+00:00,3,-0.11934127225981292
2020-12-26 00:00:00+00:00,3,-0.06457063137678543
2020-12-27 00:00:00+00:00,3,-0.06966193061658486
2020-12-28 00:00:00+00:00,3,-0.044551481965149846
2020-12-29 00:00:00+00:00,3,-0.035971458470336344
2020-12-30 00:00:00+00:00,3,0.009721545803957848
2020-12-31 00:00:00+00:00,3,0.014690011141910262
2021-01-01 00:00:00+00:00,3,0.026199879728493865
2021-01-02 00:00:00+00:00,3,0.11128393568625307
2021-01-03 00:00:00+00:00,3,0.13151893474555693
2021-01-04 00:00:00+00:00,3,0.1064827900416274
2021-01-05 00:00:00+00:00,3,0.16892611328307316
2021-01-06 00:00:00+00:00,3,0.25644602285706636
2021-01-07 00:00:00+00:00,3,0.33515026099874695
2021-01-08 00:00:00+00:00,3,0.37923779297754884
2021-01-09 00:00:00+00:00,3,0.3624546378223851
2021-01-10 00:00:00+00:00,3,0.30379435731526844
2021-01-11 00:00:00+00:00,3,0.2175770303466111
2021-01-12 00:00:00+00:00,3,0.16677920604921834
2021-01-13 00:00:00+00:00,3,0.271650988725895
2021-01-14 00:00:00+00:00,3,0.32947261850462717
2021-01-15 00:00:00+00:00,3,0.2564770482258867
2021-01-16 00:00:00+00:00,3,0.2364747394327353
2021-01-17 00:00:00+00:00,3,0.22451886607919957
2021-01-18 00:00:00+00:00,3,0.2504415878594578
2021-01-19 00:00:00+00:00,3,0.23312665546828806
2021-01-20 00:00:00+00:00,3,0.2169927393540415
2021-01-21 00:00:00+00:00,3,0.07105942428942022
2021-01-22 00:00:00+00:00,3,0.13843348746898823
2021-01-23 00:00:00+00:00,3,0.1094412460766287
2021-01-24 00:00:00+00:00,3,0.11629392914433853
2021-01-25 00:00:00+00:00,3,0.11867400952946362
2021-01-26 00:00:00+00:00,3,0.12496177736995666
2021-01-27 00:00:00+00:00,3,0.058909189675959484
2021-01-28 00:00:00+00:00,3,0.1526600073678217
2021-01-29 00:00:00+00:00,3,0.17893789115224104
2021-01-30 00:00:00+00:00,3,0.1774895979626011
2021-01-31 00:00:00+00:00,3,0.14178965975915905
2021-02-01 00:00:00+00:00,3,0.1548566517688126
2021-02-02 00:00:00+00:00,3,0.21583502228405346
2021-02-03 00:00:00+00:00,3,0.2764637839739882
2021-02-04 00:00:00+00:00,3,0.2595891220889964
2021-02-05 00:00:00+00:00,3,0.29723846751310246
2021-02-06 00:00:00+00:00,3,0.33190430723671993
2021-02-07 00:00:00+00:00,3,0.3206991995201243
2021-02-08 00:00:00+00:00,3,0.5460875183633663
2021-02-09 00:00:00+00:00,3,0.5548842365548043
2021-02-10 00:00:00+00:00,3,0.5065826868740135
2021-02-11 00:00:00+00:00,3,0.5990230750773752
2021-02-12 00:00:00+00:00,3,0.5865227487534905
2021-02-13 00:00:00+00:00,3,0.5741814123546501
2021-02-14 00:00:00+00:00,3,0.6239927023563242
2021-02-15 00:00:00+00:00,3,0.6001271918992845
2021-02-16 00:00:00+00:00,3,0.6389067299416625
2021-02-17 00:00:00+00:00,3,0.7300487607844693
2021-02-18 00:00:00+00:00,3,0.7155479621387106
2021-02-19 00:00:00+00:00,3,0.8456051010207251
2021-02-20 00:00:00+00:00,3,0.8521379330585148
2021-02-21 00:00:00+00:00,3,0.8966537841368284
2021-02-22 00:00:00+00:00,3,0.7936601831259364
2021-02-23 00:00:00+00:00,3,0.6273037248879783
2021-02-24 00:00:00+00:00,3,0.6545278220607779
2021-02-25 00:00:00+00:00,3,0.5738209386141929
2021-02-26 00:00:00+00:00,3,0.5505160577789494
2021-02-27 00:00:00+00:00,3,0.545839919019201
2021-02-28 00:00:00+00:00,3,0.5133689128773825
2021-03-01 00:00:00+00:00,3,0.652238101553326
2021-03-02 00:00:00+00:00,3,0.6135376359489919
2021-03-03 00:00:00+00:00,3,0.6802686168728951
2021-03-04 00:00:00+00:00,3,0.6191678349802853
2021-03-05 00:00:00+00:00,3,0.6304831612250247
2021-03-06 00:00:00+00:00,3,0.6300220059375008
2021-03-07 00:00:00+00:00,3,0.7009268043773338
2021-03-08 00:00:00+00:00,3,0.733062446804822
2021-03-09 00:00:00+00:00,3,0.8127220731521215
2021-03-10 00:00:00+00:00,3,0.8493265759025312
2021-03-11 00:00:00+00:00,3,0.9048489481927345
2021-03-12 00:00:00+00:00,3,0.8902300841356674
2021-03-13 00:00:00+00:00,3,1.0110980399467306
2021-03-14 00:00:00+00:00,3,0.9511192416253899
2021-03-15 00:00:00+00:00,3,0.8461943415857524
2021-03-16 00:00:00+00:00,3,0.873937540260215
2021-03-17 00:00:00+00:00,3,0.9377863006370936
2021-03-18 00:00:00+00:00,3,0.9065116423746893
2021-03-19 00:00:00+00:00,3,0.9215847806063513
2021-03-20 00:00:00+00:00,3,0.9205646857949437
2021-03-21 00:00:00+00:00,3,0.8961431331247274
2021-03-22 00:00:00+00:00,3,0.8036060471765211
2021-03-23 00:00:00+00:00,3,0.8100898663748515
2021-03-24 00:00:00+00:00,3,0.7493721331019573
2021-03-25 00:00:00+00:00,3,0.7163009007586809
2021-03-26 00:00:00+00:00,3,0.8224012638963867
2021-03-27 00:00:00+00:00,3,0.8482437060258062
2021-03-28 00:00:00+00:00,3,0.8475401424091337
2021-03-29 00:00:00+00:00,3,0.9031516070035758
2021-03-30 00:00:00+00:00,3,0.9392325415649827
2021-03-31 00:00:00+00:00,3,0.939267792178584
2021-04-01 00:00:00+00:00,3,0.9447371904656413
2021-04-02 00:00:00+00:00,3,0.9536533020024617
2021-04-03 00:00:00+00:00,3,0.8986299914815318
2021-04-04 00:00:00+00:00,3,0.9343144773612034
2021-04-05 00:00:00+00:00,3,0.9435649868421184
2021-04-06 00:00:00+00:00,3,0.9168164107890981
2021-04-07 00:00:00+00:00,3,0.8505747132108323
2021-04-08 00:00:00+00:00,3,0.9208832692514295
2021-04-09 00:00:00+00:00,3,0.9184433714723337
2021-04-10 00:00:00+00:00,3,0.9662908884210885
2021-04-11 00:00:00+00:00,3,0.9790152734396445
2021-04-12 00:00:00+00:00,3,0.969388113566825
2021-04-13 00:00:00+00:00,3,1.0809540119106453
2021-04-14 00:00:00+00:00,3,1.0687849447775895
2021-04-15 00:00:00+00:00,3,1.0750992712995628
2021-04-16 00:00:00+00:00,3,1.0212873988179791
2021-04-17 00:00:00+00:00,3,0.9938141329243813
2021-04-18 00:00:00+00:00,3,0.8557433947907633
2021-04-19 00:00:00+00:00,3,0.8405408433475239
2021-04-20 00:00:00+00:00,3,0.8636811810788682
2021-04-21 00:00:00+00:00,3,0.7843507616606465
2021-04-22 00:00:00+00:00,3,0.7180968712331557
2021-04-23 00:00:00+00:00,3,0.6974333719924208
2021-04-24 00:00:00+00:00,3,0.6652064642776635
2021-04-25 00:00:00+00:00,3,0.6328612497090388
2021-04-26 00:00:00+00:00,3,0.7879253187453542
2021-04-27 00:00:00+00:00,3,0.8191811444881634
2021-04-28 00:00:00+00:00,3,0.8127401813440399
2021-04-29 00:00:00+00:00,3,0.7735038339801985
2021-04-30 00:00:00+00:00,3,0.903150882675899
2021-05-01 00:00:00+00:00,3,0.9055575821031443
2021-05-02 00:00:00+00:00,3,0.8685655640456791
2021-05-03 00:00:00+00:00,3,0.8861569481668042
2021-05-04 00:00:00+00:00,3,0.7666562815668655
2021-05-05 00:00:00+00:00,3,0.8930707765625588
2021-05-06 00:00:00+00:00,3,0.8613164926568737
2021-05-07 00:00:00+00:00,3,0.8909814533790048
2021-05-08 00:00:00+00:00,3,0.9357120676134716
2021-05-09 00:00:00+00:00,3,0.9180512687566589
2021-05-10 00:00:00+00:00,3,0.8447293888595474
2021-05-11 00:00:00+00:00,3,0.8708369349186535
2021-05-12 00:00:00+00:00,3,0.6373820201821266
2021-05-13 00:00:00+00:00,3,0.654863427217667
2021-05-14 00:00:00+00:00,3,0.6599424128869618
2021-05-15 00:00:00+00:00,3,0.5635091683655756
2021-05-16 00:00:00+00:00,3,0.554110171710929
2021-05-17 00:00:00+00:00,3,0.46391350920754637
2021-05-18 00:00:00+00:00,3,0.4445020103560552
2021-05-19 00:00:00+00:00,3,0.2619494645449304
2021-05-20 00:00:00+00:00,3,0.3787782070666579
2021-05-21 00:00:00+00:00,3,0.27129039426415835
2021-05-22 00:00:00+00:00,3,0.2784584616744484
2021-05-23 00:00:00+00:00,3,0.19297463719976887
2021-05-24 00:00:00+00:00,3,0.31459673884359707
2021-05-25 00:00:00+00:00,3,0.3052092107104989
2021-05-26 00:00:00+00:00,3,0.3327754319892782
2021-05-27 00:00:00+00:00,3,0.30628302649126465
2021-05-28 00:00:00+00:00,3,0.22162396979783214
2021-05-29 00:00:00+00:00,3,0.18819938626958663
2021-05-30 00:00:00+00:00,3,0.2210220534984619
2021-05-31 00:00:00+00:00,3,0.27216079468903986
2021-06-01 00:00:00+00:00,3,0.25213675606558633
2021-06-02 00:00:00+00:00,3,0.2796497392601253
2021-06-03 00:00:00+00:00,3,0.3301351368862846
2021-06-04 00:00:00+00:00,3,0.2586106761190013
2021-06-05 00:00:00+00:00,3,0.2171227561720162
2021-06-06 00:00:00+00:00,3,0.2267162348078672
2021-06-07 00:00:00+00:00,3,0.1555838767562587
2021-06-08 00:00:00+00:00,3,0.15286197406835247
2021-06-09 00:00:00+00:00,3,0.27253985950653337
2021-06-10 00:00:00+00:00,3,0.2526828991338476
2021-06-11 00:00:00+00:00,3,0.27220847959442523
2021-06-12 00:00:00+00:00,3,0.21714001931497848
2021-06-13 00:00:00+00:00,3,0.326707618319955
2021-06-14 00:00:00+00:00,3,0.36133989752788354
2021-06-15 00:00:00+00:00,3,0.3671435730377559
2021-06-16 00:00:00+00:00,3,0.30350450552329333
2021-06-17 00:00:00+00:00,3,0.2944321806508561
2021-06-18 00:00:00+00:00,3,0.22439428171880044
2021-06-19 00:00:00+00:00,3,0.21909799774648384
2021-06-20 00:00:00+00:00,3,0.22164533746429593
2021-06-21 00:00:00+00:00,3,0.09735909826478145
2021-06-22 00:00:00+00:00,3,0.12297802494528734
2021-06-23 00:00:00+00:00,3,0.1606003288027951
2021-06-24 00:00:00+00:00,3,0.189632468578015
2021-06-25 00:00:00+00:00,3,0.09615647287883555
2021-06-26 00:00:00+00:00,3,0.11310761169436305
2021-06-27 00:00:00+00:00,3,0.1892371063877949
2021-06-28 00:00:00+00:00,3,0.18258307018543077
2021-06-29 00:00:00+00:00,3,0.22688307161607613
2021-06-30 00:00:00+00:00,3,0.20132673891896846
2021-07-01 00:00:00+00:00,3,0.15593650361355121
2021-07-02 00:00:00+00:00,3,0.16597834108130377
2021-07-03 00:00:00+00:00,3,0.18982127665908502
2021-07-04 00:00:00+00:00,3,0.20895849676365097
2021-07-05 00:00:00+00:00,3,0.16131041136855837
2021-07-06 00:00:00+00:00,3,0.1764286993587372
2021-07-07 00:00:00+00:00,3,0.1646890378167081
2021-07-08 00:00:00+00:00,3,0.1344656204558112
2021-07-09 00:00:00+00:00,3,0.16291769448324253
2021-07-10 00:00:00+00:00,3,0.15434189623320999
2021-07-11 00:00:00+00:00,3,0.17658298115388263
2021-07-12 00:00:00+00:00,3,0.1430718404682668
2021-07-13 00:00:00+00:00,3,0.12904662330292704
2021-07-14 00:00:00+00:00,3,0.13276514051338661
2021-07-15 00:00:00+00:00,3,0.10057432846118677
2021-07-16 00:00:00+00:00,3,0.08947364465132104
2021-07-17 00:00:00+00:00,3,0.09292041826172398
2021-07-18 00:00:00+00:00,3,0.10107127760806954
2021-07-19 00:00:00+00:00,3,0.07081629163259479
2021-07-20 00:00:00+00:00,3,0.039587628177663425
2021-07-21 00:00:00+00:00,3,0.11077171529751904
2021-07-22 00:00:00+00:00,3,0.11702719019575746
2021-07-23 00:00:00+00:00,3,0.15622804550343872
2021-07-24 00:00:00+00:00,3,0.178197990430452
2021-07-25 00:00:00+00:00,3,0.21088713992424837
2021-07-26 00:00:00+00:00,3,0.2723054187818288
2021-07-27 00:00:00+00:00,3,0.3362596895569524
2021-07-28 00:00:00+00:00,3,0.3544614404670098
2021-07-29 00:00:00+00:00,3,0.35484823144638844
2021-07-30 00:00:00+00:00,3,0.42367674460084864
2021-07-31 00:00:00+00:00,3,0.4048449493333077
2021-08-01 00:00:00+00:00,3,0.3538120807048131
2021-08-02 00:00:00+00:00,3,0.3299243575323535
2021-08-03 00:00:00+00:00,3,0.29750646875349596
2021-08-04 00:00:00+00:00,3,0.34678465358509
2021-08-05 00:00:00+00:00,3,0.3814612375025791
2021-08-06 00:00:00+00:00,3,0.44163089616674067
2021-08-07 00:00:00+00:00,3,0.49538337377883185
2021-08-08 00:00:00+00:00,3,0.47196742936648833
2021-08-09 00:00:00+00:00,3,0.5513084722573021
2021-08-10 00:00:00+00:00,3,0.5271913786538751
2021-08-11 00:00:00+00:00,3,0.5274573276325177
2021-08-12 00:00:00+00:00,3,0.49144266905353257
2021-08-13 00:00:00+00:00,3,0.5954377737987959
2021-08-14 00:00:00+00:00,3,0.5739165498675225
2021-08-15 00:00:00+00:00,3,0.5723731283096709
2021-08-16 00:00:00+00:00,3,0.5401544296419166
2021-08-17 00:00:00+00:00,3,0.4996963829299751
2021-08-18 00:00:00+00:00,3,0.5029669638330112
2021-08-19 00:00:00+00:00,3,0.5621923406492638
2021-08-20 00:00:00+00:00,3,0.6432118922096411
2021-08-21 00:00:00+00:00,3,0.6298090536005395
2021-08-22 00:00:00+00:00,3,0.6426703365499992
2021-08-23 00:00:00+00:00,3,0.649608309201645
2021-08-24 00:00:00+00:00,3,0.5927427919562085
2021-08-25 00:00:00+00:00,3,0.631517984032526
2021-08-26 00:00:00+00:00,3,0.5691347799882497
2021-08-27 00:00:00+00:00,3,0.6345428971318682
2021-08-28 00:00:00+00:00,3,0.6297135630684894
2021-08-29 00:00:00+00:00,3,0.627470803138746
2021-08-30 00:00:00+00:00,3,0.5726197618836005
2021-08-31 00:00:00+00:00,3,0.5760719075909393
2021-09-01 00:00:00+00:00,3,0.6280022182109137
2021-09-02 00:00:00+00:00,3,0.6428579374182746
2021-09-03 00:00:00+00:00,3,0.6644186372079303
2021-09-04 00:00:00+00:00,3,0.661923086919005
2021-09-05 00:00:00+00:00,3,0.7178229546500688
2021-09-06 00:00:00+00:00,3,0.7450229075669771
2021-09-07 00:00:00+00:00,3,0.5650834945709682
2021-09-08 00:00:00+00:00,3,0.5428402366672653
2021-09-09 00:00:00+00:00,3,0.552112596699762
2021-09-10 00:00:00+00:00,3,0.505523478368062
2021-09-11 00:00:00+00:00,3,0.5153371526176417
2021-09-12 00:00:00+00:00,3,0.5419711641764577
2021-09-13 00:00:00+00:00,3,0.5079700158175279
2021-09-14 00:00:00+00:00,3,0.5737789276089421
2021-09-15 00:00:00+00:00,3,0.6072750988559054
2021-09-16 00:00:00+00:00,3,0.5951299345361818
2021-09-17 00:00:00+00:00,3,0.5791880859775506
2021-09-18 00:00:00+00:00,3,0.6104278557901919
2021-09-19 00:00:00+00:00,3,0.5789624579062463
2021-09-20 00:00:00+00:00,3,0.44247461718886233
2021-09-21 00:00:00+00:00,3,0.3760257618950491
2021-09-22 00:00:00+00:00,3,0.4650568604452791
2021-09-23 00:00:00+00:00,3,0.5058692241124255
2021-09-24 00:00:00+00:00,3,0.44234942922206594
2021-09-25 00:00:00+00:00,3,0.43854332872336066
2021-09-26 00:00:00+00:00,3,0.4537467252155563
2021-09-27 00:00:00+00:00,3,0.4236824185009831
2021-09-28 00:00:00+00:00,3,0.3865601421829843
2021-09-29 00:00:00+00:00,3,0.4029340522007904
2021-09-30 00:00:00+00:00,3,0.47174421572077324
2021-10-01 00:00:00+00:00,3,0.6054391696379305
2021-10-02 00:00:00+00:00,3,0.5929087837154612
2021-10-03 00:00:00+00:00,3,0.6080046175476611
2021-10-04 00:00:00+00:00,3,0.6362189913758425
2021-10-05 00:00:00+00:00,3,0.7104491781795849
2021-10-06 00:00:00+00:00,3,0.8293281301903225
2021-10-07 00:00:00+00:00,3,0.7812570374320142
2021-10-08 00:00:00+00:00,3,0.7862593650888542
2021-10-09 00:00:00+00:00,3,0.8171756018725521
2021-10-10 00:00:00+00:00,3,0.8110983719434313
2021-10-11 00:00:00+00:00,3,0.8949491996709024
2021-10-12 00:00:00+00:00,3,0.8503312183901685
2021-10-13 00:00:00+00:00,3,0.8923627462585463
2021-10-14 00:00:00+00:00,3,0.8899035330747375
2021-10-15 00:00:00+00:00,3,1.0219413459887952
2021-10-16 00:00:00+00:00,3,1.0002534059705923
2021-10-17 00:00:00+00:00,3,1.0206948987784064
2021-10-18 00:00:00+00:00,3,1.035296137528673
2021-10-19 00:00:00+00:00,3,1.1043962735619104
2021-10-20 00:00:00+00:00,3,1.157887389603978
2021-10-21 00:00:00+00:00,3,1.0409854899869
2021-10-22 00:00:00+00:00,3,0.9940751323305662
2021-10-23 00:00:00+00:00,3,1.0157501551718673
2021-10-24 00:00:00+00:00,3,1.001448063752094
2021-10-25 00:00:00+00:00,3,1.0666256032519505
2021-10-26 00:00:00+00:00,3,0.9839238006623466
2021-10-27 00:00:00+00:00,3,0.9257796036249066
2021-10-28 00:00:00+00:00,3,0.9919078232004833
2021-10-29 00:00:00+00:00,3,1.0415353754148244
2021-10-30 00:00:00+00:00,3,1.0310545953749681
2021-10-31 00:00:00+00:00,3,1.0134428093576147
2021-11-01 00:00:00+00:00,3,1.0037217283293782
2021-11-02 00:00:00+00:00,3,1.072391734443912
2021-11-03 00:00:00+00:00,3,1.0644691590370188
2021-11-04 00:00:00+00:00,3,1.0175615779701124
2021-11-05 00:00:00+00:00,3,1.0074695204501058
2021-11-06 00:00:00+00:00,3,1.0198871526975628
2021-11-07 00:00:00+00:00,3,1.0755003073899174
2021-11-08 00:00:00+00:00,3,1.2065310633907487
2021-11-09 00:00:00+00:00,3,1.188142798103931
2021-11-10 00:00:00+00:00,3,1.127056744207415
2021-11-11 00:00:00+00:00,3,1.1256577052997934
2021-11-12 00:00:00+00:00,3,1.1011188115459452
2021-11-13 00:00:00+00:00,3,1.110810074418156
2021-11-14 00:00:00+00:00,3,1.14163166571876
2021-11-15 00:00:00+00:00,3,1.0826356593334747
2021-11-16 00:00:00+00:00,3,0.977664160879967
2021-11-17 00:00:00+00:00,3,0.9840541796441598
2021-11-18 00:00:00+00:00,3,0.8781787202500815
2021-11-19 00:00:00+00:00,3,0.9145671319102642
2021-11-20 00:00:00+00:00,3,0.9633228350443703
2021-11-21 00:00:00+00:00,3,0.9334467328044699
2021-11-22 00:00:00+00:00,3,0.8580026935357922
2021-11-23 00:00:00+00:00,3,0.8975540027177358
2021-11-24 00:00:00+00:00,3,0.8577287769527053
2021-11-25 00:00:00+00:00,3,0.8884558434914949
2021-11-26 00:00:00+00:00,3,0.7739567802207193
2021-11-27 00:00:00+00:00,3,0.8124427241114591
2021-11-28 00:00:00+00:00,3,0.8876454415425032
2021-11-29 00:00:00+00:00,3,0.9048936150661334
2021-11-30 00:00:00+00:00,3,0.8801346464198361
2021-12-01 00:00:00+00:00,3,0.887069721760775
2021-12-02 00:00:00+00:00,3,0.8638290646462023
2021-12-03 00:00:00+00:00,3,0.7748369590692369
2021-12-04 00:00:00+00:00,3,0.6389324435741868
2021-12-05 00:00:00+00:00,3,0.6441288910483929
2021-12-06 00:00:00+00:00,3,0.68164025205008
2021-12-07 00:00:00+00:00,3,0.6852703409233377
2021-12-08 00:00:00+00:00,3,0.6792350012781883
2021-12-09 00:00:00+00:00,3,0.5916921546610984
2021-12-10 00:00:00+00:00,3,0.5784397347661996
2021-12-11 00:00:00+00:00,3,0.6439329604118349
2021-12-12 00:00:00+00:00,3,0.6666734692656192
2021-12-13 00:00:00+00:00,3,0.5628074155680949
2021-12-14 00:00:00+00:00,3,0.5589490427553849
2021-12-15 00:00:00+00:00,3,0.6295380343281596
2021-12-16 00:00:00+00:00,3,0.5914852383881098
2021-12-17 00:00:00+00:00,3,0.5462630471036961
2021-12-18 00:00:00+00:00,3,0.5662470062623701
2021-12-19 00:00:00+00:00,3,0.5618659103096134
2021-12-20 00:00:00+00:00,3,0.5672205026599075
2021-12-21 00:00:00+00:00,3,0.6307708400339697
2021-12-22 00:00:00+00:00,3,0.6212490698381158
2021-12-23 00:00:00+00:00,3,0.6878803349851877
2021-12-24 00:00:00+00:00,3,0.6890440881191486
2021-12-25 00:00:00+00:00,3,0.6769190842530943
2021-12-26 00:00:00+00:00,3,0.6886522268460328
2021-12-27 00:00:00+00:00,3,0.6834263233796394
2021-12-28 00:00:00+00:00,3,0.5891188598682031
2021-12-29 00:00:00+00:00,3,0.5537594763941078
2021-12-30 00:00:00+00:00,3,0.576425379497188
2021-12-31 00:00:00+00:00,3,0.5494864259864648
2022-01-01 00:00:00+00:00,3,0.5921461873931343
2022-01-02 00:00:00+00:00,3,0.5815893529472203
2022-01-03 00:00:00+00:00,3,0.5541737918252027
2022-01-04 00:00:00+00:00,3,0.536850408944471
2022-01-05 00:00:00+00:00,3,0.46488676416252483
2022-01-06 00:00:00+00:00,3,0.4522753742615402
2022-01-07 00:00:00+00:00,3,0.40273437920456934
2022-01-08 00:00:00+00:00,3,0.408174804384557
2022-01-09 00:00:00+00:00,3,0.41366532889551916
2022-01-10 00:00:00+00:00,3,0.4108734078655281
2022-01-11 00:00:00+00:00,3,0.43913860535236077
2022-01-12 00:00:00+00:00,3,0.4766335482600419
2022-01-13 00:00:00+00:00,3,0.43467952345307515
2022-01-14 00:00:00+00:00,3,0.45038306820605917
2022-01-15 00:00:00+00:00,3,0.4527843351757289
2022-01-16 00:00:00+00:00,3,0.45082128645048636
2022-01-17 00:00:00+00:00,3,0.4241404350352412
2022-01-18 00:00:00+00:00,3,0.4280060511247185
2022-01-19 00:00:00+00:00,3,0.4084958022666319
2022-01-20 00:00:00+00:00,3,0.3756160338725737
2022-01-21 00:00:00+00:00,3,0.24510256855421358
2022-01-22 00:00:00+00:00,3,0.20099958425164127
2022-01-23 00:00:00+00:00,3,0.23952391750924817
2022-01-24 00:00:00+00:00,3,0.25119114628360334
2022-01-25 00:00:00+00:00,3,0.2604525206796695
2022-01-26 00:00:00+00:00,3,0.2573038682688844
2022-01-27 00:00:00+00:00,3,0.2661460983826775
2022-01-28 00:00:00+00:00,3,0.286113518726066
2022-01-29 00:00:00+00:00,3,0.2970490558256352
2022-01-30 00:00:00+00:00,3,0.2902321666172842
2022-01-31 00:00:00+00:00,3,0.30770946912932295
2022-02-01 00:00:00+00:00,3,0.31574926489856847
2022-02-02 00:00:00+00:00,3,0.26042101242573135
2022-02-03 00:00:00+00:00,3,0.2666519205436003
2022-02-04 00:00:00+00:00,3,0.40097196924578354
2022-02-05 00:00:00+00:00,3,0.3991266237680111
2022-02-06 00:00:00+00:00,3,0.42914336629847843
2022-02-07 00:00:00+00:00,3,0.4732706155782215
2022-02-08 00:00:00+00:00,3,0.4818670571670411
2022-02-09 00:00:00+00:00,3,0.4886769445411836
2022-02-10 00:00:00+00:00,3,0.46476652576818617
2022-02-11 00:00:00+00:00,3,0.42900441610582396
2022-02-12 00:00:00+00:00,3,0.42395247200312736
2022-02-13 00:00:00+00:00,3,0.42250140222405996
2022-02-14 00:00:00+00:00,3,0.4345357444092424
2022-02-15 00:00:00+00:00,3,0.4959829963738924
2022-02-16 00:00:00+00:00,3,0.4770278239587469
2022-02-17 00:00:00+00:00,3,0.3712150189087067
2022-02-18 00:00:00+00:00,3,0.3555452761139704
2022-02-19 00:00:00+00:00,3,0.3583631522190446
2022-02-20 00:00:00+00:00,3,0.30611027434036236
2022-02-21 00:00:00+00:00,3,0.2642005542429562
2022-02-22 00:00:00+00:00,3,0.30161823553178513
2022-02-23 00:00:00+00:00,3,0.27103941472416826
2022-02-24 00:00:00+00:00,3,0.30305783678930415
2022-02-25 00:00:00+00:00,3,0.3303036637924059
2022-02-26 00:00:00+00:00,3,0.32693288422742084
2022-02-27 00:00:00+00:00,3,0.2838096738289177
2022-02-28 00:00:00+00:00,3,0.45327373924264563
2022-03-01 00:00:00+00:00,3,0.4891664693293798
2022-03-02 00:00:00+00:00,3,0.475861414956638
2022-03-03 00:00:00+00:00,3,0.4303596331890029
2022-03-04 00:00:00+00:00,3,0.3279359573384251
2022-03-05 00:00:00+00:00,3,0.33606327603527664
2022-03-06 00:00:00+00:00,3,0.30575813036818766
2022-03-07 00:00:00+00:00,3,0.2946959566464686
2022-03-08 00:00:00+00:00,3,0.3155637162920438
2022-03-09 00:00:00+00:00,3,0.41586957873711583
2022-03-10 00:00:00+00:00,3,0.3372028849133462
2022-03-11 00:00:00+00:00,3,0.3173470110321756
2022-03-12 00:00:00+00:00,3,0.320716824826925
2022-03-13 00:00:00+00:00,3,0.28813258212497633
2022-03-14 00:00:00+00:00,3,0.3442891032961647
2022-03-15 00:00:00+00:00,3,0.33415334467299496
2022-03-16 00:00:00+00:00,3,0.3899407001716053
2022-03-17 00:00:00+00:00,3,0.3839899861433549
2022-03-18 00:00:00+00:00,3,0.4102520554401654
2022-03-19 00:00:00+00:00,3,0.4222892949360548
2022-03-20 00:00:00+00:00,3,0.3931515240413105
2022-03-21 00:00:00+00:00,3,0.38790304569565864
2022-03-22 00:00:00+00:00,3,0.42748610457409925
2022-03-23 00:00:00+00:00,3,0.44399377376954324
2022-03-24 00:00:00+00:00,3,0.4769992130155157
2022-03-25 00:00:00+00:00,3,0.48898393875484153
2022-03-26 00:00:00+00:00,3,0.4936844632130402
2022-03-27 00:00:00+00:00,3,0.5653728634778254
2022-03-28 00:00:00+00:00,3,0.5748764047604813
2022-03-29 00:00:00+00:00,3,0.5853137251397335
2022-03-30 00:00:00+00:00,3,0.5728570999190121
2022-03-31 00:00:00+00:00,3,0.5257587792305645
2022-04-01 00:00:00+00:00,3,0.5487199665831953
2022-04-02 00:00:00+00:00,3,0.5359657634086136
2022-04-03 00:00:00+00:00,3,0.5540331515346358
2022-04-04 00:00:00+00:00,3,0.5592594171648676
2022-04-05 00:00:00+00:00,3,0.5262939366623952
2022-04-06 00:00:00+00:00,3,0.45369107270572684
2022-04-07 00:00:00+00:00,3,0.46287313322119006
2022-04-08 00:00:00+00:00,3,0.4252874079113576
2022-04-09 00:00:00+00:00,3,0.44056891107136165
2022-04-10 00:00:00+00:00,3,0.4228152775506469
2022-04-11 00:00:00+00:00,3,0.3398125168113579
2022-04-12 00:00:00+00:00,3,0.35851852050570515
2022-04-13 00:00:00+00:00,3,0.390645350279793
2022-04-14 00:00:00+00:00,3,0.3525950894866119
2022-04-15 00:00:00+00:00,3,0.37169259229023666
2022-04-16 00:00:00+00:00,3,0.3677064963638617
2022-04-17 00:00:00+00:00,3,0.3458404924584605
2022-04-18 00:00:00+00:00,3,0.38012183490700896
2022-04-19 00:00:00+00:00,3,0.40102991545992267
2022-04-20 00:00:00+00:00,3,0.3970626520531429
2022-04-21 00:00:00+00:00,3,0.37088593270090814
2022-04-22 00:00:00+00:00,3,0.3465626471521694
2022-04-23 00:00:00+00:00,3,0.33872554241113134
2022-04-24 00:00:00+00:00,3,0.33818664261963743
2022-04-25 00:00:00+00:00,3,0.36875182192267575
2022-04-26 00:00:00+00:00,3,0.29640875015939777
2022-04-27 00:00:00+00:00,3,0.33113507124402297
2022-04-28 00:00:00+00:00,3,0.34759819428734745
2022-04-29 00:00:00+00:00,3,0.3116250638284953
2022-04-30 00:00:00+00:00,3,0.2839669736560495
2022-05-01 00:00:00+00:00,3,0.3072758382935151
2022-05-02 00:00:00+00:00,3,0.3091373604227347
2022-05-03 00:00:00+00:00,3,0.28506650306933956
2022-05-04 00:00:00+00:00,3,0.3452662213320858
2022-05-05 00:00:00+00:00,3,0.2487438845064607
2022-05-06 00:00:00+00:00,3,0.23223404232798653
2022-05-07 00:00:00+00:00,3,0.21557740307369325
2022-05-08 00:00:00+00:00,3,0.17099165437457428
2022-05-09 00:00:00+00:00,3,0.05471871262346464
2022-05-10 00:00:00+00:00,3,0.07715403808278282
2022-05-11 00:00:00+00:00,3,0.012669921612124524
2022-05-12 00:00:00+00:00,3,0.016112590699025937
2022-05-13 00:00:00+00:00,3,0.023386047786281484
2022-05-14 00:00:00+00:00,3,0.04867105940781063
2022-05-15 00:00:00+00:00,3,0.08587554691711936
2022-05-16 00:00:00+00:00,3,0.04130500909921193
2022-05-17 00:00:00+00:00,3,0.05870245448489019
2022-05-18 00:00:00+00:00,3,0.005991922235788279
2022-05-19 00:00:00+00:00,3,0.05525586195640644
2022-05-20 00:00:00+00:00,3,0.020840639608940684
2022-05-21 00:00:00+00:00,3,0.027994642990174002
2022-05-22 00:00:00+00:00,3,0.055546015551580195
2022-05-23 00:00:00+00:00,3,0.0176936169354283
2022-05-24 00:00:00+00:00,3,0.034897485749498025
2022-05-25 00:00:00+00:00,3,0.03201641205462836
2022-05-26 00:00:00+00:00,3,0.022895315785290717
2022-05-27 00:00:00+00:00,3,0.0031271459136452445
2022-05-28 00:00:00+00:00,3,0.008916395230622563
2022-05-29 00:00:00+00:00,3,0.028418978287463682
2022-05-30 00:00:00+00:00,3,0.09889497474266706
2022-05-31 00:00:00+00:00,3,0.10093220669413563
2022-06-01 00:00:00+00:00,3,0.03933212158969369
2022-06-02 00:00:00+00:00,3,0.05998904152069809
2022-06-03 00:00:00+00:00,3,0.03640577741502783
2022-06-04 00:00:00+00:00,3,0.04037774895170637
2022-06-05 00:00:00+00:00,3,0.04265690634720581
2022-06-06 00:00:00+00:00,3,0.0879016121502382
2022-06-07 00:00:00+00:00,3,0.08125113722561804
2022-06-08 00:00:00+00:00,3,0.052166061169356445
2022-06-09 00:00:00+00:00,3,0.04900274112311743
2022-06-10 00:00:00+00:00,3,0.017226787747769923
2022-06-11 00:00:00+00:00,3,-0.005117091342359939
2022-06-12 00:00:00+00:00,3,-0.05450772804576772
2022-06-13 00:00:00+00:00,3,-0.18663312424807105
2022-06-14 00:00:00+00:00,3,-0.19530483555463177
2022-06-15 00:00:00+00:00,3,-0.18399228589931985
2022-06-16 00:00:00+00:00,3,-0.2517102236434198
2022-06-17 00:00:00+00:00,3,-0.2489339963797581
2022-06-18 00:00:00+00:00,3,-0.29386440433172545
2022-06-19 00:00:00+00:00,3,-0.2464063342304974
2022-06-20 00:00:00+00:00,3,-0.24497651139661433
2022-06-21 00:00:00+00:00,3,-0.24154422433974618
2022-06-22 00:00:00+00:00,3,-0.26390584945795614
2022-06-23 00:00:00+00:00,3,-0.22994634994043878
2022-06-24 00:00:00+00:00,3,-0.22544109215176103
2022-06-25 00:00:00+00:00,3,-0.21707577145246096
2022-06-26 00:00:00+00:00,3,-0.23175680696844825
2022-06-27 00:00:00+00:00,3,-0.24077529015024787
2022-06-28 00:00:00+00:00,3,-0.2548320759301655
2022-06-29 00:00:00+00:00,3,-0.2602901867775935
2022-06-30 00:00:00+00:00,3,-0.2701579441603698
2022-07-01 00:00:00+00:00,3,-0.28608494400162787
2022-07-02 00:00:00+00:00,3,-0.28692281004169584
2022-07-03 00:00:00+00:00,3,-0.285228607605803
2022-07-04 00:00:00+00:00,3,-0.2563579325418562
2022-07-05 00:00:00+00:00,3,-0.2576295501390115
2022-07-06 00:00:00+00:00,3,-0.2465616421565182
2022-07-07 00:00:00+00:00,3,-0.2128959178725583
2022-07-08 00:00:00+00:00,3,-0.210005427917891
2022-07-09 00:00:00+00:00,3,-0.21429839733664446
2022-07-10 00:00:00+00:00,3,-0.23691311461723502
2022-07-11 00:00:00+00:00,3,-0.2644149310934243
2022-07-12 00:00:00+00:00,3,-0.28439919205529696
2022-07-13 00:00:00+00:00,3,-0.25695091546654664
2022-07-14 00:00:00+00:00,3,-0.2458918201374537
2022-07-15 00:00:00+00:00,3,-0.23765856851787906
2022-07-16 00:00:00+00:00,3,-0.22671868545224944
2022-07-17 00:00:00+00:00,3,-0.23941965054259082
2022-07-18 00:00:00+00:00,3,-0.1866856380046346
2022-07-19 00:00:00+00:00,3,-0.1587557438714925
2022-07-20 00:00:00+00:00,3,-0.16362944300507154
2022-07-21 00:00:00+00:00,3,-0.16570325350421544
2022-07-22 00:00:00+00:00,3,-0.1795995403430956
2022-07-23 00:00:00+00:00,3,-0.18731024990454267
2022-07-24 00:00:00+00:00,3,-0.18286969872165365
2022-07-25 00:00:00+00:00,3,-0.22142209967673418
2022-07-26 00:00:00+00:00,3,-0.22519083693944766
2022-07-27 00:00:00+00:00,3,-0.17293741581500788
2022-07-28 00:00:00+00:00,3,-0.14471103021952053
2022-07-29 00:00:00+00:00,3,-0.14592415835677916
2022-07-30 00:00:00+00:00,3,-0.1505112048122887
2022-07-31 00:00:00+00:00,3,-0.16037938471954302
2022-08-01 00:00:00+00:00,3,-0.16108083571382514
2022-08-02 00:00:00+00:00,3,-0.17146733243442608
2022-08-03 00:00:00+00:00,3,-0.17553467378187526
2022-08-04 00:00:00+00:00,3,-0.18219619470356568
2022-08-05 00:00:00+00:00,3,-0.16184989062460292
2022-08-06 00:00:00+00:00,3,-0.17198770150952342
2022-08-07 00:00:00+00:00,3,-0.16535521405554227
2022-08-08 00:00:00+00:00,3,-0.1457741621670544
2022-08-09 00:00:00+00:00,3,-0.16571285084593224
2022-08-10 00:00:00+00:00,3,-0.1415044919552361
2022-08-11 00:00:00+00:00,3,-0.14119894639693162
2022-08-12 00:00:00+00:00,3,-0.12743744486656466
2022-08-13 00:00:00+00:00,3,-0.1267807211063212
2022-08-14 00:00:00+00:00,3,-0.13001750005110949
2022-08-15 00:00:00+00:00,3,-0.1356533126218976
2022-08-16 00:00:00+00:00,3,-0.14349325431300286
2022-08-17 00:00:00+00:00,3,-0.16040715061381802
2022-08-18 00:00:00+00:00,3,-0.1642164502264289
2022-08-19 00:00:00+00:00,3,-0.23638453649513463
2022-08-20 00:00:00+00:00,3,-0.2274683042370347
2022-08-21 00:00:00+00:00,3,-0.21609352276216295
2022-08-22 00:00:00+00:00,3,-0.2202722294899108
2022-08-23 00:00:00+00:00,3,-0.21627997677828356
2022-08-24 00:00:00+00:00,3,-0.22039240752360978
2022-08-25 00:00:00+00:00,3,-0.2140296114079345
2022-08-26 00:00:00+00:00,3,-0.2554691824824973
2022-08-27 00:00:00+00:00,3,-0.2622150875785278
2022-08-28 00:00:00+00:00,3,-0.2753472087184482
2022-08-29 00:00:00+00:00,3,-0.25429559056426065
2022-08-30 00:00:00+00:00,3,-0.26978455324301076
2022-08-31 00:00:00+00:00,3,-0.2619670657098844
2022-09-01 00:00:00+00:00,3,-0.25957575824576984
2022-09-02 00:00:00+00:00,3,-0.2644391960705951
2022-09-03 00:00:00+00:00,3,-0.2686942590075992
2022-09-04 00:00:00+00:00,3,-0.2639156278815921
2022-09-05 00:00:00+00:00,3,-0.269303599665656
2022-09-06 00:00:00+00:00,3,-0.2994264562007656
2022-09-07 00:00:00+00:00,3,-0.2854372743373436
2022-09-08 00:00:00+00:00,3,-0.2842162389562806
2022-09-09 00:00:00+00:00,3,-0.22082096806568044
2022-09-10 00:00:00+00:00,3,-0.21156852704429407
2022-09-11 00:00:00+00:00,3,-0.20882676570591724
2022-09-12 00:00:00+00:00,3,-0.19024709683052127
2022-09-13 00:00:00+00:00,3,-0.25433536822584163
2022-09-14 00:00:00+00:00,3,-0.2560541978027436
2022-09-15 00:00:00+00:00,3,-0.2727389651151503
2022-09-16 00:00:00+00:00,3,-0.2705332062575604
2022-09-17 00:00:00+00:00,3,-0.2595622978231104
2022-09-18 00:00:00+00:00,3,-0.2814449612650766
2022-09-19 00:00:00+00:00,3,-0.27759352992593544
2022-09-20 00:00:00+00:00,3,-0.2977847675214363
2022-09-21 00:00:00+00:00,3,-0.3083970733952607
2022-09-22 00:00:00+00:00,3,-0.2816290008556081
2022-09-23 00:00:00+00:00,3,-0.28521122374156127
2022-09-24 00:00:00+00:00,3,-0.2963562726216273
2022-09-25 00:00:00+00:00,3,-0.3005257441714967
2022-09-26 00:00:00+00:00,3,-0.28752804617625116
2022-09-27 00:00:00+00:00,3,-0.2909932297817712
2022-09-28 00:00:00+00:00,3,-0.2812219890619205
2022-09-29 00:00:00+00:00,3,-0.27669970957283935
2022-09-30 00:00:00+00:00,3,-0.28106535320182563
2022-10-01 00:00:00+00:00,3,-0.28476443428629267
2022-10-02 00:00:00+00:00,3,-0.2930465176634075
2022-10-03 00:00:00+00:00,3,-0.2751381194624295
2022-10-04 00:00:00+00:00,3,-0.2530949570794258
2022-10-05 00:00:00+00:00,3,-0.2585380984882013
2022-10-06 00:00:00+00:00,3,-0.2648820017236416
2022-10-07 00:00:00+00:00,3,-0.27750944755479395
2022-10-08 00:00:00+00:00,3,-0.28153574366722794
2022-10-09 00:00:00+00:00,3,-0.280613010567702
2022-10-10 00:00:00+00:00,3,-0.29003711724847553
2022-10-11 00:00:00+00:00,3,-0.2928205877889046
2022-10-12 00:00:00+00:00,3,-0.2895438501006162
2022-10-13 00:00:00+00:00,3,-0.28257611965358426
2022-10-14 00:00:00+00:00,3,-0.28867200102038115
2022-10-15 00:00:00+00:00,3,-0.2923194133972408
2022-10-16 00:00:00+00:00,3,-0.28612429913873066
2022-10-17 00:00:00+00:00,3,-0.27738866591469774
2022-10-18 00:00:00+00:00,3,-0.2840746328954781
2022-10-19 00:00:00+00:00,3,-0.29009735716692436
2022-10-20 00:00:00+00:00,3,-0.2927488189882677
2022-10-21 00:00:00+00:00,3,-0.2890795560598264
2022-10-22 00:00:00+00:00,3,-0.2879756203198362
2022-10-23 00:00:00+00:00,3,-0.2768864653921586
2022-10-24 00:00:00+00:00,3,-0.2837298529213503
2022-10-25 00:00:00+00:00,3,-0.2605425546122974
2022-10-26 00:00:00+00:00,3,-0.23969477433847225
2022-10-27 00:00:00+00:00,3,-0.2546713355465691
2022-10-28 00:00:00+00:00,3,-0.245105864247552
2022-10-29 00:00:00+00:00,3,-0.23821026476499538
2022-10-30 00:00:00+00:00,3,-0.24386189182339227
2022-10-31 00:00:00+00:00,3,-0.24818329110345771
2022-11-01 00:00:00+00:00,3,-0.24850778990263683
2022-11-02 00:00:00+00:00,3,-0.2585755824454725
2022-11-03 00:00:00+00:00,3,-0.2570153806297764
2022-11-04 00:00:00+00:00,3,-0.2280502411646549
2022-11-05 00:00:00+00:00,3,-0.22386386863566157
2022-11-06 00:00:00+00:00,3,-0.23487226102738276
2022-11-07 00:00:00+00:00,3,-0.2448751658825106
2022-11-08 00:00:00+00:00,3,-0.30858648508272796
2022-11-09 00:00:00+00:00,3,-0.3908080282423339
2022-11-10 00:00:00+00:00,3,-0.3380849711604884
2022-11-11 00:00:00+00:00,3,-0.3551591249597821
2022-11-12 00:00:00+00:00,3,-0.3624250369670716
2022-11-13 00:00:00+00:00,3,-0.37620295659144465
2022-11-14 00:00:00+00:00,3,-0.36801835564749097
2022-11-15 00:00:00+00:00,3,-0.3597849229459972
2022-11-16 00:00:00+00:00,3,-0.36643479426422004
2022-11-17 00:00:00+00:00,3,-0.36587609618289524
2022-11-18 00:00:00+00:00,3,-0.3655590217424027
2022-11-19 00:00:00+00:00,3,-0.3651334792323184
2022-11-20 00:00:00+00:00,3,-0.3781046185460835
2022-11-21 00:00:00+00:00,3,-0.3936974920661258
2022-11-22 00:00:00+00:00,3,-0.3812588241357236
2022-11-23 00:00:00+00:00,3,-0.3682498990614886
2022-11-24 00:00:00+00:00,3,-0.36844281166606013
2022-11-25 00:00:00+00:00,3,-0.3709962478084848
2022-11-26 00:00:00+00:00,3,-0.3727751362219164
2022-11-27 00:00:00+00:00,3,-0.3733825453395019
2022-11-28 00:00:00+00:00,3,-0.380407316591077
2022-11-29 00:00:00+00:00,3,-0.37337155970307134
2022-11-30 00:00:00+00:00,3,-0.35100945169974357
2022-12-01 00:00:00+00:00,3,-0.3572346859174781
2022-12-02 00:00:00+00:00,3,-0.3534789261923062
2022-12-03 00:00:00+00:00,3,-0.3590548610084838
2022-12-04 00:00:00+00:00,3,-0.35218630309252547
2022-12-05 00:00:00+00:00,3,-0.3569969253575885
2022-12-06 00:00:00+00:00,3,-0.3534528503959436
2022-12-07 00:00:00+00:00,3,-0.36091252005676083
2022-12-08 00:00:00+00:00,3,-0.34900348655965424
2022-12-09 00:00:00+00:00,3,-0.3521039108192964
2022-12-10 00:00:00+00:00,3,-0.3522407483895604
2022-12-11 00:00:00+00:00,3,-0.3529988780245473
2022-12-12 00:00:00+00:00,3,-0.34983905889541256
2022-12-13 00:00:00+00:00,3,-0.3320725685584357
2022-12-14 00:00:00+00:00,3,-0.3310115492332923
2022-12-15 00:00:00+00:00,3,-0.3449429056038546
2022-12-16 00:00:00+00:00,3,-0.36711330821540544
2022-12-17 00:00:00+00:00,3,-0.36255155286794205
2022-12-18 00:00:00+00:00,3,-0.3636985861046982
2022-12-19 00:00:00+00:00,3,-0.37353543883993356
2022-12-20 00:00:00+00:00,3,-0.35911455768117506
2022-12-21 00:00:00+00:00,3,-0.3618579487568246
2022-12-22 00:00:00+00:00,3,-0.3614621640421264
2022-12-23 00:00:00+00:00,3,-0.362494029178281
2022-12-24 00:00:00+00:00,3,-0.3609239885783092
2022-12-25 00:00:00+00:00,3,-0.3611022939080665
2022-12-26 00:00:00+00:00,3,-0.35869734493937333
2022-12-27 00:00:00+00:00,3,-0.36495958022926134
2022-12-28 00:00:00+00:00,3,-0.3700465335030003
2022-12-29 00:00:00+00:00,3,-0.36727223777980994
2022-12-30 00:00:00+00:00,3,-0.36850087860147873
2022-12-31 00:00:00+00:00,3,-0.37020341080565405
2023-01-01 00:00:00+00:00,3,-0.36780570511372834
2023-01-02 00:00:00+00:00,3,-0.36584664019070784
2023-01-03 00:00:00+00:00,3,-0.36611283061190947
2023-01-04 00:00:00+00:00,3,-0.36044550978718326
2023-01-05 00:00:00+00:00,3,-0.36126454330765606
2023-01-06 00:00:00+00:00,3,-0.35770332592432835
2023-01-07 00:00:00+00:00,3,-0.35760723178588094
2023-01-08 00:00:00+00:00,3,-0.35340214745857185
2023-01-09 00:00:00+00:00,3,-0.35014448373243756
2023-01-10 00:00:00+00:00,3,-0.3424264101729436
2023-01-11 00:00:00+00:00,3,-0.327326290735323
2023-01-12 00:00:00+00:00,3,-0.2984399822656866
2023-01-13 00:00:00+00:00,3,-0.26629957134765986
2023-01-14 00:00:00+00:00,3,-0.23333282327175317
2023-01-15 00:00:00+00:00,3,-0.23628421711190628
2023-01-16 00:00:00+00:00,3,-0.22735790462697172
2023-01-17 00:00:00+00:00,3,-0.22760864272440293
2023-01-18 00:00:00+00:00,3,-0.24221845268551087
2023-01-19 00:00:00+00:00,3,-0.22991804080040623
2023-01-20 00:00:00+00:00,3,-0.18078707556910942
2023-01-21 00:00:00+00:00,3,-0.1776634728238116
2023-01-22 00:00:00+00:00,3,-0.17943149632209213
2023-01-23 00:00:00+00:00,3,-0.1728174188632281
2023-01-24 00:00:00+00:00,3,-0.18202585697825255
2023-01-25 00:00:00+00:00,3,-0.16714864938314838
2023-01-26 00:00:00+00:00,3,-0.16977807957099095
2023-01-27 00:00:00+00:00,3,-0.16835797480010412
2023-01-28 00:00:00+00:00,3,-0.16983023116371615
2023-01-29 00:00:00+00:00,3,-0.146853350044756
2023-01-30 00:00:00+00:00,3,-0.17573150982802913
2023-01-31 00:00:00+00:00,3,-0.16648655352596908
2023-02-01 00:00:00+00:00,3,-0.14842320956280863
2023-02-02 00:00:00+00:00,3,-0.15620804198984203
2023-02-03 00:00:00+00:00,3,-0.15690490557550482
2023-02-04 00:00:00+00:00,3,-0.16053541697324059
2023-02-05 00:00:00+00:00,3,-0.17216117798810243
2023-02-06 00:00:00+00:00,3,-0.17820478704089465
2023-02-07 00:00:00+00:00,3,-0.16262323114080143
2023-02-08 00:00:00+00:00,3,-0.17266392175639914
2023-02-09 00:00:00+00:00,3,-0.20728823335988358
2023-02-10 00:00:00+00:00,3,-0.21247574745940986
2023-02-11 00:00:00+00:00,3,-0.2056862619814955
2023-02-12 00:00:00+00:00,3,-0.20824120713991337
2023-02-13 00:00:00+00:00,3,-0.20762625294236184
2023-02-14 00:00:00+00:00,3,-0.19487180832522122
2023-02-15 00:00:00+00:00,3,-0.1303726620552706
2023-02-16 00:00:00+00:00,3,-0.15152278877349462
2023-02-17 00:00:00+00:00,3,-0.1224066873484127
2023-02-18 00:00:00+00:00,3,-0.12006795400150146
2023-02-19 00:00:00+00:00,3,-0.12976072588970547
2023-02-20 00:00:00+00:00,3,-0.11426186406603996
2023-02-21 00:00:00+00:00,3,-0.12640105268243043
2023-02-22 00:00:00+00:00,3,-0.1340502547519944
2023-02-23 00:00:00+00:00,3,-0.14150913972449516
2023-02-24 00:00:00+00:00,3,-0.164668008172236
2023-02-25 00:00:00+00:00,3,-0.16537114926443053
2023-02-26 00:00:00+00:00,3,-0.15344696524675214
2023-02-27 00:00:00+00:00,3,-0.15463190496525767
2023-02-28 00:00:00+00:00,3,-0.16623714336261192
2023-03-01 00:00:00+00:00,3,-0.1508096278151052
2023-03-02 00:00:00+00:00,3,-0.1560969180521023
2023-03-03 00:00:00+00:00,3,-0.19048721145536027
2023-03-04 00:00:00+00:00,3,-0.19077555423134218
2023-03-05 00:00:00+00:00,3,-0.18823630283925366
2023-03-06 00:00:00+00:00,3,-0.18841418564453286
2023-03-07 00:00:00+00:00,3,-0.1949037994642772
2023-03-08 00:00:00+00:00,3,-0.21040833518807717
2023-03-09 00:00:00+00:00,3,-0.25228594342514793
2023-03-10 00:00:00+00:00,3,-0.257718280279412
2023-03-11 00:00:00+00:00,3,-0.24396058146934796
2023-03-12 00:00:00+00:00,3,-0.19662890654771092
2023-03-13 00:00:00+00:00,3,-0.13378171026584337
2023-03-14 00:00:00+00:00,3,-0.11682924351624184
2023-03-15 00:00:00+00:00,3,-0.128267464023468
2023-03-16 00:00:00+00:00,3,-0.10735032937459507
2023-03-17 00:00:00+00:00,3,-0.03407106408913175
2023-03-18 00:00:00+00:00,3,-0.048226962039483165
2023-03-19 00:00:00+00:00,3,-0.015072552734661343
2023-03-20 00:00:00+00:00,3,-0.023461293362175985
2023-03-21 00:00:00+00:00,3,-0.010834270055501713
2023-03-22 00:00:00+00:00,3,-0.0376712140850842
2023-03-23 00:00:00+00:00,3,-0.005946506892865984
2023-03-24 00:00:00+00:00,3,-0.03192765777238117
2023-03-25 00:00:00+00:00,3,-0.031883715226659
2023-03-26 00:00:00+00:00,3,-0.016443041059691528
2023-03-27 00:00:00+00:00,3,-0.04284925156417314
2023-03-28 00:00:00+00:00,3,-0.03888597195961547
2023-03-29 00:00:00+00:00,3,-0.005499355273759021
2023-03-30 00:00:00+00:00,3,-0.015230576889469933
2023-03-31 00:00:00+00:00,3,-0.0014804231593718924
2023-04-01 00:00:00+00:00,3,-0.003564917491747686
2023-04-02 00:00:00+00:00,3,-0.01010825228085018
2023-04-03 00:00:00+00:00,3,-0.0227509693538538
2023-04-04 00:00:00+00:00,3,-0.011073056746266716
2023-04-05 00:00:00+00:00,3,-0.010767269745403343
2023-04-06 00:00:00+00:00,3,-0.014903663664701668
2023-04-07 00:00:00+00:00,3,-0.0185591040066452
2023-04-08 00:00:00+00:00,3,-0.017881193661857094
2023-04-09 00:00:00+00:00,3,-0.005974997114817724
2023-04-10 00:00:00+00:00,3,0.03481696465610052
2023-04-11 00:00:00+00:00,3,0.05280588395047602
2023-04-12 00:00:00+00:00,3,0.04983885670463331
2023-04-13 00:00:00+00:00,3,0.05787448758973762
2023-04-14 00:00:00+00:00,3,0.060551844125524404
2023-04-15 00:00:00+00:00,3,0.05538449047966736
2023-04-16 00:00:00+00:00,3,0.05528743057098432
2023-04-17 00:00:00+00:00,3,0.028390789868710586
2023-04-18 00:00:00+00:00,3,0.057827708093948216
2023-04-19 00:00:00+00:00,3,0.00915681165866023
2023-04-20 00:00:00+00:00,3,-0.008665632991344723
2023-04-21 00:00:00+00:00,3,-0.03861465088403693
2023-04-22 00:00:00+00:00,3,-0.021907912298769167
2023-04-23 00:00:00+00:00,3,-0.028895923920749765
2023-04-24 00:00:00+00:00,3,-0.03093701895316094
2023-04-25 00:00:00+00:00,3,-0.006761616971756431
2023-04-26 00:00:00+00:00,3,-0.003204383390650778
2023-04-27 00:00:00+00:00,3,0.029279057042951685
2023-04-28 00:00:00+00:00,3,0.025152501907929066
2023-04-29 00:00:00+00:00,3,0.022316276168377502
2023-04-30 00:00:00+00:00,3,0.02294420790347061
2023-05-01 00:00:00+00:00,3,-0.013437926250180286
2023-05-02 00:00:00+00:00,3,0.00476394538115652
2023-05-03 00:00:00+00:00,3,0.014831798284631948
2023-05-04 00:00:00+00:00,3,0.009930393617417634
2023-05-05 00:00:00+00:00,3,0.031151806251160735
2023-05-06 00:00:00+00:00,3,0.011689242298459454
2023-05-07 00:00:00+00:00,3,-0.0022068634585015235
2023-05-08 00:00:00+00:00,3,-0.025716185780504663
2023-05-09 00:00:00+00:00,3,-0.02681324040756582
2023-05-10 00:00:00+00:00,3,-0.027957315972975294
2023-05-11 00:00:00+00:00,3,-0.04714807596498021
2023-05-12 00:00:00+00:00,3,-0.053199169737098734
2023-05-13 00:00:00+00:00,3,-0.05384545110666923
2023-05-14 00:00:00+00:00,3,-0.049316049062100194
2023-05-15 00:00:00+00:00,3,-0.04121734130847985
2023-05-16 00:00:00+00:00,3,-0.0460397942589296
2023-05-17 00:00:00+00:00,3,-0.034847603719235835
2023-05-18 00:00:00+00:00,3,-0.052357983861845675
2023-05-19 00:00:00+00:00,3,-0.05056798909070407
2023-05-20 00:00:00+00:00,3,-0.04316765393873972
2023-05-21 00:00:00+00:00,3,-0.05478037705542028
2023-05-22 00:00:00+00:00,3,-0.05176868293617866
2023-05-23 00:00:00+00:00,3,-0.04019646180875576
2023-05-24 00:00:00+00:00,3,-0.06772966581760374
2023-05-25 00:00:00+00:00,3,-0.06336009874703515
2023-05-26 00:00:00+00:00,3,-0.055847673887095405
2023-05-27 00:00:00+00:00,3,-0.051240949863034464
2023-05-28 00:00:00+00:00,3,-0.013620939709836376
2023-05-29 00:00:00+00:00,3,-0.024121155875685345
2023-05-30 00:00:00+00:00,3,-0.0254665945352283
2023-05-31 00:00:00+00:00,3,-0.04038400231639147
2023-06-01 00:00:00+00:00,3,-0.052736143269743234
2023-06-02 00:00:00+00:00,3,-0.03945897551255585
2023-06-03 00:00:00+00:00,3,-0.04485062929564311
2023-06-04 00:00:00+00:00,3,-0.04349275634431614
2023-06-05 00:00:00+00:00,3,-0.08549120658212288
2023-06-06 00:00:00+00:00,3,-0.039792950932172326
2023-06-07 00:00:00+00:00,3,-0.06738416151579917
2023-06-08 00:00:00+00:00,3,-0.06237084822252866
2023-06-09 00:00:00+00:00,3,-0.06323128914185504
2023-06-10 00:00:00+00:00,3,-0.08267447732920354
2023-06-11 00:00:00+00:00,3,-0.07992619704173605
2023-06-12 00:00:00+00:00,3,-0.08109031233953531
2023-06-13 00:00:00+00:00,3,-0.08058877578403319
2023-06-14 00:00:00+00:00,3,-0.10512869566875667
2023-06-15 00:00:00+00:00,3,-0.09116848691240427
2023-06-16 00:00:00+00:00,3,-0.06795698398682037
2023-06-17 00:00:00+00:00,3,-0.062294854177110774
2023-06-18 00:00:00+00:00,3,-0.06768656832083776
2023-06-19 00:00:00+00:00,3,-0.05177634873742414
2023-06-20 00:00:00+00:00,3,-0.006146904216763813
2023-06-21 00:00:00+00:00,3,0.0463850812600219
2023-06-22 00:00:00+00:00,3,0.04283056390770402
2023-06-23 00:00:00+00:00,3,0.06703469755361918
2023-06-24 00:00:00+00:00,3,0.06249871619931976
2023-06-25 00:00:00+00:00,3,0.06038380010452092
2023-06-26 00:00:00+00:00,3,0.05392068460561729
2023-06-27 00:00:00+00:00,3,0.06680894876103548
2023-06-28 00:00:00+00:00,3,0.048206886088300295
2023-06-29 00:00:00+00:00,3,0.05930491403001797
2023-06-30 00:00:00+00:00,3,0.06029078435869967
2023-07-01 00:00:00+00:00,3,0.06377763743388216
2023-07-02 00:00:00+00:00,3,0.06472614452657208
2023-07-03 00:00:00+00:00,3,0.08128083466036434
2023-07-04 00:00:00+00:00,3,0.06957237956907476
2023-07-05 00:00:00+00:00,3,0.06143160044956382
2023-07-06 00:00:00+00:00,3,0.04273960042363353
2023-07-07 00:00:00+00:00,3,0.05611907946516031
2023-07-08 00:00:00+00:00,3,0.0545823579383185
2023-07-09 00:00:00+00:00,3,0.05083341896543588
2023-07-10 00:00:00+00:00,3,0.05835055195527442
2023-07-11 00:00:00+00:00,3,0.0647317580660668
2023-07-12 00:00:00+00:00,3,0.05764517751940996
2023-07-13 00:00:00+00:00,3,0.0911582497454971
2023-07-14 00:00:00+00:00,3,0.0558657458602208
2023-07-15 00:00:00+00:00,3,0.054683280927944146
2023-07-16 00:00:00+00:00,3,0.053240842720357874
2023-07-17 00:00:00+00:00,3,0.05005011894368223
2023-07-18 00:00:00+00:00,3,0.04110859557753616
2023-07-19 00:00:00+00:00,3,0.04288132720571548
2023-07-20 00:00:00+00:00,3,0.03911379715579657
2023-07-21 00:00:00+00:00,3,0.04272125078915613
2023-07-22 00:00:00+00:00,3,0.038489124895248784
2023-07-23 00:00:00+00:00,3,0.0481541308891778
2023-07-24 00:00:00+00:00,3,0.020104360525535346
2023-07-25 00:00:00+00:00,3,0.021664260538032817
2023-07-26 00:00:00+00:00,3,0.025607138246362335
2023-07-27 00:00:00+00:00,3,0.02114811670771645
2023-07-28 00:00:00+00:00,3,0.02450302142445297
2023-07-29 00:00:00+00:00,3,0.025667257443531682
2023-07-30 00:00:00+00:00,3,0.02314514847312599
2023-07-31 00:00:00+00:00,3,0.021748342909174285
2023-08-01 00:00:00+00:00,3,0.03552010574829505
2023-08-02 00:00:00+00:00,3,0.019333072271087617
2023-08-03 00:00:00+00:00,3,0.020158866183209966
2023-08-04 00:00:00+00:00,3,0.016926614286401274
2023-08-05 00:00:00+00:00,3,0.01593875205660854
2023-08-06 00:00:00+00:00,3,0.015930361927686314
2023-08-07 00:00:00+00:00,3,0.02021753672502584
2023-08-08 00:00:00+00:00,3,0.03829409966828677
2023-08-09 00:00:00+00:00,3,0.03198961193058901
2023-08-10 00:00:00+00:00,3,0.027913216487180578
2023-08-11 00:00:00+00:00,3,0.026928070486175616
2023-08-12 00:00:00+00:00,3,0.027492080303796494
2023-08-13 00:00:00+00:00,3,0.023380192804227845
2023-08-14 00:00:00+00:00,3,0.02725963148020296
2023-08-15 00:00:00+00:00,3,0.0199013676941292
2023-08-16 00:00:00+00:00,3,0.0054204276988410955
2023-08-17 00:00:00+00:00,3,-0.0575394015367594
2023-08-18 00:00:00+00:00,3,-0.07654557869247529
2023-08-19 00:00:00+00:00,3,-0.0751039251732055
2023-08-20 00:00:00+00:00,3,-0.07221808298779729
2023-08-21 00:00:00+00:00,3,-0.07424058694317216
2023-08-22 00:00:00+00:00,3,-0.07709878395558481
2023-08-23 00:00:00+00:00,3,-0.06473740782435462
2023-08-24 00:00:00+00:00,3,-0.07305902742049143
2023-08-25 00:00:00+00:00,3,-0.07660394743109253
2023-08-26 00:00:00+00:00,3,-0.07781556655235793
2023-08-27 00:00:00+00:00,3,-0.07530516754605951
2023-08-28 00:00:00+00:00,3,-0.07479656879570917
2023-08-29 00:00:00+00:00,3,-0.024692650412632525
2023-08-30 00:00:00+00:00,3,-0.037985572296788984
2023-08-31 00:00:00+00:00,3,-0.08019492260980628
2023-09-01 00:00:00+00:00,3,-0.0842356449151353
2023-09-02 00:00:00+00:00,3,-0.08213183517804647
2023-09-03 00:00:00+00:00,3,-0.07901764869254625
2023-09-04 00:00:00+00:00,3,-0.08387432612572193
2023-09-05 00:00:00+00:00,3,-0.08487667490904945
2023-09-06 00:00:00+00:00,3,-0.08570325350948826
2023-09-07 00:00:00+00:00,3,-0.07065395773051884
2023-09-08 00:00:00+00:00,3,-0.08099282990637417
2023-09-09 00:00:00+00:00,3,-0.08130115205410612
2023-09-10 00:00:00+00:00,3,-0.08326208815695817
2023-09-11 00:00:00+00:00,3,-0.10395498302924061
2023-09-12 00:00:00+00:00,3,-0.0832275618710336
2023-09-13 00:00:00+00:00,3,-0.07102082969878722
2023-09-14 00:00:00+00:00,3,-0.061398679759065274
2023-09-15 00:00:00+00:00,3,-0.05926565547234796
2023-09-16 00:00:00+00:00,3,-0.06051457746896542
2023-09-17 00:00:00+00:00,3,-0.06156823279606196
2023-09-18 00:00:00+00:00,3,-0.054766313026363596
2023-09-19 00:00:00+00:00,3,-0.040647959393923155
2023-09-20 00:00:00+00:00,3,-0.04309280674547667
2023-09-21 00:00:00+00:00,3,-0.06053461720135521
2023-09-22 00:00:00+00:00,3,-0.060165753331975796
2023-09-23 00:00:00+00:00,3,-0.06017124615019107
2023-09-24 00:00:00+00:00,3,-0.0701399868832327
2023-09-25 00:00:00+00:00,3,-0.06885267551974805
2023-09-26 00:00:00+00:00,3,-0.07136307452604647
2023-09-27 00:00:00+00:00,3,-0.06717652091513396
2023-09-28 00:00:00+00:00,3,-0.04650656308594825
2023-09-29 00:00:00+00:00,3,-0.04990070221850814
2023-09-30 00:00:00+00:00,3,-0.04816400589224659
2023-10-01 00:00:00+00:00,3,-0.016770014645099522
2023-10-02 00:00:00+00:00,3,-0.030768733489598545
2023-10-03 00:00:00+00:00,3,-0.033884127187893326
2023-10-04 00:00:00+00:00,3,-0.022467455429050154
2023-10-05 00:00:00+00:00,3,-0.03431884451521627
2023-10-06 00:00:00+00:00,3,-0.017918194734010517
2023-10-07 00:00:00+00:00,3,-0.017230807768785075
2023-10-08 00:00:00+00:00,3,-0.018273839623289437
2023-10-09 00:00:00+00:00,3,-0.02913410700511749
2023-10-10 00:00:00+00:00,3,-0.03508814086855296
2023-10-11 00:00:00+00:00,3,-0.05108745275620549
2023-10-12 00:00:00+00:00,3,-0.054688508161753864
2023-10-13 00:00:00+00:00,3,-0.05142571378124267
2023-10-14 00:00:00+00:00,3,-0.05144635712002974
2023-10-15 00:00:00+00:00,3,-0.04223846225076285
2023-10-16 00:00:00+00:00,3,-0.00021387585595377493
2023-10-17 00:00:00+00:00,3,-0.0034192672680833903
2023-10-18 00:00:00+00:00,3,-0.006120526617202563
2023-10-19 00:00:00+00:00,3,0.005977556403532952
2023-10-20 00:00:00+00:00,3,0.03574313831209097
2023-10-21 00:00:00+00:00,3,0.04302003595581103
2023-10-22 00:00:00+00:00,3,0.045352853960028895
2023-10-23 00:00:00+00:00,3,0.14092046654707208
2023-10-24 00:00:00+00:00,3,0.1661168083888404
2023-10-25 00:00:00+00:00,3,0.18469955565686252
2023-10-26 00:00:00+00:00,3,0.1740012358714254
2023-10-27 00:00:00+00:00,3,0.1663724960587293
2023-10-28 00:00:00+00:00,3,0.17192833078187744
2023-10-29 00:00:00+00:00,3,0.18580162021702115
2023-10-30 00:00:00+00:00,3,0.18468543126716613
2023-10-31 00:00:00+00:00,3,0.18979761528831154
2023-11-01 00:00:00+00:00,3,0.21357789652205483
2023-11-02 00:00:00+00:00,3,0.1981561152353223
2023-11-03 00:00:00+00:00,3,0.19179229298877168
2023-11-04 00:00:00+00:00,3,0.20260493582585412
2023-11-05 00:00:00+00:00,3,0.20159003202946313
2023-11-06 00:00:00+00:00,3,0.2012196591440905
2023-11-07 00:00:00+00:00,3,0.21377286138837712
2023-11-08 00:00:00+00:00,3,0.22031583401364124
2023-11-09 00:00:00+00:00,3,0.25239015003116555
2023-11-10 00:00:00+00:00,3,0.2715771073028676
2023-11-11 00:00:00+00:00,3,0.26614042448254305
2023-11-12 00:00:00+00:00,3,0.26355892064264475
2023-11-13 00:00:00+00:00,3,0.24649448490634732
2023-11-14 00:00:00+00:00,3,0.21668031268280805
2023-11-15 00:00:00+00:00,3,0.2890880910518747
2023-11-16 00:00:00+00:00,3,0.2357524640177469
2023-11-17 00:00:00+00:00,3,0.24940966236266343
2023-11-18 00:00:00+00:00,3,0.24907031484611114
2023-11-19 00:00:00+00:00,3,0.2738201086751698
2023-11-20 00:00:00+00:00,3,0.27661420268819104
2023-11-21 00:00:00+00:00,3,0.22521530714038426
2023-11-22 00:00:00+00:00,3,0.27523532423423863
2023-11-23 00:00:00+00:00,3,0.27082465156801505
2023-11-24 00:00:00+00:00,3,0.28413405190681734
2023-11-25 00:00:00+00:00,3,0.28649861960753226
2023-11-26 00:00:00+00:00,3,0.27668108227700994
2023-11-27 00:00:00+00:00,3,0.2697289852356677
2023-11-28 00:00:00+00:00,3,0.2875584317198811
2023-11-29 00:00:00+00:00,3,0.2884054122165481
2023-11-30 00:00:00+00:00,3,0.2839011805587457
2023-12-01 00:00:00+00:00,3,0.31406423727991434
2023-12-02 00:00:00+00:00,3,0.3384041823652181
2023-12-03 00:00:00+00:00,3,0.3539201262499267
2023-12-04 00:00:00+00:00,3,0.4157821765307893
2023-12-05 00:00:00+00:00,3,0.4806989580670198
2023-12-06 00:00:00+00:00,3,0.47037052828183745
2023-12-07 00:00:00+00:00,3,0.456346578689932
2023-12-08 00:00:00+00:00,3,0.4833553091001811
2023-12-09 00:00:00+00:00,3,0.46973819022004415
2023-12-10 00:00:00+00:00,3,0.4713982285338508
2023-12-11 00:00:00+00:00,3,0.3930281468937059
2023-12-12 00:00:00+00:00,3,0.39940657641507077
2023-12-13 00:00:00+00:00,3,0.44392532480409136
2023-12-14 00:00:00+00:00,3,0.44804276548251504
2023-12-15 00:00:00+00:00,3,0.4142264414024331
2023-12-16 00:00:00+00:00,3,0.42381798849781277
2023-12-17 00:00:00+00:00,3,0.39676241823113456
2023-12-18 00:00:00+00:00,3,0.4356675064041473
2023-12-19 00:00:00+00:00,3,0.42475780365838184
2023-12-20 00:00:00+00:00,3,0.46745945534902283
2023-12-21 00:00:00+00:00,3,0.47416274583340523
2023-12-22 00:00:00+00:00,3,0.4781417192042922
2023-12-23 00:00:00+00:00,3,0.47015721378103775
2023-12-24 00:00:00+00:00,3,0.44779999498952794
2023-12-25 00:00:00+00:00,3,0.4662507938991041
2023-12-26 00:00:00+00:00,3,0.4324801024626567
2023-12-27 00:00:00+00:00,3,0.4609881911637559
2023-12-28 00:00:00+00:00,3,0.4358009034179468
2023-12-29 00:00:00+00:00,3,0.4194692458479504
2023-12-30 00:00:00+00:00,3,0.4212462630815505
2023-12-31 00:00:00+00:00,3,0.42459277766936476
2024-01-01 00:00:00+00:00,3,0.4833778839794395
2024-01-02 00:00:00+00:00,3,0.5078122331052782
2024-01-03 00:00:00+00:00,3,0.44260982502185364
2024-01-04 00:00:00+00:00,3,0.48376696866312785
2024-01-05 00:00:00+00:00,3,0.4832344670994451
2024-01-06 00:00:00+00:00,3,0.4778726314723836
2024-01-07 00:00:00+00:00,3,0.4764479996535172
2024-01-08 00:00:00+00:00,3,0.5700089227727944
2024-01-09 00:00:00+00:00,3,0.5443341625005398
2024-01-10 00:00:00+00:00,3,0.5594170791558378
2024-01-11 00:00:00+00:00,3,0.5514068601000591
2024-01-12 00:00:00+00:00,3,0.44276410681699907
2024-01-13 00:00:00+00:00,3,0.4424307953644196
2024-01-14 00:00:00+00:00,3,0.4101010331195653
2024-01-15 00:00:00+00:00,3,0.4322194652203101
2024-01-16 00:00:00+00:00,3,0.4520904292614128
2024-01-17 00:00:00+00:00,3,0.4393486603786151
2024-01-18 00:00:00+00:00,3,0.39359143238365
2024-01-19 00:00:00+00:00,3,0.4046042311020714
2024-01-20 00:00:00+00:00,3,0.4060623027153473
2024-01-21 00:00:00+00:00,3,0.4023599017956952
2024-01-22 00:00:00+00:00,3,0.33936331293050015
2024-01-23 00:00:00+00:00,3,0.3498147576994487
2024-01-24 00:00:00+00:00,3,0.35696990793283684
2024-01-25 00:00:00+00:00,3,0.3525423342874894
2024-01-26 00:00:00+00:00,3,0.410737717147419
2024-01-27 00:00:00+00:00,3,0.42010749925243707
2024-01-28 00:00:00+00:00,3,0.41749726374802815
2024-01-29 00:00:00+00:00,3,0.45621004292286665
2024-01-30 00:00:00+00:00,3,0.4458373084281238
2024-01-31 00:00:00+00:00,3,0.4344024681167224
2024-02-01 00:00:00+00:00,3,0.44964365036938797
2024-02-02 00:00:00+00:00,3,0.4530458174670317
2024-02-03 00:00:00+00:00,3,0.4470623879720486
2024-02-04 00:00:00+00:00,3,0.4344326484365865
2024-02-05 00:00:00+00:00,3,0.43675315287029987
2024-02-06 00:00:00+00:00,3,0.44991865344398996
2024-02-07 00:00:00+00:00,3,0.4880411055622861
2024-02-08 00:00:00+00:00,3,0.5184309975675535
2024-02-09 00:00:00+00:00,3,0.5754696291277307
2024-02-10 00:00:00+00:00,3,0.5947565436188228
2024-02-11 00:00:00+00:00,3,0.6109085679249878
2024-02-12 00:00:00+00:00,3,0.6623433176927932
2024-02-13 00:00:00+00:00,3,0.6556746742156148
2024-02-14 00:00:00+00:00,3,0.7200878065739527
2024-02-15 00:00:00+00:00,3,0.7235447811324697
2024-02-16 00:00:00+00:00,3,0.7303947479713917
2024-02-17 00:00:00+00:00,3,0.7150287399157681
2024-02-18 00:00:00+00:00,3,0.7292309948374308
2024-02-19 00:00:00+00:00,3,0.7186182664391284
2024-02-20 00:00:00+00:00,3,0.7342476883265261
2024-02-21 00:00:00+00:00,3,0.7204736317830956
2024-02-22 00:00:00+00:00,3,0.7039641517684598
2024-02-23 00:00:00+00:00,3,0.6862550643998646
2024-02-24 00:00:00+00:00,3,0.7121887718165534
2024-02-25 00:00:00+00:00,3,0.7171995499629553
2024-02-26 00:00:00+00:00,3,0.8033976822481791
2024-02-27 00:00:00+00:00,3,0.8826053281251933
2024-02-28 00:00:00+00:00,3,1.05009053032607
2024-02-29 00:00:00+00:00,3,1.0097165056246302
2024-03-01 00:00:00+00:00,3,1.048107804032276
2024-03-02 00:00:00+00:00,3,1.0354126335633485
2024-03-03 00:00:00+00:00,3,1.070567394468765
2024-03-04 00:00:00+00:00,3,1.230129417656351
2024-03-05 00:00:00+00:00,3,1.0901556292733805
2024-03-06 00:00:00+00:00,3,1.1614095536534017
2024-03-07 00:00:00+00:00,3,1.1867105608444588
2024-03-08 00:00:00+00:00,3,1.2291923790852095
2024-03-09 00:00:00+00:00,3,1.235335884996752
2024-03-10 00:00:00+00:00,3,1.2514343090548383
2024-03-11 00:00:00+00:00,3,1.3473659566600826
2024-03-12 00:00:00+00:00,3,1.32750609897669
2024-03-13 00:00:00+00:00,3,1.3770218632862545
2024-03-14 00:00:00+00:00,3,1.3248886201955137
2024-03-15 00:00:00+00:00,3,1.2633012108254147
2024-03-16 00:00:00+00:00,3,1.1369427305033892
2024-03-17 00:00:00+00:00,3,1.231990215457894
2024-03-18 00:00:00+00:00,3,1.2059675364582456
2024-03-19 00:00:00+00:00,3,1.031794496096757
2024-03-20 00:00:00+00:00,3,1.2172501472362525
2024-03-21 00:00:00+00:00,3,1.1423903989601443
2024-03-22 00:00:00+00:00,3,1.089462206244182
2024-03-23 00:00:00+00:00,3,1.098221863002827
2024-03-24 00:00:00+00:00,3,1.196250439232231
2024-03-25 00:00:00+00:00,3,1.280454497423392
2024-03-26 00:00:00+00:00,3,1.281351456529754
2024-03-27 00:00:00+00:00,3,1.2648949731567996
2024-03-28 00:00:00+00:00,3,1.3047498963565762
2024-03-29 00:00:00+00:00,3,1.2784152735708125
2024-03-30 00:00:00+00:00,3,1.2707656489767705
2024-03-31 00:00:00+00:00,3,1.3229433174983511
2024-04-01 00:00:00+00:00,3,1.2725223850354217
2024-04-02 00:00:00+00:00,3,1.1410176772914442
2024-04-03 00:00:00+00:00,3,1.157515809505811
2024-04-04 00:00:00+00:00,3,1.235643724259366
2024-04-05 00:00:00+00:00,3,1.2149004282529106
2024-04-06 00:00:00+00:00,3,1.247612031904686
2024-04-07 00:00:00+00:00,3,1.2620273598845895
2024-04-08 00:00:00+00:00,3,1.3321439690908508
2024-04-09 00:00:00+00:00,3,1.2551189639464104
2024-04-10 00:00:00+00:00,3,1.2998956937096295
2024-04-11 00:00:00+00:00,3,1.283600493966029
2024-04-12 00:00:00+00:00,3,1.1950666463658806
2024-04-13 00:00:00+00:00,3,1.0907821727137599
2024-04-14 00:00:00+00:00,3,1.1500342289327723
2024-04-15 00:00:00+00:00,3,1.0785667486093926
2024-04-16 00:00:00+00:00,3,1.0904851983662969
2024-04-17 00:00:00+00:00,3,1.0121366051138951
2024-04-18 00:00:00+00:00,3,1.0812413285557518
2024-04-19 00:00:00+00:00,3,1.0914650929916454
2024-04-20 00:00:00+00:00,3,1.1270323585089648
2024-04-21 00:00:00+00:00,3,1.1249371199827174
2024-04-22 00:00:00+00:00,3,1.183996987924835
2024-04-23 00:00:00+00:00,3,1.1706954344691975
2024-04-24 00:00:00+00:00,3,1.1048569459643165
2024-04-25 00:00:00+00:00,3,1.1111864833675014
2024-04-26 00:00:00+00:00,3,1.0887377578461637
2024-04-27 00:00:00+00:00,3,1.0783482430935762
2024-04-28 00:00:00+00:00,3,1.0688941975354975
2024-04-29 00:00:00+00:00,3,1.0913894007494263
2024-04-30 00:00:00+00:00,3,0.9923627009814755
2024-05-01 00:00:00+00:00,3,0.9187217547427604
2024-05-02 00:00:00+00:00,3,0.9455909313539578
2024-05-03 00:00:00+00:00,3,1.0619902682846585
2024-05-04 00:00:00+00:00,3,1.0929454980416207
2024-05-05 00:00:00+00:00,3,1.0972616459460298
2024-05-06 00:00:00+00:00,3,1.0703998333328792
2024-05-07 00:00:00+00:00,3,1.0448375852930782
2024-05-08 00:00:00+00:00,3,1.0093938176446429
2024-05-09 00:00:00+00:00,3,1.0669388749721402
2024-05-10 00:00:00+00:00,3,0.997181411572262
2024-05-11 00:00:00+00:00,3,0.9972102639580522
2024-05-12 00:00:00+00:00,3,1.017443029673686
2024-05-13 00:00:00+00:00,3,1.0623491726484826
2024-05-14 00:00:00+00:00,3,1.0206693058671616
2024-05-15 00:00:00+00:00,3,1.1663755442051253
2024-05-16 00:00:00+00:00,3,1.1343611059422114
2024-05-17 00:00:00+00:00,3,1.1906166185625542
2024-05-18 00:00:00+00:00,3,1.1871840297024874
2024-05-19 00:00:00+00:00,3,1.1667116322471323
2024-05-20 00:00:00+00:00,3,1.3264833482971343
2024-05-21 00:00:00+00:00,3,1.2859468327535462
2024-05-22 00:00:00+00:00,3,1.254603484083131
2024-05-23 00:00:00+00:00,3,1.2177412414010815
2024-05-24 00:00:00+00:00,3,1.236177070872005
2024-05-25 00:00:00+00:00,3,1.2590416812010705
2024-05-26 00:00:00+00:00,3,1.2359295922491191
2024-05-27 00:00:00+00:00,3,1.2630163086058972
2024-05-28 00:00:00+00:00,3,1.2290726235759886
2024-05-29 00:00:00+00:00,3,1.2068792235607013
2024-05-30 00:00:00+00:00,3,1.2311980424221003
2024-05-31 00:00:00+00:00,3,1.2042004183695612
2024-06-01 00:00:00+00:00,3,1.2108610942422953
2024-06-02 00:00:00+00:00,3,1.2122414213516013
2024-06-03 00:00:00+00:00,3,1.2447895683909924
2024-06-04 00:00:00+00:00,3,1.2992739791204284
2024-06-05 00:00:00+00:00,3,1.3151915627018889
2024-06-06 00:00:00+00:00,3,1.3051272710761574
2024-06-07 00:00:00+00:00,3,1.2614102327040075
2024-06-08 00:00:00+00:00,3,1.2602725553664094
2024-06-09 00:00:00+00:00,3,1.2708487052170365
2024-06-10 00:00:00+00:00,3,1.266654606526158
2024-06-11 00:00:00+00:00,3,1.199274748725176
2024-06-12 00:00:00+00:00,3,1.2273719021910052
2024-06-13 00:00:00+00:00,3,1.1814850195419038
2024-06-14 00:00:00+00:00,3,1.1584516408641579
2024-06-15 00:00:00+00:00,3,1.1640115801108075
2024-06-16 00:00:00+00:00,3,1.177858310864471
2024-06-17 00:00:00+00:00,3,1.1732612445427664
2024-06-18 00:00:00+00:00,3,1.1315538533097294
2024-06-19 00:00:00+00:00,3,1.1259771338052353
2024-06-20 00:00:00+00:00,3,1.1219088266875505
2024-06-21 00:00:00+00:00,3,1.099272500297937
2024-06-22 00:00:00+00:00,3,1.1041053352784203
2024-06-23 00:00:00+00:00,3,1.070982313506257
2024-06-24 00:00:00+00:00,3,0.9812542910097245
2024-06-25 00:00:00+00:00,3,1.0284526896388415
2024-06-26 00:00:00+00:00,3,0.9977531475517681
2024-06-27 00:00:00+00:00,3,1.0222767097031253
2024-06-28 00:00:00+00:00,3,0.9825746196431405
2024-06-29 00:00:00+00:00,3,1.0001050395181401
2024-06-30 00:00:00+00:00,3,1.0554526073956905
2024-07-01 00:00:00+00:00,3,1.0608203583654452
2024-07-02 00:00:00+00:00,3,1.0353869199308243
2024-07-03 00:00:00+00:00,3,0.9780559014318034
2024-07-04 00:00:00+00:00,3,0.8792778874995332
2024-07-05 00:00:00+00:00,3,0.8695327829366848
2024-07-06 00:00:00+00:00,3,0.9202523798449896
2024-07-07 00:00:00+00:00,3,0.8443990954389544
2024-07-08 00:00:00+00:00,3,0.8708531115701007
2024-07-09 00:00:00+00:00,3,0.9111567557656174
2024-07-10 00:00:00+00:00,3,0.9029135446404876
2024-07-11 00:00:00+00:00,3,0.8906264120961231
2024-07-12 00:00:00+00:00,3,0.9077646085341685
2024-07-13 00:00:00+00:00,3,0.9489446892185395
2024-07-14 00:00:00+00:00,3,0.9970273712196756
2024-07-15 00:00:00+00:00,3,1.123191248839217
2024-07-16 00:00:00+00:00,3,1.1302064831097152
2024-07-17 00:00:00+00:00,3,1.0999707521783137
2024-07-18 00:00:00+00:00,3,1.0954980287744496
2024-07-19 00:00:00+00:00,3,1.1800559210356973
2024-07-20 00:00:00+00:00,3,1.194070937252923
2024-07-21 00:00:00+00:00,3,1.2246935798849827
2024-07-22 00:00:00+00:00,3,1.2071003849446658
2024-07-23 00:00:00+00:00,3,1.1558735172200845
2024-07-24 00:00:00+00:00,3,1.1387047782983366
2024-07-25 00:00:00+00:00,3,1.151224057863096
2024-07-26 00:00:00+00:00,3,1.2172004100691163
2024-07-27 00:00:00+00:00,3,1.2141493004521322
2024-07-28 00:00:00+00:00,3,1.2278255727592027
2024-07-29 00:00:00+00:00,3,1.1834479475458668
2024-07-30 00:00:00+00:00,3,1.1643211094713342
2024-07-31 00:00:00+00:00,3,1.1154372003384452
2024-08-01 00:00:00+00:00,3,1.1382525563854924
2024-08-02 00:00:00+00:00,3,1.016413035717363
2024-08-03 00:00:00+00:00,3,0.9936989648237797
2024-08-04 00:00:00+00:00,3,0.9144867315381461
2024-08-05 00:00:00+00:00,3,0.7869890045018895
2024-08-06 00:00:00+00:00,3,0.8501228534618265
2024-08-07 00:00:00+00:00,3,0.8190063400755103
2024-08-08 00:00:00+00:00,3,1.0255320797249499
2024-08-09 00:00:00+00:00,3,0.999880497938351
2024-08-10 00:00:00+00:00,3,1.0019109091375302
2024-08-11 00:00:00+00:00,3,0.9331070231240792
2024-08-12 00:00:00+00:00,3,0.9527324400827674
2024-08-13 00:00:00+00:00,3,0.9915193421231923
2024-08-14 00:00:00+00:00,3,0.9336566671094447
2024-08-15 00:00:00+00:00,3,0.8972765852175446
2024-08-16 00:00:00+00:00,3,0.9385036264796242
2024-08-17 00:00:00+00:00,3,0.9565787407675317
2024-08-18 00:00:00+00:00,3,0.925828375021807
2024-08-19 00:00:00+00:00,3,0.957026254550477
2024-08-20 00:00:00+00:00,3,0.9421716218346312
2024-08-21 00:00:00+00:00,3,1.0089997833884967
2024-08-22 00:00:00+00:00,3,0.9844838266777455
2024-08-23 00:00:00+00:00,3,1.0992155198540337
2024-08-24 00:00:00+00:00,3,1.101831187816018
2024-08-25 00:00:00+00:00,3,1.1066075252377154
2024-08-26 00:00:00+00:00,3,1.061706693999215
2024-08-27 00:00:00+00:00,3,0.9573563065285111
2024-08-28 00:00:00+00:00,3,0.9426300005327276
2024-08-29 00:00:00+00:00,3,0.9537728160691237
2024-08-30 00:00:00+00:00,3,0.9454686406978683
2024-08-31 00:00:00+00:00,3,0.9408459814649192
2024-09-01 00:00:00+00:00,3,0.8900260651733859
2024-09-02 00:00:00+00:00,3,0.9452524288863617
2024-09-03 00:00:00+00:00,3,0.8932875919804627
2024-09-04 00:00:00+00:00,3,0.9099920368614208
2024-09-05 00:00:00+00:00,3,0.8540221507882723
2024-09-06 00:00:00+00:00,3,0.7856692794748708
2024-09-07 00:00:00+00:00,3,0.7915700148934262
2024-09-08 00:00:00+00:00,3,0.8132613351074538
2024-09-09 00:00:00+00:00,3,0.880570691681233
2024-09-10 00:00:00+00:00,3,0.9000151474420159
2024-09-11 00:00:00+00:00,3,0.8905725704054855
2024-09-12 00:00:00+00:00,3,0.9147968645050699
2024-09-13 00:00:00+00:00,3,0.9903367564696361
2024-09-14 00:00:00+00:00,3,0.9728391727826486
2024-09-15 00:00:00+00:00,3,0.9474267398506532
2024-09-16 00:00:00+00:00,3,0.9168209981977175
2024-09-17 00:00:00+00:00,3,0.9822161981644342
2024-09-18 00:00:00+00:00,3,1.0236636764828013
2024-09-19 00:00:00+00:00,3,1.0635546953451356
2024-09-20 00:00:00+00:00,3,1.0713587224556025
2024-09-21 00:00:00+00:00,3,1.0775972360140773
2024-09-22 00:00:00+00:00,3,1.0854430326872362
2024-09-23 00:00:00+00:00,3,1.0755872267111262
2024-09-24 00:00:00+00:00,3,1.1056317351358684
2024-09-25 00:00:00+00:00,3,1.0698186810935757
2024-09-26 00:00:00+00:00,3,1.1327984897009262
2024-09-27 00:00:00+00:00,3,1.1516393390644264
2024-09-28 00:00:00+00:00,3,1.154636606990773
2024-09-29 00:00:00+00:00,3,1.1468380123378814
2024-09-30 00:00:00+00:00,3,1.075577931172608
2024-10-01 00:00:00+00:00,3,0.9985483386195483
2024-10-02 00:00:00+00:00,3,0.9922369094082818
2024-10-03 00:00:00+00:00,3,0.9961499689605855
2024-10-04 00:00:00+00:00,3,1.0365755416483533
2024-10-05 00:00:00+00:00,3,1.0372700511690667
2024-10-06 00:00:00+00:00,3,1.0597996599476402
2024-10-07 00:00:00+00:00,3,1.0418041009828947
2024-10-08 00:00:00+00:00,3,1.0385686499721805
2024-10-09 00:00:00+00:00,3,0.9906705508073333
2024-10-10 00:00:00+00:00,3,0.98116423293525
2024-10-11 00:00:00+00:00,3,1.048245547012136
2024-10-12 00:00:00+00:00,3,1.071360171110956
2024-10-13 00:00:00+00:00,3,1.0608016465671295
2024-10-14 00:00:00+00:00,3,1.1595342692983241
2024-10-15 00:00:00+00:00,3,1.1902839107163719
2024-10-16 00:00:00+00:00,3,1.207949296981804
2024-10-17 00:00:00+00:00,3,1.2013702286939822
2024-10-18 00:00:00+00:00,3,1.2328606158827755
2024-10-19 00:00:00+00:00,3,1.2311282655225744
2024-10-20 00:00:00+00:00,3,1.2508753695309547
2024-10-21 00:00:00+00:00,3,1.2003817628577924
2024-10-22 00:00:00+00:00,3,1.200182572746689
2024-10-23 00:00:00+00:00,3,1.17146563623213
2024-10-24 00:00:00+00:00,3,1.224895425864234
2024-10-25 00:00:00+00:00,3,1.1779623726073625
2024-10-26 00:00:00+00:00,3,1.189467593424687
2024-10-27 00:00:00+00:00,3,1.2177330323540785
2024-10-28 00:00:00+00:00,3,1.2788766703008954
2024-10-29 00:00:00+00:00,3,1.3658032347863598
2024-10-30 00:00:00+00:00,3,1.3540300127286418
2024-10-31 00:00:00+00:00,3,1.2883776764366826
2024-11-01 00:00:00+00:00,3,1.2657332617213457
2024-11-02 00:00:00+00:00,3,1.259762628681985
2024-11-03 00:00:00+00:00,3,1.24282205297841
2024-11-04 00:00:00+00:00,3,1.2140928028933464
2024-11-05 00:00:00+00:00,3,1.2619348873845257
2024-11-06 00:00:00+00:00,3,1.456001104502537
2024-11-07 00:00:00+00:00,3,1.4642149803567588
2024-11-08 00:00:00+00:00,3,1.4840130287450697
2024-11-09 00:00:00+00:00,3,1.491225883750038
2024-11-10 00:00:00+00:00,3,1.6054284555584684
2024-11-11 00:00:00+00:00,1,1.8596901656944451
2024-11-12 00:00:00+00:00,3,1.8366454392164302
2024-11-13 00:00:00+00:00,3,1.917873717868988
2024-11-14 00:00:00+00:00,3,1.8148458320147303
2024-11-15 00:00:00+00:00,3,1.932764929132509
2024-11-16 00:00:00+00:00,3,1.9170798547352819
2024-11-17 00:00:00+00:00,3,1.8950564302814692
2024-11-18 00:00:00+00:00,3,1.916590450668365
2024-11-19 00:00:00+00:00,3,1.9722543082980912
2024-11-20 00:00:00+00:00,3,2.0339308099724294
2024-11-21 00:00:00+00:00,3,2.1626559102569205
2024-11-22 00:00:00+00:00,3,2.177889969954098
2024-11-23 00:00:00+00:00,3,2.14017446926885
2024-11-24 00:00:00+00:00,3,2.14748462562506
2024-11-25 00:00:00+00:00,3,1.9956957249004001
2024-11-26 00:00:00+00:00,3,1.961175957924925
2024-11-27 00:00:00+00:00,3,2.084090260144056
2024-11-28 00:00:00+00:00,3,2.0745078878659147
2024-11-29 00:00:00+00:00,3,2.1304160853652614
2024-11-30 00:00:00+00:00,3,2.099126095500366
2024-12-01 00:00:00+00:00,3,2.1247996485598257
2024-12-02 00:00:00+00:00,3,2.081085507498383
2024-12-03 00:00:00+00:00,3,2.0853150982454216
2024-12-04 00:00:00+00:00,3,2.1708087011437374
2024-12-05 00:00:00+00:00,3,2.1035922999551393
2024-12-06 00:00:00+00:00,3,2.2064164082896744
2024-12-07 00:00:00+00:00,3,2.206497532989469
2024-12-08 00:00:00+00:00,3,2.247065436065716
2024-12-09 00:00:00+00:00,3,2.1295258866505486
2024-12-10 00:00:00+00:00,3,2.10612213508743
2024-12-11 00:00:00+00:00,3,2.2451189261557594
2024-12-12 00:00:00+00:00,3,2.2101957086643407
2024-12-13 00:00:00+00:00,3,2.2539646571866565
2024-12-14 00:00:00+00:00,3,2.251297924123462
2024-12-15 00:00:00+00:00,3,2.341716472338486
2024-12-16 00:00:00+00:00,3,2.3952131415594087
2024-12-17 00:00:00+00:00,3,2.3986399357980615
2024-12-18 00:00:00+00:00,3,2.210150558905824
2024-12-19 00:00:00+00:00,3,2.1313255994846867
2024-12-20 00:00:00+00:00,3,2.1395146067553403
2024-12-21 00:00:00+00:00,3,2.1230979614046066
2024-12-22 00:00:00+00:00,3,2.0575866275670527
2024-12-23 00:00:00+00:00,3,2.044646996507226
2024-12-24 00:00:00+00:00,3,2.167951952786678
2024-12-25 00:00:00+00:00,3,2.187208686957906
2024-12-26 00:00:00+00:00,3,2.078928701119613
2024-12-27 00:00:00+00:00,3,2.028533844453046
2024-12-28 00:00:00+00:00,3,2.0594097603294053
2024-12-29 00:00:00+00:00,3,2.008920741064862
2024-12-30 00:00:00+00:00,3,1.9815078358109928
2024-12-31 00:00:00+00:00,3,2.0057986473355576
2025-01-01 00:00:00+00:00,3,2.036411390822702
2025-01-02 00:00:00+00:00,3,2.112656777944412
2025-01-03 00:00:00+00:00,3,2.1503775903659563
2025-01-04 00:00:00+00:00,3,2.154358012392197
2025-01-05 00:00:00+00:00,3,2.1567912705009227
2025-01-06 00:00:00+00:00,3,2.273089322278159
2025-01-07 00:00:00+00:00,3,2.1137640335195873
2025-01-08 00:00:00+00:00,3,2.0556886476114373
2025-01-09 00:00:00+00:00,3,1.9765886851156984
2025-01-10 00:00:00+00:00,3,2.0451170851694296
2025-01-11 00:00:00+00:00,3,2.0409493037174724
2025-01-12 00:00:00+00:00,3,2.0385339123581065
2025-01-13 00:00:00+00:00,3,2.039401898357399
2025-01-14 00:00:00+00:00,3,2.101752749098781
2025-01-15 00:00:00+00:00,3,2.224457962061893
2025-01-16 00:00:00+00:00,3,2.2013540821569446
2025-01-17 00:00:00+00:00,0,2.3467645533602397
2025-01-18 00:00:00+00:00,3,2.3450966681632686
2025-01-19 00:00:00+00:00,3,2.242540802511686
2025-01-20 00:00:00+00:00,3,2.2711911008799848
2025-01-21 00:00:00+00:00,3,2.3988149816532736
2025-01-22 00:00:00+00:00,3,2.321763659269912
2025-01-23 00:00:00+00:00,3,2.3312545248182244
2025-01-24 00:00:00+00:00,3,2.3578112747581885
2025-01-25 00:00:00+00:00,3,2.3545713570601343
2025-01-26 00:00:00+00:00,3,2.291768525848467
2025-01-27 00:00:00+00:00,3,2.2733860551830634
2025-01-28 00:00:00+00:00,3,2.250046527340616
2025-01-29 00:00:00+00:00,3,2.3233132376130157
2025-01-30 00:00:00+00:00,3,2.3552097311859
2025-01-31 00:00:00+00:00,3,2.283193210483552
2025-02-01 00:00:00+00:00,3,2.229137360296187
2025-02-02 00:00:00+00:00,3,2.1374454440254556
2025-02-03 00:00:00+00:00,3,2.252300876513187
2025-02-04 00:00:00+00:00,3,2.1430961656742564
2025-02-05 00:00:00+00:00,3,2.104268339120096
2025-02-06 00:00:00+00:00,3,2.1035838494655774
2025-02-07 00:00:00+00:00,3,2.101599433073871
2025-02-08 00:00:00+00:00,3,2.1001582624397193
2025-02-09 00:00:00+00:00,3,2.1007034397377446
2025-02-10 00:00:00+00:00,3,2.129675339594516
2025-02-11 00:00:00+00:00,3,2.077442622169503
2025-02-12 00:00:00+00:00,3,2.1435300379526234
2025-02-13 00:00:00+00:00,3,2.104528614198604
2025-02-14 00:00:00+00:00,3,2.13188236602554
2025-02-15 00:00:00+00:00,3,2.1340884266863287
2025-02-16 00:00:00+00:00,3,2.090657497746491
2025-02-17 00:00:00+00:00,3,2.078244694350212
2025-02-18 00:00:00+00:00,3,2.0710180771193856
2025-02-19 00:00:00+00:00,3,2.1048915023646506
2025-02-20 00:00:00+00:00,3,2.157377734476522
2025-02-21 00:00:00+00:00,3,2.0891282005783354
2025-02-22 00:00:00+00:00,3,2.1031036202158995
2025-02-23 00:00:00+00:00,3,2.0937136776572123
2025-02-24 00:00:00+00:00,3,1.9436484353606325
2025-02-25 00:00:00+00:00,3,1.860762170656019
2025-02-26 00:00:00+00:00,3,1.7251170851905209
2025-02-27 00:00:00+00:00,3,1.7361563218691434
2025-02-28 00:00:00+00:00,3,1.7259201231414658
2025-03-01 00:00:00+00:00,3,1.7771880361010621
2025-03-02 00:00:00+00:00,1,2.0311141410801494
2025-03-03 00:00:00+00:00,3,1.7782313093981255
2025-03-04 00:00:00+00:00,3,1.8139732586068185
2025-03-05 00:00:00+00:00,3,1.9190913126935865
2025-03-06 00:00:00+00:00,3,1.8986375063152676
2025-03-07 00:00:00+00:00,3,1.7991537557832944
2025-03-08 00:00:00+00:00,3,1.7809794086036739
2025-03-09 00:00:00+00:00,3,1.6093487583875397
2025-03-10 00:00:00+00:00,3,1.545405835412685
2025-03-11 00:00:00+00:00,3,1.679229478213743
2025-03-12 00:00:00+00:00,3,1.7058120625075104
2025-03-13 00:00:00+00:00,3,1.6237399421115517
2025-03-14 00:00:00+00:00,3,1.7134375428456612
2025-03-15 00:00:00+00:00,3,1.7249961224685055
2025-03-16 00:00:00+00:00,3,1.6704981909557703
2025-03-17 00:00:00+00:00,3,1.716731543676912
2025-03-18 00:00:00+00:00,3,1.6747881423425373
2025-03-19 00:00:00+00:00,3,1.8026013140820139
2025-03-20 00:00:00+00:00,3,1.7195595603694604
2025-03-21 00:00:00+00:00,3,1.715728832729746
2025-03-22 00:00:00+00:00,3,1.7092154368179489
2025-03-23 00:00:00+00:00,3,1.7778821834579372
2025-03-24 00:00:00+00:00,3,1.8225251540435186
2025-03-25 00:00:00+00:00,3,1.8216842096108243
2025-03-26 00:00:00+00:00,3,1.8040432090438425
2025-03-27 00:00:00+00:00,3,1.8125796521567723
2025-03-28 00:00:00+00:00,3,1.7253063761567087
2025-03-29 00:00:00+00:00,3,1.6710513358582402
2025-03-30 00:00:00+00:00,3,1.66292148201452
2025-03-31 00:00:00+00:00,3,1.669547148716212
2025-04-01 00:00:00+00:00,3,1.7505252928777355
2025-04-02 00:00:00+00:00,3,1.6675938784146054
2025-04-03 00:00:00+00:00,3,1.6866656675857057
2025-04-04 00:00:00+00:00,3,1.7095652870858138
2025-04-05 00:00:00+00:00,3,1.6990883701269
2025-04-06 00:00:00+00:00,3,1.5355931269333407
2025-04-07 00:00:00+00:00,3,1.5671421846639497
2025-04-08 00:00:00+00:00,3,1.475559883314965
2025-04-09 00:00:00+00:00,3,1.670320972117528
2025-04-10 00:00:00+00:00,3,1.579219865788457
2025-04-11 00:00:00+00:00,3,1.6959991125856075
2025-04-12 00:00:00+00:00,3,1.7541701097470868
2025-04-13 00:00:00+00:00,3,1.7046567598631115
2025-04-14 00:00:00+00:00,3,1.7311548392612595
2025-04-15 00:00:00+00:00,3,1.7041627683875753
2025-04-16 00:00:00+00:00,3,1.7154391016590504
2025-04-17 00:00:00+00:00,3,1.7420752862008966
2025-04-18 00:00:00+00:00,3,1.728324408143122
2025-04-19 00:00:00+00:00,3,1.7472568849577295
2025-04-20 00:00:00+00:00,3,1.7506839206389413
2025-04-21 00:00:00+00:00,3,1.823143005551777
2025-04-22 00:00:00+00:00,3,2.0061907500512324
2025-04-23 00:00:00+00:00,3,2.0141400048608857
2025-04-24 00:00:00+00:00,3,2.0217019858060423
2025-04-25 00:00:00+00:00,3,2.0457057221280595
2025-04-26 00:00:00+00:00,3,2.0434320575507754
2025-04-27 00:00:00+00:00,3,2.0158624560761713
2025-04-28 00:00:00+00:00,3,2.0536868473554892
2025-04-29 00:00:00+00:00,3,2.03224022917492
2025-04-30 00:00:00+00:00,3,2.029845843318179
2025-05-01 00:00:00+00:00,3,2.1004636872767444
2025-05-02 00:00:00+00:00,3,2.113373620901825
2025-05-03 00:00:00+00:00,3,2.0819042392156573
2025-05-04 00:00:00+00:00,3,2.033204067870101
2025-05-05 00:00:00+00:00,3,2.046557290033346
2025-05-06 00:00:00+00:00,3,2.1100484739804743
2025-05-07 00:00:00+00:00,3,2.1171517140636964
2025-05-08 00:00:00+00:00,3,2.3090430166110187
2025-05-09 00:00:00+00:00,3,2.300679929255389
2025-05-10 00:00:00+00:00,3,2.354005174259483
2025-05-11 00:00:00+00:00,3,2.3357723979806053
2025-05-12 00:00:00+00:00,3,2.295800133697197
2025-05-13 00:00:00+00:00,3,2.3377333944440974
2025-05-14 00:00:00+00:00,3,2.3182511529228447
2025-05-15 00:00:00+00:00,3,2.324593607502931
2025-05-16 00:00:00+00:00,3,2.3167020574648585
2025-05-17 00:00:00+00:00,3,2.3074861949911476
2025-05-18 00:00:00+00:00,3,2.4080784083110904
2025-05-19 00:00:00+00:00,3,2.3821238161130553
2025-05-20 00:00:00+00:00,3,2.41874292613828
2025-05-21 00:00:00+00:00,3,2.5079644021462126
2025-05-22 00:00:00+00:00,3,2.5696254514967802
2025-05-23 00:00:00+00:00,3,2.434093602591412
2025-05-24 00:00:00+00:00,3,2.44964974666218
2025-05-25 00:00:00+00:00,3,2.4881023714797896
2025-05-26 00:00:00+00:00,3,2.5006180294061653
2025-05-27 00:00:00+00:00,3,2.486843007092499
2025-05-28 00:00:00+00:00,3,2.4499950095214253
2025-05-29 00:00:00+00:00,3,2.3832233455263454
2025-05-30 00:00:00+00:00,3,2.3324412149952822
2025-05-31 00:00:00+00:00,3,2.352205461425345
2025-06-01 00:00:00+00:00,3,2.3835430154743467
2025-06-02 00:00:00+00:00,3,2.390633459101946
2025-06-03 00:00:00+00:00,3,2.376755340815624
2025-06-04 00:00:00+00:00,3,2.3551071180983625
2025-06-05 00:00:00+00:00,3,2.2575710846891406
2025-06-06 00:00:00+00:00,3,2.3445488349970947
2025-06-07 00:00:00+00:00,3,2.3824157201667813
2025-06-08 00:00:00+00:00,3,2.387917471756733
2025-06-09 00:00:00+00:00,3,2.5270023893590654
2025-06-10 00:00:00+00:00,3,2.5258630219235547
2025-06-11 00:00:00+00:00,3,2.4773238927647934
2025-06-12 00:00:00+00:00,3,2.392102154187814
2025-06-13 00:00:00+00:00,3,2.3971060512212867
2025-06-14 00:00:00+00:00,3,2.3779895951767873
2025-06-15 00:00:00+00:00,3,2.3804501362946704
2025-06-16 00:00:00+00:00,3,2.4189182134360503
2025-06-17 00:00:00+00:00,3,2.35106271379401
2025-06-18 00:00:00+00:00,3,2.359784343349626
2025-06-19 00:00:00+00:00,3,2.3536331112761983
2025-06-20 00:00:00+00:00,3,2.3111488786098584
2025-06-21 00:00:00+00:00,3,2.2786311533328902
2025-06-22 00:00:00+00:00,3,2.2393740419089823
2025-06-23 00:00:00+00:00,3,2.3812459309688476
2025-06-24 00:00:00+00:00,3,2.3957049600519147
2025-06-25 00:00:00+00:00,3,2.4363638869728717
2025-06-26 00:00:00+00:00,3,2.4239631557045387
2025-06-27 00:00:00+00:00,3,2.4279322299305104
2025-06-28 00:00:00+00:00,3,2.4353268911823402
2025-06-29 00:00:00+00:00,3,2.468019903757079
2025-06-30 00:00:00+00:00,3,2.429381851054224
2025-07-01 00:00:00+00:00,3,2.3849701824400813
2025-07-02 00:00:00+00:00,3,2.482660980529566
2025-07-03 00:00:00+00:00,3,2.5070341239667204
2025-07-04 00:00:00+00:00,3,2.4571651291934664
2025-07-05 00:00:00+00:00,3,2.463248515907839
2025-07-06 00:00:00+00:00,3,2.4941806879004256
2025-07-07 00:00:00+00:00,3,2.465370796000685
2025-07-08 00:00:00+00:00,3,2.4854718548004318
2025-07-09 00:00:00+00:00,3,2.55890998928966
2025-07-10 00:00:00+00:00,0,2.7029456865625043
2025-07-11 00:00:00+00:00,3,2.7502232783509446
2025-07-12 00:00:00+00:00,3,2.7476963405293606
2025-07-13 00:00:00+00:00,3,2.7996436728497387
2025-07-14 00:00:00+00:00,3,2.8223148876891146
2025-07-15 00:00:00+00:00,3,2.758264522775544
2025-07-16 00:00:00+00:00,3,2.7879737882072355
2025-07-17 00:00:00+00:00,3,2.805012631032288
2025-07-18 00:00:00+00:00,3,2.765250180332575
2025-07-19 00:00:00+00:00,3,2.763295461375615
2025-07-20 00:00:00+00:00,3,2.743541596975585
2025-07-21 00:00:00+00:00,3,2.747829616821881
2025-07-22 00:00:00+00:00,3,2.8268180328554022
2025-07-23 00:00:00+00:00,3,2.7884822662363065
2025-07-24 00:00:00+00:00,3,2.7765233748507843
2025-07-25 00:00:00+00:00,3,2.7538975512124835
2025-07-26 00:00:00+00:00,3,2.763523866036347
2025-07-27 00:00:00+00:00,3,2.809915605076135
2025-07-28 00:00:00+00:00,3,2.7628164393387316
2025-07-29 00:00:00+00:00,3,2.7627444894561752
2025-07-30 00:00:00+00:00,3,2.7599333737427507
2025-07-31 00:00:00+00:00,3,2.695868522275645
2025-08-01 00:00:00+00:00,3,2.6205193699326204
2025-08-02 00:00:00+00:00,3,2.596006672696414
2025-08-03 00:00:00+00:00,3,2.6482589469686992
2025-08-04 00:00:00+00:00,3,2.6746580349176927
2025-08-05 00:00:00+00:00,3,2.6459031919213847
2025-08-06 00:00:00+00:00,3,2.673301852064278
2025-08-07 00:00:00+00:00,3,2.7496022880894206
2025-08-08 00:00:00+00:00,3,2.7246260211401014
2025-08-09 00:00:00+00:00,3,2.718804599602149
2025-08-10 00:00:00+00:00,3,2.805535354172335
2025-08-11 00:00:00+00:00,3,2.787755524133978
2025-08-12 00:00:00+00:00,3,2.8323033663513475
2025-08-13 00:00:00+00:00,3,2.9303068325546247
2025-08-14 00:00:00+00:00,3,2.776263099772276
2025-08-15 00:00:00+00:00,3,2.746556731651291
2025-08-16 00:00:00+00:00,3,2.7494308638725924
2025-08-17 00:00:00+00:00,3,2.748247553891359
2025-08-18 00:00:00+00:00,3,2.7111387983566595
2025-08-19 00:00:00+00:00,3,2.6054098945958417
2025-08-20 00:00:00+00:00,3,2.650022684861559
2025-08-21 00:00:00+00:00,3,2.5926725924003837
2025-08-22 00:00:00+00:00,3,2.7303544872928724
2025-08-23 00:00:00+00:00,3,2.6840050007008935
2025-08-24 00:00:00+00:00,3,2.6247948347658525
2025-08-25 00:00:00+00:00,3,2.5217563254390027
2025-08-26 00:00:00+00:00,3,2.5736237402723803
2025-08-27 00:00:00+00:00,3,2.555680695064198
2025-08-28 00:00:00+00:00,3,2.596559576156325
2025-08-29 00:00:00+00:00,3,2.468800728992604
2025-08-30 00:00:00+00:00,3,2.4810771173430965
2025-08-31 00:00:00+00:00,3,2.46341945723955
2025-09-01 00:00:00+00:00,3,2.4947531482076086
2025-09-02 00:00:00+00:00,3,2.555016969469746
2025-09-03 00:00:00+00:00,3,2.5711685108907933
2025-09-04 00:00:00+00:00,3,2.540275935477869
2025-09-05 00:00:00+00:00,3,2.5380317268927723
2025-09-06 00:00:00+00:00,3,2.5248574136656816
2025-09-07 00:00:00+00:00,3,2.553998081871133
2025-09-08 00:00:00+00:00,3,2.581930088626666
2025-09-09 00:00:00+00:00,3,2.5652142959454385
2025-09-10 00:00:00+00:00,3,2.6401522716106345
2025-09-11 00:00:00+00:00,3,2.6881218377729197
2025-09-12 00:00:00+00:00,0,2.7064804056249914
2025-09-13 00:00:00+00:00,0,2.70181163086329
2025-09-14 00:00:00+00:00,0,2.6850349946572165
2025-09-15 00:00:00+00:00,3,2.6861852270078783
2025-09-16 00:00:00+00:00,3,2.729399581972371
2025-09-17 00:00:00+00:00,3,2.7178202382894603
2025-09-18 00:00:00+00:00,3,2.7384860312345047
2025-09-19 00:00:00+00:00,3,2.6937254781227327
2025-09-20 00:00:00+00:00,0,2.694748470244847
2025-09-21 00:00:00+00:00,0,2.681896241391347
2025-09-22 00:00:00+00:00,3,2.6028549494374236
2025-09-23 00:00:00+00:00,3,2.580170696699866
2025-09-24 00:00:00+00:00,3,2.620783508092071
2025-09-25 00:00:00+00:00,3,2.488531897792096
2025-09-26 00:00:00+00:00,3,2.5090383386482578
2025-09-27 00:00:00+00:00,3,2.5080839162128745
2025-09-28 00:00:00+00:00,3,2.5835127446003407
2025-09-29 00:00:00+00:00,3,2.6539055640939986
2025-09-30 00:00:00+00:00,3,2.6432651905227007
2025-10-01 00:00:00+00:00,3,2.7852054078267385
2025-10-02 00:00:00+00:00,3,2.8480137922172606
2025-10-03 00:00:00+00:00,3,2.8970061090591015
2025-10-04 00:00:00+00:00,0,2.901916809264834
2025-10-05 00:00:00+00:00,3,2.9355425144446543
2025-10-06 00:00:00+00:00,3,2.9738350628457044
2025-10-07 00:00:00+00:00,3,2.871814233904673
2025-10-08 00:00:00+00:00,3,2.9306407476136016
2025-10-09 00:00:00+00:00,3,2.879670291886586
2025-10-10 00:00:00+00:00,3,2.617252169225409
2025-10-11 00:00:00+00:00,3,2.542880617803423
2025-10-12 00:00:00+00:00,3,2.677683068738314
2025-10-13 00:00:00+00:00,3,2.680814095842299
2025-10-14 00:00:00+00:00,3,2.614294497878724
2025-10-15 00:00:00+00:00,3,2.542116693547022
2025-10-16 00:00:00+00:00,3,2.46185346080244
2025-10-17 00:00:00+00:00,3,2.40875155016534
2025-10-18 00:00:00+00:00,3,2.4313266708662686
2025-10-19 00:00:00+00:00,3,2.476708455682124
2025-10-20 00:00:00+00:00,3,2.536113948647326
2025-10-21 00:00:00+00:00,3,2.470842125828214
2025-10-22 00:00:00+00:00,3,2.4464798473062106
2025-10-23 00:00:00+00:00,3,2.5200681590670824
2025-10-24 00:00:00+00:00,3,2.549866275360454
2025-10-25 00:00:00+00:00,3,2.56865026500133
2025-10-26 00:00:00+00:00,3,2.6561326302574124
2025-10-27 00:00:00+00:00,3,2.6452196680371016
2025-10-28 00:00:00+00:00,3,2.6092724926533326
2025-10-29 00:00:00+00:00,3,2.519622456103329
2025-10-30 00:00:00+00:00,3,2.465546807626133
2025-10-31 00:00:00+00:00,3,2.5041966910143745
2025-11-01 00:00:00+00:00,3,2.5198916645565173
2025-11-02 00:00:00+00:00,3,2.5376806694121123
2025-11-03 00:00:00+00:00,3,2.4112157129216065
2025-11-04 00:00:00+00:00,3,2.2580213750615137
2025-11-05 00:00:00+00:00,3,2.329142626755412
2025-11-06 00:00:00+00:00,3,2.249082688645435
2025-11-07 00:00:00+00:00,3,2.31308983534096
2025-11-08 00:00:00+00:00,3,2.279394836146732
2025-11-09 00:00:00+00:00,3,2.3547256388552795
2025-11-10 00:00:00+00:00,3,2.394189425109617
2025-11-11 00:00:00+00:00,3,2.3015025240536056
2025-11-12 00:00:00+00:00,3,2.260267032301964
2025-11-13 00:00:00+00:00,3,2.199517911496411
2025-11-14 00:00:00+00:00,3,2.0357324543470385
2025-11-15 00:00:00+00:00,3,2.07131481002429
2025-11-16 00:00:00+00:00,3,2.028911460615186
2025-11-17 00:00:00+00:00,3,1.964530802281022
2025-11-18 00:00:00+00:00,3,1.9909542759284657
2025-11-19 00:00:00+00:00,3,1.945126305263739
2025-11-20 00:00:00+00:00,3,1.7957303417404664
2025-11-21 00:00:00+00:00,3,1.748099760930895
2025-11-22 00:00:00+00:00,3,1.734429766130356
2025-11-23 00:00:00+00:00,3,1.8010802259608616
2025-11-24 00:00:00+00:00,3,1.8463726770299191
2025-11-25 00:00:00+00:00,3,1.8176724000519253
2025-11-26 00:00:00+00:00,3,1.9158402886378223
2025-11-27 00:00:00+00:00,3,1.9395443947442284
2025-11-28 00:00:00+00:00,3,1.9282299135484453
2025-11-29 00:00:00+00:00,3,1.9261436083968775
2025-11-30 00:00:00+00:00,3,1.9120064222448419
2025-12-01 00:00:00+00:00,3,1.7861397604153224
2025-12-02 00:00:00+00:00,3,1.941547885098089
2025-12-03 00:00:00+00:00,3,2.0088458938715994
2025-12-04 00:00:00+00:00,3,1.9660064992010984
2025-12-05 00:00:00+00:00,3,1.8808992043970438
2025-12-06 00:00:00+00:00,3,1.8773333392444571
2025-12-07 00:00:00+00:00,3,1.9123565139552658
2025-12-08 00:00:00+00:00,3,1.9196055853440712
2025-12-09 00:00:00+00:00,3,1.983006711216725
2025-12-10 00:00:00+00:00,3,1.9622769359935686
2025-12-11 00:00:00+00:00,3,1.9774322854165405
2025-12-12 00:00:00+00:00,3,1.9081773847030399
2025-12-13 00:00:00+00:00,3,1.909051889651423
2025-12-14 00:00:00+00:00,3,1.8434249048281497
2025-12-15 00:00:00+00:00,3,1.7891749348234183
2025-12-16 00:00:00+00:00,3,1.8331894304281489
2025-12-17 00:00:00+00:00,3,1.7806445277744614
2025-12-18 00:00:00+00:00,3,1.7595907366372436
2025-12-19 00:00:00+00:00,3,1.841206047711739
2025-12-20 00:00:00+00:00,3,1.848642237083702
2025-12-21 00:00:00+00:00,3,1.8572260029381784
2025-12-22 00:00:00+00:00,3,1.8531547985097867
2025-12-23 00:00:00+00:00,3,1.8199009148706926
2025-12-24 00:00:00+00:00,3,1.8260188278709903
2025-12-25 00:00:00+00:00,3,1.8143610153564327
2025-12-26 00:00:00+00:00,3,1.8164219690393146
2025-12-27 00:00:00+00:00,3,1.8318967469677285
2025-12-28 00:00:00+00:00,3,1.8329376058392026
2025-12-29 00:00:00+00:00,3,1.811375578115473
2025-12-30 00:00:00+00:00,3,1.851304141295718
2025-12-31 00:00:00+00:00,3,1.8228315446507792
2026-01-01 00:00:00+00:00,3,1.8606327574444415
2026-01-02 00:00:00+00:00,3,1.8981111615368371
2026-01-03 00:00:00+00:00,3,1.9184616304999411
2026-01-04 00:00:00+00:00,3,1.9435038112678436
2026-01-05 00:00:00+00:00,3,2.019809317586723
2026-01-06 00:00:00+00:00,3,2.0150647298615225
2026-01-07 00:00:00+00:00,3,1.940245302492753
2026-01-08 00:00:00+00:00,3,1.9315632695167988
2026-01-09 00:00:00+00:00,3,1.9156775563531148
2026-01-10 00:00:00+00:00,3,1.9117695670945483
2026-01-11 00:00:00+00:00,3,1.925392722038658
2026-01-12 00:00:00+00:00,3,1.9366893364850817
2026-01-13 00:00:00+00:00,3,2.0642881072322434
2026-01-14 00:00:00+00:00,3,2.1139687768095454
2026-01-15 00:00:00+00:00,3,2.0713778265321663
2026-01-16 00:00:00+00:00,3,2.0705721327130733
2026-01-17 00:00:00+00:00,3,2.0574316214442305
2026-01-18 00:00:00+00:00,3,2.0121411019156445
2026-01-19 00:00:00+00:00,3,1.9787382482177012
2026-01-20 00:00:00+00:00,3,1.8476194864041462
2026-01-21 00:00:00+00:00,3,1.880565530780626
2026-01-22 00:00:00+00:00,3,1.8832076367028114
2026-01-23 00:00:00+00:00,3,1.8844877651501684
2026-01-24 00:00:00+00:00,3,1.872337892700546
2026-01-25 00:00:00+00:00,3,1.7938859620329297
2026-01-26 00:00:00+00:00,3,1.8462669251891153
2026-01-27 00:00:00+00:00,3,1.872085585226482
2026-01-28 00:00:00+00:00,3,1.8746197663248332
2026-01-29 00:00:00+00:00,3,1.731748063628509
2026-01-30 00:00:00+00:00,3,1.7183685242263425
2026-01-31 00:00:00+00:00,3,1.548159970682206
2026-02-01 00:00:00+00:00,3,1.4972701567698674
2026-02-02 00:00:00+00:00,3,1.5502506217998342
2026-02-03 00:00:00+00:00,3,1.4558301631708266
2026-02-04 00:00:00+00:00,3,1.3750502433501706
2026-02-05 00:00:00+00:00,3,1.0561882828726985
2026-02-06 00:00:00+00:00,3,1.2988915341071101
2026-02-07 00:00:00+00:00,3,1.2595368798894013
2026-02-08 00:00:00+00:00,3,1.2899086637027501
2026-02-09 00:00:00+00:00,3,1.2854600845547774
2026-02-10 00:00:00+00:00,3,1.2444551704468978
2026-02-11 00:00:00+00:00,3,1.1887652370208088
2026-02-12 00:00:00+00:00,3,1.1649647953333964
2026-02-13 00:00:00+00:00,3,1.2464294462511298
2026-02-14 00:00:00+00:00,3,1.274545915121672
2026-02-15 00:00:00+00:00,3,1.2442767443958611
2026-02-16 00:00:00+00:00,3,1.2459755342403733
2026-02-17 00:00:00+00:00,3,1.2042870962482108
2026-02-18 00:00:00+00:00,3,1.1712531667802866
2026-02-19 00:00:00+00:00,3,1.1877007167785611
2026-02-20 00:00:00+00:00,3,1.2200856486481273
2026-02-21 00:00:00+00:00,3,1.2200344628256377
2026-02-22 00:00:00+00:00,3,1.2093916748287505
2026-02-23 00:00:00+00:00,3,1.1153595765557547
2026-02-24 00:00:00+00:00,3,1.098773197086105
2026-02-25 00:00:00+00:00,3,1.2186857646915494
2026-02-26 00:00:00+00:00,3,1.203037148120718
2026-02-27 00:00:00+00:00,3,1.154455766514147
2026-02-28 00:00:00+00:00,3,1.1888854754151477
2026-03-01 00:00:00+00:00,3,1.1500149135280593
2026-03-02 00:00:00+00:00,3,1.2438955065953374
2026-03-03 00:00:00+00:00,3,1.2289931889741061
2026-03-04 00:00:00+00:00,3,1.3654968441790991
2026-03-05 00:00:00+00:00,3,1.307722054256796
2026-03-06 00:00:00+00:00,3,1.2241363304590114
2026-03-07 00:00:00+00:00,3,1.1974378537369654
2026-03-08 00:00:00+00:00,3,1.1571748926126257
2026-03-09 00:00:00+00:00,3,1.232353586509058
2026-03-10 00:00:00+00:00,3,1.279468928897909
2026-03-11 00:00:00+00:00,3,1.2880592137014764
2026-03-12 00:00:00+00:00,3,1.2969776189426063
2026-03-13 00:00:00+00:00,3,1.3116512904605468
2026-03-14 00:00:00+00:00,3,1.319264940113311
2026-03-15 00:00:00+00:00,3,1.367948693364861
2026-03-16 00:00:00+00:00,3,1.431957530158299
2026-03-17 00:00:00+00:00,3,1.4029501382453677
2026-03-18 00:00:00+00:00,3,1.3202215355317244
2026-03-19 00:00:00+00:00,3,1.2790321593088352
2026-03-20 00:00:00+00:00,3,1.2978777168022342
2026-03-21 00:00:00+00:00,3,1.2419074685652474
2026-03-22 00:00:00+00:00,3,1.2151343860924972
2026-03-23 00:00:00+00:00,3,1.3100007891278174
2026-03-24 00:00:00+00:00,3,1.2977316440540918
2026-03-25 00:00:00+00:00,3,1.3222088492341377
2026-03-26 00:00:00+00:00,3,1.2443829791217829
2026-03-27 00:00:00+00:00,3,1.1685661525421434
2026-03-28 00:00:00+00:00,3,1.1679888633837823
2026-03-29 00:00:00+00:00,3,1.156715668865573
2026-03-30 00:00:00+00:00,3,1.1794776661071007
2026-03-31 00:00:00+00:00,3,1.2271285280916209
2026-04-01 00:00:00+00:00,3,1.2223457924421122
2026-04-02 00:00:00+00:00,3,1.1855697447535947
2026-04-03 00:00:00+00:00,3,1.1868841580443172
2026-04-04 00:00:00+00:00,3,1.197991722967112
2026-04-05 00:00:00+00:00,3,1.25026331264411
2026-04-06 00:00:00+00:00,3,1.2464907726610936
2026-04-07 00:00:00+00:00,3,1.3417041286535718
2026-04-08 00:00:00+00:00,3,1.3164444081400888
2026-04-09 00:00:00+00:00,3,1.336361487709944
2026-04-10 00:00:00+00:00,3,1.373793776273587
2026-04-11 00:00:00+00:00,3,1.3761186266733607
2026-04-12 00:00:00+00:00,3,1.3050111372053204
2026-04-13 00:00:00+00:00,3,1.4203236204570737
2026-04-14 00:00:00+00:00,3,1.4109585464819545
2026-04-15 00:00:00+00:00,3,1.4302266284534513
2026-04-16 00:00:00+00:00,3,1.4409522312480456
2026-04-17 00:00:00+00:00,3,1.5019809425368198
2026-04-18 00:00:00+00:00,3,1.4586939133620942
2026-04-19 00:00:00+00:00,3,1.4009065684267277
2026-04-20 00:00:00+00:00,3,1.4632156496054178
2026-04-21 00:00:00+00:00,3,1.4780576065869206
2026-04-22 00:00:00+00:00,3,1.5352413451250044
2026-04-23 00:00:00+00:00,3,1.5372764644540826
2026-04-24 00:00:00+00:00,3,1.5121311877135244
2026-04-25 00:00:00+00:00,3,1.5169740425602023
2026-04-26 00:00:00+00:00,3,1.5492855758918587
2026-04-27 00:00:00+00:00,3,1.5093903317847435
2026-04-28 00:00:00+00:00,3,1.477992658538573
2026-04-29 00:00:00+00:00,3,1.4602367313135485
2026-04-30 00:00:00+00:00,3,1.4765601798365418
2026-05-01 00:00:00+00:00,3,1.5344964948307578
2026-05-02 00:00:00+00:00,3,1.549276642517179
2026-05-03 00:00:00+00:00,3,1.5455982651321385
2026-05-04 00:00:00+00:00,3,1.5854553613149456
2026-05-05 00:00:00+00:00,3,1.619424156370981
2026-05-06 00:00:00+00:00,3,1.6348912081375098
2026-05-07 00:00:00+00:00,3,1.591082663035532
2026-05-08 00:00:00+00:00,3,1.5965457838160575
2026-05-09 00:00:00+00:00,3,1.6113058917700886
2026-05-10 00:00:00+00:00,3,1.62499978938396
